date,bullish,neutral,bearish,bull_bear_spread
1987-07-24,36,50,14,22
1987-07-31,26,48,26,0
1987-08-07,56,15,29,27
1987-08-14,45,35,20,25
1987-08-21,66,28,6,60
1987-08-28,52,18,30,22
1987-09-04,42,17,41,1
1987-09-11,50,23,27,23
1987-09-18,60,29,11,49
1987-09-25,53,17,30,23
1987-10-02,44,26,30,14
1987-10-09,46,39,15,31
1987-10-16,37,30,33,4
1987-10-23,39,30,31,8
1987-10-30,44,23,33,11
1987-11-06,47,31,22,25
1987-11-13,31,41,28,3
1987-11-20,39,42,19,20
1987-11-27,27,46,27,0
1987-12-04,25,33,42,-17
1987-12-11,23,45,32,-9
1987-12-18,33,40,27,6
1987-12-24,28,52,20,8
1987-12-31,25,49,26,-1
1988-01-08,34,46,20,14
1988-01-15,34,40,26,8
1988-01-22,21,48,31,-10
1988-01-29,26,45,29,-3
1988-02-05,32,53,15,17
1988-02-12,32,46,22,10
1988-02-19,27,49,24,3
1988-02-26,30,51,19,11
1988-03-04,38,40,22,16
1988-03-11,43,40,17,26
1988-03-18,41,49,10,31
1988-03-25,45,38,17,28
1988-04-01,35,45,20,15
1988-04-08,33,48,19,14
1988-04-15,23,53,24,-1
1988-04-22,23,57,20,3
1988-04-29,22,48,30,-8
1988-05-06,38,42,20,18
1988-05-13,19,56,25,-6
1988-05-20,23,52,25,-2
1988-05-27,28,52,20,8
1988-06-03,26,62,12,14
1988-06-10,28,49,23,5
1988-06-17,29,50,21,8
1988-06-24,33,44,23,10
1988-07-01,45,38,17,28
1988-07-08,35,50,15,20
1988-07-15,26,37,37,-11
1988-07-22,16,58,26,-10
1988-07-29,23,54,23,0
1988-08-05,21,49,30,-9
1988-08-12,26,48,26,0
1988-08-19,19,53,28,-9
1988-08-26,28,40,32,-4
1988-09-02,18,43,39,-21
1988-09-09,17,52,31,-14
1988-09-16,24,46,30,-6
1988-09-23,20,53,27,-7
1988-09-30,26,44,30,-4
1988-10-07,13,49,38,-25
1988-10-14,22,46,32,-10
1988-10-21,26,51,23,3
1988-10-28,40,38,22,18
1988-11-04,35,46,19,16
1988-11-11,23,56,21,2
1988-11-18,30,34,36,-6
1988-11-25,17,44,39,-22
1988-12-02,19,47,34,-15
1988-12-09,17,44,39,-22
1988-12-16,24,54,22,2
1988-12-23,22,46,32,-10
1988-12-30,24,54,22,2
1989-01-06,26,51,23,3
1989-01-13,36,44,20,16
1989-01-20,36,47,17,19
1989-01-27,32,49,19,13
1989-02-03,33,44,23,10
1989-02-10,43,31,26,17
1989-02-17,42,41,17,25
1989-02-24,29,45,26,3
1989-03-03,29,35,36,-7
1989-03-10,13,52,35,-22
1989-03-17,28,43,29,-1
1989-03-23,29,41,30,-1
1989-03-31,18,42,40,-22
1989-04-07,23,45,32,-9
1989-04-14,25,42,33,-8
1989-04-21,21,51,28,-7
1989-04-28,31,40,29,2
1989-05-05,30,40,30,0
1989-05-12,38,43,19,19
1989-05-19,43,38,19,24
1989-05-26,48,31,21,27
1989-06-02,42,27,31,11
1989-06-09,43,34,23,20
1989-06-16,32,37,31,1
1989-06-23,33,22,45,-12
1989-06-30,40,34,26,14
1989-07-07,37,32,31,6
1989-07-14,22,30,48,-26
1989-07-21,32,39,29,3
1989-07-28,41,25,34,7
1989-08-04,35,30,35,0
1989-08-11,53,21,26,27
1989-08-18,35,28,37,-2
1989-08-25,45,24,31,14
1989-09-01,34,30,36,-2
1989-09-08,30,30,40,-10
1989-09-15,31,44,25,6
1989-09-22,24,37,39,-15
1989-09-29,33,38,29,4
1989-10-06,24,43,33,-9
1989-10-13,28,52,20,8
1989-10-20,39,28,33,6
1989-10-27,36,33,31,5
1989-11-03,37,31,32,5
1989-11-10,27,37,36,-9
1989-11-17,24,28,48,-24
1989-11-22,27,40,33,-6
1989-12-01,28,40,32,-4
1989-12-08,31,41,28,3
1989-12-15,42,30,28,14
1989-12-22,36,32,32,4
1989-12-29,35,31,34,1
1990-01-05,40,30,30,10
1990-01-12,45,38,17,28
1990-01-19,31,49,20,11
1990-01-26,24,38,38,-14
1990-02-02,15,37,48,-33
1990-02-09,19,30,51,-32
1990-02-16,23,43,34,-11
1990-02-23,24,38,38,-14
1990-03-02,21,37,42,-21
1990-03-09,22,42,36,-14
1990-03-16,25,35,40,-15
1990-03-23,37,39,24,13
1990-03-30,34,35,31,3
1990-04-06,38,37,25,13
1990-04-12,27,56,17,10
1990-04-20,34,43,23,11
1990-04-27,28,35,37,-9
1990-05-04,20,35,45,-25
1990-05-11,28,38,34,-6
1990-05-18,37,35,28,9
1990-05-25,39,32,29,10
1990-06-01,37,28,35,2
1990-06-08,35,35,30,5
1990-06-15,43,32,25,18
1990-06-22,34,32,34,0
1990-06-29,31,31,38,-7
1990-07-06,28,34,38,-10
1990-07-13,40,30,30,10
1990-07-20,40,30,30,10
1990-07-27,52,24,24,28
1990-08-03,26,28,46,-20
1990-08-10,25,21,54,-29
1990-08-17,18,23,59,-41
1990-08-24,25,24,51,-26
1990-08-31,23,16,61,-38
1990-09-07,33,18,49,-16
1990-09-14,16,33,51,-35
1990-09-21,13,31,56,-43
1990-09-28,26,20,54,-28
1990-10-05,15,26,59,-44
1990-10-12,21,27,52,-31
1990-10-19,13,20,67,-54
1990-10-26,23,19,58,-35
1990-11-02,20,36,44,-24
1990-11-09,20,32,48,-28
1990-11-16,12,33,55,-43
1990-11-21,16,37,47,-31
1990-11-30,22,33,45,-23
1990-12-07,26,33,41,-15
1990-12-14,31,31,38,-7
1990-12-21,16,34,50,-34
1990-12-28,30,30,40,-10
1991-01-04,31,39,30,1
1991-01-11,22,30,48,-26
1991-01-18,22,27,51,-29
1991-01-25,25,25,50,-25
1991-02-01,29,29,42,-13
1991-02-08,36,28,36,0
1991-02-15,46,30,24,22
1991-02-22,57,20,23,34
1991-03-01,50,18,32,18
1991-03-08,50,21,29,21
1991-03-15,55,22,23,32
1991-03-22,42,31,27,15
1991-03-29,47,28,25,22
1991-04-05,58,22,20,38
1991-04-12,43,32,25,18
1991-04-19,39,39,22,17
1991-04-26,55,28,17,38
1991-05-03,39,33,28,11
1991-05-10,38,34,28,10
1991-05-17,42,32,26,16
1991-05-24,38,39,23,15
1991-05-31,42,35,23,19
1991-06-07,46,37,17,29
1991-06-14,47,31,22,25
1991-06-21,44,40,16,28
1991-06-28,28,37,35,-7
1991-07-03,28,39,33,-5
1991-07-12,41,39,20,21
1991-07-19,27,51,22,5
1991-07-26,35,42,23,12
1991-08-02,33,36,31,2
1991-08-09,26,45,29,-3
1991-08-16,37,33,30,7
1991-08-23,32,36,32,0
1991-08-30,41,40,19,22
1991-09-06,36,31,33,3
1991-09-13,43,39,18,25
1991-09-20,32,48,20,12
1991-09-27,31,38,31,0
1991-10-04,35,30,35,0
1991-10-11,39,37,24,15
1991-10-18,30,31,39,-9
1991-10-25,31,36,33,-2
1991-11-01,52,12,36,16
1991-11-08,32,36,32,0
1991-11-15,38,33,29,9
1991-11-22,48,32,20,28
1991-11-27,33,27,40,-7
1991-12-06,23,32,45,-22
1991-12-13,33,36,31,2
1991-12-20,36,30,34,2
1991-12-27,39,29,32,7
1992-01-03,49,20,31,18
1992-01-10,48,27,25,23
1992-01-17,51,21,28,23
1992-01-24,46,25,29,17
1992-01-31,47,26,27,20
1992-02-07,36,39,25,11
1992-02-14,46,28,26,20
1992-02-21,47,25,28,19
1992-02-28,43,36,21,22
1992-03-06,45,29,26,19
1992-03-13,38,35,27,11
1992-03-20,48,29,23,25
1992-03-27,43,35,22,21
1992-04-03,35,42,23,12
1992-04-10,43,27,30,13
1992-04-17,37,38,25,12
1992-04-24,52,34,14,38
1992-05-01,29,36,35,-6
1992-05-08,43,31,26,17
1992-05-15,40,37,23,17
1992-05-22,48,24,28,20
1992-05-29,41,43,16,25
1992-06-05,41,40,19,22
1992-06-12,31,46,23,8
1992-06-19,35,37,28,7
1992-06-26,39,34,27,12
1992-07-02,21,44,35,-14
1992-07-09,23,42,35,-12
1992-07-17,29,40,31,-2
1992-07-24,32,44,24,8
1992-07-31,22,47,31,-9
1992-08-05,28,39,33,-5
1992-08-14,26,37,37,-11
1992-08-21,22,34,44,-22
1992-08-28,30,37,33,-3
1992-09-04,14,44,42,-28
1992-09-11,22,39,39,-17
1992-09-18,21,42,37,-16
1992-09-25,25,34,41,-16
1992-10-02,30,35,35,-5
1992-10-09,21,35,44,-23
1992-10-16,20,24,56,-36
1992-10-23,21,32,47,-26
1992-10-30,35,35,30,5
1992-11-06,49,27,24,25
1992-11-13,37,44,19,18
1992-11-20,48,38,14,34
1992-11-25,43,37,20,23
1992-12-04,37,39,24,13
1992-12-11,43,42,15,28
1992-12-18,63,27,10,53
1992-12-24,55,30,15,40
1993-01-01,60,27,13,47
1993-01-08,20,49,31,-11
1993-01-15,54,32,14,40
1993-01-22,41,38,21,20
1993-01-29,40,37,23,17
1993-02-05,44,34,22,22
1993-02-12,47,31,22,25
1993-02-19,46,27,27,19
1993-02-26,34,32,34,0
1993-03-05,27,36,37,-10
1993-03-12,45,33,22,23
1993-03-19,41,32,27,14
1993-03-26,43,34,23,20
1993-04-02,37,36,27,10
1993-04-09,32,39,29,3
1993-04-16,31,35,34,-3
1993-04-23,28,42,30,-2
1993-04-30,22,37,41,-19
1993-05-07,21,45,34,-13
1993-05-14,20,41,39,-19
1993-05-21,21,34,45,-24
1993-05-28,24,37,39,-15
1993-06-04,33,39,28,5
1993-06-11,23,36,41,-18
1993-06-18,22,35,43,-21
1993-06-25,28,38,34,-6
1993-07-02,18,44,38,-20
1993-07-09,21,45,34,-13
1993-07-16,22,44,34,-12
1993-07-23,24,43,33,-9
1993-07-30,25,45,30,-5
1993-08-06,26,42,32,-6
1993-08-13,25,41,34,-9
1993-08-20,29,41,30,-1
1993-08-27,27,35,38,-11
1993-09-03,38,33,29,9
1993-09-10,30,30,40,-10
1993-09-17,32,34,34,-2
1993-09-24,28,40,32,-4
1993-10-01,26,34,40,-14
1993-10-08,29,37,34,-5
1993-10-15,31,38,31,0
1993-10-22,42,30,28,14
1993-10-29,43,33,24,19
1993-11-04,32,36,32,0
1993-11-11,35,30,35,0
1993-11-18,34,31,35,-1
1993-11-24,45,30,25,20
1993-12-02,33,32,35,-2
1993-12-09,37,39,24,13
1993-12-16,33,38,29,4
1993-12-23,36,31,33,3
1993-12-30,44,28,28,16
1994-01-06,40,33,27,13
1994-01-13,38,31,31,7
1994-01-20,48,26,26,22
1994-01-27,41,25,34,7
1994-02-03,38,29,33,5
1994-02-10,49,27,24,25
1994-02-17,40,36,24,16
1994-02-24,41,30,29,12
1994-03-03,31,42,27,4
1994-03-10,29,34,37,-8
1994-03-17,24,41,35,-11
1994-03-24,29,37,34,-5
1994-03-31,23,33,44,-21
1994-04-07,28,31,41,-13
1994-04-14,29,23,48,-19
1994-04-21,26,41,33,-7
1994-04-28,27,35,38,-11
1994-05-05,32,32,36,-4
1994-05-12,38,32,30,8
1994-05-19,22,36,42,-20
1994-05-26,29,33,38,-9
1994-06-02,39,36,25,14
1994-06-09,28,47,25,3
1994-06-16,32,42,26,6
1994-06-23,29,45,26,3
1994-06-30,32,37,31,1
1994-07-07,28,32,40,-12
1994-07-14,25,40,35,-10
1994-07-21,34,38,28,6
1994-07-28,27,42,31,-4
1994-08-04,22,52,26,-4
1994-08-11,34,37,29,5
1994-08-18,30,40,30,0
1994-08-25,32,39,29,3
1994-09-01,43,34,23,20
1994-09-08,47,33,20,27
1994-09-15,45,25,30,15
1994-09-22,37,36,27,10
1994-09-29,38,32,30,8
1994-10-06,33,39,28,5
1994-10-13,35,39,26,9
1994-10-20,39,33,28,11
1994-10-27,43,38,19,24
1994-11-03,40,35,25,15
1994-11-10,37,31,32,5
1994-11-17,39,22,39,0
1994-11-23,39,32,29,10
1994-11-30,44,30,26,18
1994-12-08,30,35,35,-5
1994-12-15,33,35,32,1
1994-12-22,42,25,33,9
1994-12-29,40,43,17,23
1995-01-05,44,31,25,19
1995-01-12,36,42,22,14
1995-01-19,37,39,24,13
1995-01-26,38,37,25,13
1995-02-02,38,37,25,13
1995-02-09,34,43,23,11
1995-02-16,43,37,20,23
1995-02-23,46,37,17,29
1995-03-02,53,26,21,32
1995-03-09,48,34,18,30
1995-03-16,39,41,20,19
1995-03-23,47,30,23,24
1995-03-30,52,23,25,27
1995-04-06,42,25,33,9
1995-04-13,40,23,37,3
1995-04-20,37,27,36,1
1995-04-27,52,29,19,33
1995-05-04,42,27,31,11
1995-05-11,44,26,30,14
1995-05-18,42,23,35,7
1995-05-25,44,26,30,14
1995-06-01,39,34,27,12
1995-06-08,44,25,31,13
1995-06-15,36,31,33,3
1995-06-22,48,21,31,17
1995-06-29,35,28,37,-2
1995-07-06,35,34,31,4
1995-07-13,44,18,38,6
1995-07-20,43,30,27,16
1995-07-27,41,26,33,8
1995-08-03,38,34,28,10
1995-08-10,40,30,30,10
1995-08-17,36,43,21,15
1995-08-24,35,28,37,-2
1995-08-31,38,42,20,18
1995-09-07,37,36,27,10
1995-09-14,46,32,22,24
1995-09-21,46,25,29,17
1995-09-28,42,27,31,11
1995-10-05,39,37,24,15
1995-10-12,41,30,29,12
1995-10-19,47,32,21,26
1995-10-26,46,33,21,25
1995-11-02,47,34,19,28
1995-11-09,49,35,16,33
1995-11-16,46,31,23,23
1995-11-22,48,18,34,14
1995-11-30,51,30,19,32
1995-12-07,48,28,24,24
1995-12-14,51,23,26,25
1995-12-21,48,28,24,24
1995-12-28,46,34,20,26
1996-01-04,55,18,27,28
1996-01-18,42,29,29,13
1996-01-25,36,40,24,12
1996-02-01,54,31,15,39
1996-02-08,53,31,16,37
1996-02-15,54,21,25,29
1996-02-22,49,22,29,20
1996-02-29,45,28,27,18
1996-03-07,44,28,28,16
1996-03-14,36,35,29,7
1996-03-21,47,31,22,25
1996-03-28,45,31,24,21
1996-04-04,40,43,17,23
1996-04-11,40,42,18,22
1996-04-18,36,38,26,10
1996-04-25,28,40,32,-4
1996-05-02,48,31,21,27
1996-05-09,46,38,16,30
1996-05-16,37,40,23,14
1996-05-23,51,35,14,37
1996-05-30,61,29,10,51
1996-06-06,47,28,25,22
1996-06-13,49,28,23,26
1996-06-20,42,32,26,16
1996-06-27,42,41,17,25
1996-07-03,32,44,24,8
1996-07-11,40,35,25,15
1996-07-18,29,45,26,3
1996-07-25,30,32,38,-8
1996-08-01,29,38,33,-4
1996-08-08,27,42,31,-4
1996-08-15,43,37,20,23
1996-08-22,28,46,26,2
1996-08-29,28,43,29,-1
1996-09-05,29,35,36,-7
1996-09-12,26,46,28,-2
1996-09-19,28,41,31,-3
1996-09-26,34,39,27,7
1996-10-03,40,31,29,11
1996-10-10,38,36,26,12
1996-10-17,39,36,25,14
1996-10-24,42,33,25,17
1996-10-31,37,29,34,3
1996-11-07,26,45,29,-3
1996-11-14,37,34,29,8
1996-11-21,43,30,27,16
1996-11-27,52,27,21,31
1996-12-05,41,26,33,8
1996-12-12,40,28,32,8
1996-12-19,33,28,39,-6
1996-12-26,37,33,30,7
1997-01-02,43,33,24,19
1997-01-09,36,39,25,11
1997-01-16,42,32,26,16
1997-01-23,37,41,22,15
1997-01-30,51,33,16,35
1997-02-06,47,29,24,23
1997-02-13,45,37,18,27
1997-02-20,44,36,20,24
1997-02-27,63,22,15,48
1997-03-06,43,37,20,23
1997-03-13,34,36,30,4
1997-03-20,36,42,22,14
1997-03-27,27,40,33,-6
1997-04-03,29,40,31,-2
1997-04-10,26,37,37,-11
1997-04-17,31,41,28,3
1997-04-24,28,40,32,-4
1997-05-01,27,44,29,-2
1997-05-08,30,44,26,4
1997-05-15,41,36,23,18
1997-05-22,40,35,25,15
1997-05-29,40,40,20,20
1997-06-05,52,33,15,37
1997-06-12,49,35,16,33
1997-06-19,59,26,15,44
1997-06-26,52,25,23,29
1997-07-03,45,30,25,20
1997-07-10,49,33,18,31
1997-07-17,54,30,16,38
1997-07-24,53,25,22,31
1997-07-31,48,26,26,22
1997-08-07,49,28,23,26
1997-08-14,49,30,21,28
1997-08-21,47,33,20,27
1997-08-28,50,28,22,28
1997-09-04,37,38,25,12
1997-09-11,42,36,22,20
1997-09-18,40,44,16,24
1997-09-25,39,42,19,20
1997-10-02,38,43,19,19
1997-10-09,43,43,14,29
1997-10-16,43,36,21,22
1997-10-23,40,46,14,26
1997-10-30,41,36,23,18
1997-11-06,38,37,25,13
1997-11-13,45,38,17,28
1997-11-20,40,38,22,18
1997-11-26,40,40,20,20
1997-12-04,49,33,18,31
1997-12-11,46,37,17,29
1997-12-18,40,41,19,21
1997-12-24,41,36,23,18
1997-12-31,34,35,31,3
1998-01-08,42,40,18,24
1998-01-16,38,45,17,21
1998-01-23,31,39,30,1
1998-01-30,38,42,20,18
1998-02-05,30,45,25,5
1998-02-12,45,36,19,26
1998-02-19,42,43,15,27
1998-02-26,53,33,14,39
1998-03-05,53,34,13,40
1998-03-12,44,36,20,24
1998-03-19,40,38,22,18
1998-03-26,45,35,20,25
1998-04-02,46,32,22,24
1998-04-09,41,36,23,18
1998-04-16,53,32,15,38
1998-04-23,40,38,22,18
1998-04-30,44,31,25,19
1998-05-07,43,34,23,20
1998-05-14,33,41,26,7
1998-05-21,38,39,23,15
1998-05-28,34,40,26,8
1998-06-04,25,44,31,-6
1998-06-11,27,49,24,3
1998-06-18,29,38,33,-4
1998-06-25,28,44,28,0
1998-07-02,33,48,19,14
1998-07-09,36,44,20,16
1998-07-16,35,44,21,14
1998-07-23,37,39,24,13
1998-07-30,44,36,20,24
1998-08-06,30,44,26,4
1998-08-13,27,38,35,-8
1998-08-20,25,42,33,-8
1998-08-27,23,32,45,-22
1998-09-03,23,37,40,-17
1998-09-10,29,31,40,-11
1998-09-17,34,35,31,3
1998-09-24,34,38,28,6
1998-10-01,32,35,33,-1
1998-10-08,25,43,32,-7
1998-10-15,25,34,41,-16
1998-10-22,32,35,33,-1
1998-10-29,43,36,21,22
1998-11-05,38,42,20,18
1998-11-12,50,36,14,36
1998-11-19,40,42,18,22
1998-11-25,48,35,17,31
1998-12-03,49,30,21,28
1998-12-10,44,30,26,18
1998-12-17,41,34,25,16
1998-12-23,34,34,32,2
1998-12-31,41,37,22,19
1999-01-07,38,39,23,15
1999-01-14,51,28,21,30
1999-01-21,56,24,20,36
1999-01-28,47,33,20,27
1999-02-04,48,38,14,34
1999-02-11,48,35,17,31
1999-02-18,37,39,24,13
1999-02-25,37,39,24,13
1999-03-04,36,45,19,17
1999-03-11,37,42,21,16
1999-03-18,48,31,21,27
1999-03-25,38,33,29,9
1999-04-01,40,35,25,15
1999-04-08,36,38,26,10
1999-04-15,41,31,28,13
1999-04-22,38,32,30,8
1999-04-29,41,32,27,14
1999-05-06,54,32,14,40
1999-05-13,43,31,26,17
1999-05-20,43,31,26,17
1999-05-27,38,42,20,18
1999-06-03,32,36,32,0
1999-06-10,32,40,28,4
1999-06-17,38,35,27,11
1999-06-24,30,39,31,-1
1999-07-01,35,38,27,8
1999-07-08,43,36,21,22
1999-07-15,54,28,18,36
1999-07-22,55,23,22,33
1999-07-29,42,38,20,22
1999-08-05,30,46,24,6
1999-08-12,30,40,30,0
1999-08-19,31,46,23,8
1999-08-26,35,40,25,10
1999-09-02,44,38,18,26
1999-09-09,37,38,25,12
1999-09-16,36,43,21,15
1999-09-23,36,36,28,8
1999-09-30,35,42,23,12
1999-10-07,34,38,28,6
1999-10-14,42,39,19,23
1999-10-21,38,37,25,13
1999-10-28,38,38,24,14
1999-11-04,43,35,22,21
1999-11-11,48,26,26,22
1999-11-18,46,32,22,24
1999-11-24,55,28,17,38
1999-12-02,62,25,13,49
1999-12-09,62,27,11,51
1999-12-16,54,26,20,34
1999-12-23,52,31,17,35
1999-12-30,60,25,15,45
2000-01-06,75,11.66,13.33,61.67
2000-01-13,59.26,22.22,18.52,40.74
2000-01-20,57.14,25,17.86,39.28
2000-01-27,53.7,25.93,20.37,33.33
2000-02-03,51.11,24.44,24.44,26.67
2000-02-10,41.86,30.23,27.91,13.95
2000-02-17,27.27,48.48,24.24,3.03
2000-02-24,41.38,27.59,31.03,10.35
2000-03-02,36.67,40,23.33,13.34
2000-03-08,58.33,25,16.67,41.66
2000-03-16,50,23.33,26.67,23.33
2000-03-23,65.71,14.29,20,45.71
2000-03-30,38.89,11.11,50,-11.11
2000-04-06,45.83,33.33,20.83,25
2000-04-13,51.85,18.52,29.63,22.22
2000-04-20,63.73,13.73,22.55,41.18
2000-04-27,61.29,24.19,14.52,46.77
2000-05-04,34.78,30.43,34.78,0
2000-05-11,30.23,44.19,25.58,4.65
2000-05-18,35.29,23.53,41.18,-5.89
2000-05-25,34.92,28.57,36.51,-1.59
2000-06-01,41.67,20.83,37.5,4.17
2000-06-08,61.54,15.38,23.08,38.46
2000-06-15,43.75,37.5,18.75,25
2000-06-22,26.67,33.33,40,-13.33
2000-07-06,56.1,28.05,15.85,40.25
2000-07-13,65,15,20,45
2000-07-20,66.67,21.33,12,54.67
2000-07-27,42.86,37.14,20,22.86
2000-08-03,41.3,34.78,23.91,17.39
2000-08-10,54.1,34.43,11.48,42.62
2000-08-17,59.38,21.88,18.75,40.63
2000-08-23,57.69,19.23,23.08,34.61
2000-08-31,55.88,26.47,17.65,38.23
2000-09-07,62.5,29.17,8.33,54.17
2000-09-14,41.18,35.29,23.53,17.65
2000-09-21,43.75,37.5,18.75,25
2000-09-28,53.33,40,6.67,46.66
2000-10-05,41.94,32.26,25.81,16.13
2000-10-12,41.46,26.83,31.71,9.75
2000-10-19,48.89,26.67,24.44,24.45
2000-10-26,64.1,17.95,17.95,46.15
2000-11-02,51.61,25.81,22.58,29.03
2000-11-09,62.86,28.57,8.57,54.29
2000-11-16,45.83,37.5,16.67,29.16
2000-11-23,36.51,26.98,36.51,0
2000-11-30,60.42,22.92,16.67,43.75
2000-12-07,47.06,15.69,37.25,9.81
2000-12-14,59.62,7.69,32.69,26.93
2000-12-21,31.11,17.78,51.11,-20
2000-12-28,40,28,32,8
2001-01-04,42.59,33.33,24.07,18.52
2001-01-11,35.71,21.43,42.86,-7.15
2001-01-18,36.59,39.02,24.39,12.2
2001-01-25,49.23,24.62,26.15,23.08
2001-02-01,50,30.77,19.23,30.77
2001-02-08,55.56,30,14.44,41.12
2001-02-15,30.43,47.83,21.74,8.69
2001-02-22,26.32,35.09,38.6,-12.28
2001-03-01,45.95,20.27,33.78,12.17
2001-03-08,31.63,36.73,31.63,0
2001-03-15,30.91,32.73,36.36,-5.45
2001-03-22,27.78,25,47.22,-19.44
2001-03-29,37.25,35.29,27.45,9.8
2001-04-05,35.14,26.13,38.74,-3.6
2001-04-12,30.3,28.79,40.91,-10.61
2001-04-19,43.75,25,31.25,12.5
2001-04-26,46.55,22.41,31.03,15.52
2001-05-03,63.51,14.87,21.62,41.89
2001-05-10,53.33,28.89,17.78,35.55
2001-05-17,51.76,29.41,18.82,32.94
2001-05-24,61.9,21.43,16.67,45.23
2001-05-31,49.35,22.08,28.57,20.78
2001-06-07,42.55,31.91,25.53,17.02
2001-06-14,30.51,47.46,22.03,8.48
2001-06-21,33.33,43.33,23.33,10
2001-06-28,30.38,36.71,32.91,-2.53
2001-07-05,40.74,40.74,18.52,22.22
2001-07-12,25.27,38.46,36.26,-10.99
2001-07-19,50,34.78,15.22,34.78
2001-07-26,29.52,32.38,38.1,-8.58
2001-08-02,36.36,27.27,36.36,0
2001-08-09,34.94,37.35,27.71,7.23
2001-08-16,35.42,27.08,37.5,-2.08
2001-08-23,34.48,34.48,31.03,3.45
2001-08-30,31.43,45.71,22.86,8.57
2001-09-06,30.34,35.96,33.71,-3.37
2001-09-13,26.67,36.67,36.67,-10
2001-09-20,31.08,24.32,44.59,-13.51
2001-09-27,51.11,26.67,22.22,28.89
2001-10-04,51.22,19.51,29.27,21.95
2001-10-11,47.37,24.56,28.07,19.3
2001-10-18,60.56,18.31,21.13,39.43
2001-10-25,55.88,26.47,17.65,38.23
2001-11-01,35,31.67,33.33,1.67
2001-11-08,34.62,23.08,42.31,-7.69
2001-11-15,45.45,21.21,33.33,12.12
2001-11-22,58.33,16.67,25,33.33
2001-11-29,69.33,10.67,20,49.33
2001-12-06,59.18,16.33,24.49,34.69
2001-12-13,61.4,24.56,14.04,47.36
2001-12-20,52.46,21.31,26.23,26.23
2001-12-27,57.69,15.38,26.92,30.77
2002-01-03,51.11,24.44,24.44,26.67
2002-01-10,54.79,23.29,21.92,32.87
2002-01-17,29.55,40.91,29.55,0
2002-01-24,34.69,34.69,30.61,4.08
2002-01-31,45.45,31.82,22.73,22.72
2002-02-07,37.5,39.58,22.93,14.57
2002-02-14,45.16,38.71,16.13,29.03
2002-02-21,36.36,38.18,25.45,10.91
2002-02-28,44.44,35.19,20.37,24.07
2002-03-07,53.33,31.11,15.55,37.78
2002-03-14,56.45,29.03,14.52,41.93
2002-03-21,53.23,35.48,11.29,41.94
2002-03-28,51.16,25.58,23.26,27.9
2002-04-04,40.48,39.29,20.24,20.24
2002-04-11,28.21,38.46,33.33,-5.12
2002-04-18,40.2,36.59,23.17,17.03
2002-04-25,36.67,40,23.33,13.34
2002-05-02,27.03,39.64,33.33,-6.3
2002-05-09,30.26,28.95,40.79,-10.53
2002-05-16,36.79,34.91,28.3,8.49
2002-05-23,26.19,33.33,40.48,-14.29
2002-05-29,28.26,31.52,40.22,-11.96
2002-06-06,32.79,27.87,39.34,-6.55
2002-06-13,31.82,34.55,33.64,-1.82
2002-06-20,45.71,28.57,25.71,20
2002-06-27,30.97,23.01,46.02,-15.05
2002-07-03,26.56,26.56,46.88,-20.32
2002-07-11,35.05,22.68,42.27,-7.22
2002-07-18,26.25,20,53.75,-27.5
2002-07-25,27.91,23.26,48.84,-20.93
2002-08-01,34.21,34.21,31.58,2.63
2002-08-08,37.7,22.95,39.34,-1.64
2002-08-15,37.93,20.69,41.38,-3.45
2002-08-22,43.75,16.67,39.58,4.17
2002-08-29,50,20.97,29.03,20.97
2002-09-05,31.48,18.52,50,-18.52
2002-09-12,38.36,24.66,36.99,1.37
2002-09-19,33.78,22.97,43.24,-9.46
2002-09-26,24.51,28.43,47.06,-22.55
2002-10-03,35.21,16.9,47.89,-12.68
2002-10-10,28.85,16.35,54.81,-25.96
2002-10-17,39.47,21.05,39.47,0
2002-10-24,44.58,21.69,33.73,10.85
2002-10-31,51.47,20.59,27.94,23.53
2002-11-07,50,23.68,26.32,23.68
2002-11-14,48.65,18.92,32.43,16.22
2002-11-21,50.56,28.09,21.35,29.21
2002-11-28,51.06,17.02,31.91,19.15
2002-12-05,52.94,29.41,17.65,35.29
2002-12-12,41.38,34.48,24.14,17.24
2002-12-19,42.86,27.14,30,12.86
2002-12-26,40,28,32,8
2003-01-02,32.43,29.73,37.84,-5.41
2003-01-09,38.1,19.05,42.86,-4.76
2003-01-16,29.17,41.67,29.17,0
2003-01-23,25,31.82,43.18,-18.18
2003-01-30,25.53,26.6,47.87,-22.34
2003-02-06,22.86,51.43,25.71,-2.85
2003-02-13,21.9,40,38.1,-16.2
2003-02-20,21.05,21.05,57.89,-36.84
2003-02-27,26.02,26.83,47.15,-21.13
2003-03-06,33.33,27.27,39.39,-6.06
2003-03-13,34.29,14.29,51.43,-17.14
2003-03-20,42.86,19.05,38.1,4.76
2003-03-27,39.42,27.88,32.69,6.73
2003-04-03,32.35,29.41,38.24,-5.89
2003-04-10,38.46,30.77,30.77,7.69
2003-04-17,46.3,22.22,31.48,14.82
2003-04-24,63,18,19,44
2003-05-01,48.57,25.71,25.71,22.86
2003-05-08,52.8,28.8,18.4,34.4
2003-05-15,62.79,20.93,16.28,46.51
2003-05-22,38.46,25.96,35.58,2.88
2003-05-29,62.86,22.86,14.29,48.57
2003-06-05,52,28.8,19.2,32.8
2003-06-12,50,20.83,29.17,20.83
2003-06-19,56.41,7.69,35.9,20.51
2003-06-26,71.43,20,8.57,62.86
2003-07-03,41.18,23.53,35.29,5.89
2003-07-10,43.24,25.68,31.08,12.16
2003-07-17,51.26,20.17,28.57,22.69
2003-07-24,52,17.33,30.67,21.33
2003-07-31,51.54,32.31,16.15,35.39
2003-08-07,45.45,22.08,32.47,12.98
2003-08-14,50.56,25.84,23.6,26.96
2003-08-21,62.96,18.52,18.52,44.44
2003-08-28,56.7,20.62,22.68,34.02
2003-09-04,62.3,21.31,16.39,45.91
2003-09-11,58.14,24.42,17.44,40.7
2003-09-18,62.75,17.65,19.61,43.14
2003-09-25,57.28,20.39,22.33,34.95
2003-10-02,50,21.43,28.57,21.43
2003-10-09,57.58,19.19,23.23,34.35
2003-10-16,60.34,25.86,13.79,46.55
2003-10-23,52.78,30.56,16.67,36.11
2003-10-30,57.81,23.44,18.75,39.06
2003-11-06,57.58,25.76,16.67,40.91
2003-11-13,53.33,32.22,14.44,38.89
2003-11-20,53.23,25.81,20.97,32.26
2003-11-27,60.38,18.87,20.75,39.63
2003-12-04,69.37,16.22,14.41,54.96
2003-12-11,55.26,23.68,21.05,34.21
2003-12-18,60.2,20.41,19.39,40.81
2003-12-26,65.52,17.24,17.24,48.28
2004-01-01,62.41,24.11,13.48,48.93
2004-01-08,67.16,14.93,17.91,49.25
2004-01-15,66.29,23.6,10.11,56.18
2004-01-22,69.51,17.07,13.41,56.1
2004-01-29,56.88,28.13,15,41.88
2004-02-05,50.91,27.27,21.82,29.09
2004-02-12,56.1,29.27,14.63,41.47
2004-02-19,56.45,22.58,20.97,35.48
2004-02-26,41.58,27.89,30.53,11.05
2004-03-04,47.83,39.13,13.04,34.79
2004-03-11,41.29,25.16,33.55,7.74
2004-03-18,38.6,35.09,26.32,12.28
2004-03-25,31.48,25.93,42.59,-11.11
2004-04-01,55.17,22.41,22.41,32.76
2004-04-08,58.78,20.95,20.27,38.51
2004-04-15,63.75,22.5,13.75,50
2004-04-22,50,27.5,22.5,27.5
2004-04-29,50,28.79,21.21,28.79
2004-05-06,38.98,33.9,27.12,11.86
2004-05-13,32.89,23.68,43.42,-10.53
2004-05-20,36.67,23.33,40,-3.33
2004-05-27,36.11,23.61,40.28,-4.17
2004-06-03,33.33,40.48,26.19,7.14
2004-06-10,55.26,28.95,15.79,39.47
2004-06-17,41.41,30.47,28.13,13.28
2004-06-24,56.41,20.51,23.08,33.33
2004-07-01,56.97,27.27,15.76,41.21
2004-07-08,55.1,23.47,21.43,33.67
2004-07-15,47.37,28.95,23.68,23.69
2004-07-22,35.71,40.48,23.81,11.9
2004-07-29,34,30,36,-2
2004-08-05,30.99,35.21,33.8,-2.81
2004-08-12,38.57,21.43,40,-1.43
2004-08-19,34.88,30.23,34.88,0
2004-08-26,41.53,33.05,25.42,16.11
2004-09-02,41.51,30.19,28.3,13.21
2004-09-09,50.5,25.74,23.76,26.74
2004-09-16,45.45,22.73,31.82,13.63
2004-09-23,51.2,22,26.8,24.4
2004-09-30,41.07,19.64,39.29,1.78
2004-10-07,56.93,23.36,19.71,37.22
2004-10-14,44.71,27.06,28.24,16.47
2004-10-21,42.48,28.76,28.76,13.72
2004-10-28,42.31,25.96,31.73,10.58
2004-11-04,57.14,20,22.86,34.28
2004-11-11,62.5,15.91,21.59,40.91
2004-11-18,64.1,13.46,22.44,41.66
2004-11-24,49.48,23.71,26.8,22.68
2004-12-02,56.76,17.84,25.41,31.35
2004-12-09,51.35,23.42,25.23,26.12
2004-12-16,52.53,28.28,19.19,33.34
2004-12-23,60.23,21.59,18.18,42.05
2004-12-30,57.66,24.82,17.52,40.14
2005-01-06,38.1,27.38,34.52,3.58
2005-01-13,33.99,26.14,39.87,-5.88
2005-01-20,33.66,32.67,33.66,0
2005-01-27,26.43,37.14,36.43,-10
2005-02-03,41.67,33.33,25,16.67
2005-02-10,43.75,33.33,22.92,20.83
2005-02-17,36.36,33.77,29.87,6.49
2005-02-24,31.82,36.36,31.82,0
2005-03-03,39.51,33.33,27.16,12.35
2005-03-10,49.66,25.5,24.83,24.83
2005-03-17,32.47,35.06,32.47,0
2005-03-24,23.23,34.84,41.94,-18.71
2005-03-31,28.43,20.59,50.98,-22.55
2005-04-07,27.74,28.39,43.87,-16.13
2005-04-14,16.48,41.76,41.76,-25.28
2005-04-21,36.84,30.26,32.89,3.95
2005-04-28,29.75,35.54,34.71,-4.96
2005-05-05,28.57,26.53,44.9,-16.33
2005-05-12,30.52,33.12,36.36,-5.84
2005-05-19,38.92,32.43,28.65,10.27
2005-05-26,44.14,32.43,23.42,20.72
2005-06-02,48.61,31.94,19.44,29.17
2005-06-09,45.98,34.48,19.54,26.44
2005-06-16,48.05,33.12,18.83,29.22
2005-06-23,46.59,35.23,18.18,28.41
2005-06-30,45.89,24.66,29.45,16.44
2005-07-07,43.0108,36.5591,20.4301,22.5807
2005-07-14,57.89,28.07,14.04,43.85
2005-07-21,41.18,31.37,27.45,13.73
2005-07-28,57.52,24.84,17.65,39.87
2005-08-04,47.83,26.09,26.09,21.74
2005-08-11,39.74,31.41,28.85,10.89
2005-08-18,29.29,30.3,40.4,-11.11
2005-08-25,36.14,32.53,31.33,4.81
2005-09-01,31.76,30.59,37.65,-5.89
2005-09-08,42.31,25,32.69,9.62
2005-09-15,51.43,20,28.57,22.86
2005-09-22,39.47,28.07,32.46,7.01
2005-09-29,31.88,28.99,39.13,-7.25
2005-10-06,50,22.58,27.42,22.58
2005-10-13,38.96,12.99,48.05,-9.09
2005-10-20,43.11,20.96,35.93,7.18
2005-10-27,32.05,21.79,46.15,-14.1
2005-11-03,42.95,29.49,27.56,15.39
2005-11-10,58.62,18.39,22.99,35.63
2005-11-17,53.63,24.58,21.79,31.84
2005-11-24,57.33,26.67,16,41.33
2005-12-01,52.47,24.07,23.46,29.01
2005-12-08,49.47,31.58,18.95,30.52
2005-12-15,46.15,31.73,22.12,24.03
2005-12-22,41.03,30.77,28.21,12.82
2005-12-29,37.3,26.19,36.51,0.79
2006-01-05,29.35,30.43,40.22,-10.87
2006-01-12,58.96,21.97,19.08,39.88
2006-01-19,50,24.17,25.83,24.17
2006-01-26,30.77,35.9,33.33,-2.56
2006-02-02,44.7,21.97,33.33,11.37
2006-02-09,40.19,25.23,34.58,5.61
2006-02-16,40.18,24.11,35.71,4.47
2006-02-23,43.21,28.4,28.4,14.81
2006-03-02,40.94,29.92,29.13,11.81
2006-03-09,41.21,28.02,30.77,10.44
2006-03-16,46.55,20.69,32.76,13.79
2006-03-23,43.75,28.75,27.5,16.25
2006-03-30,37.21,30.23,32.56,4.65
2006-04-06,47.67,29.07,23.26,24.41
2006-04-13,45.36,26.8,27.84,17.52
2006-04-20,33.73,25.44,40.83,-7.1
2006-04-27,42.11,21.93,35.96,6.15
2006-05-04,45.89,20.55,33.56,12.33
2006-05-11,54.9,17.65,27.45,27.45
2006-05-18,39.39,16.97,43.64,-4.25
2006-05-25,33.04,21.43,45.54,-12.5
2006-06-01,30.77,19.23,50,-19.23
2006-06-08,26.23,28.69,45.08,-18.85
2006-06-15,26.41,18.61,54.98,-28.57
2006-06-22,34.4,24,41.6,-7.2
2006-06-29,38.6,21.64,39.77,-1.17
2006-07-06,37.7,19.67,42.62,-4.92
2006-07-13,36.5,24.09,39.42,-2.92
2006-07-20,23.85,18.35,57.8,-33.95
2006-07-27,34.88,22.09,43.02,-8.14
2006-08-03,31.46,21.35,47.19,-15.73
2006-08-10,36.59,21.95,41.46,-4.87
2006-08-17,30.53,33.68,35.79,-5.26
2006-08-24,39.35,23.23,37.42,1.93
2006-08-31,41.57,32.58,25.84,15.73
2006-09-07,42.99,27.1,29.91,13.08
2006-09-14,47.95,13.7,38.36,9.59
2006-09-21,47.75,18.02,34.23,13.52
2006-09-28,51.32,15.79,32.89,18.43
2006-10-05,37.78,15.56,46.67,-8.89
2006-10-12,48.98,13.27,37.76,11.22
2006-10-19,54.2,16.03,29.77,24.43
2006-10-26,52.17,17.39,30.43,21.74
2006-11-02,43.75,19.38,36.88,6.87
2006-11-09,50.6,22.89,26.51,24.09
2006-11-16,46.56,22.9,30.53,16.03
2006-11-23,41.94,16.13,41.94,0
2006-11-30,40.22,12.29,47.49,-7.27
2006-12-07,38.94,19.47,41.59,-2.65
2006-12-14,41.33,20.67,38,3.33
2006-12-21,39.08,18.39,42.53,-3.45
2006-12-28,46,18,36,10
2007-01-04,49.14,21.55,29.31,19.83
2007-01-11,44.44,21.3,34.26,10.18
2007-01-18,57.78,15.15,27.27,30.51
2007-01-25,39.51,27.16,33.33,6.18
2007-02-01,46.32,23.16,30.53,15.79
2007-02-08,46.15,23.85,30,16.15
2007-02-15,47.57,21.36,31.07,16.5
2007-02-22,53.85,23.85,22.31,31.54
2007-03-01,36.63,23.76,39.6,-2.97
2007-03-08,35.8,19.32,44.89,-9.09
2007-03-15,32.99,21.65,45.36,-12.37
2007-03-22,43.88,23.02,33.09,10.79
2007-03-29,42.68,31.71,25.61,17.07
2007-04-05,32.26,27.96,39.78,-7.52
2007-04-12,40.85,21.13,38.03,2.82
2007-04-19,46.94,23.47,29.59,17.35
2007-04-26,39.24,22.78,37.97,1.27
2007-05-03,28.57,17.14,54.29,-25.72
2007-05-10,42.86,14.29,42.86,0
2007-05-17,38.39,25,36.61,1.78
2007-05-24,37.35,24.1,38.55,-1.2
2007-05-31,33.33,21.88,44.79,-11.46
2007-06-07,40.59,16.83,42.57,-1.98
2007-06-14,37.3,19.05,43.65,-6.35
2007-06-21,43.16,23.16,33.68,9.48
2007-06-28,39.02,25.2,35.77,3.25
2007-07-05,43.84,23.29,32.88,10.96
2007-07-12,43.64,26.36,30,13.64
2007-07-19,41.77,21.52,36.71,5.06
2007-07-26,44.21,18.95,36.84,7.37
2007-08-02,45.88,14.12,40,5.88
2007-08-09,45.76,15.25,38.98,6.78
2007-08-16,42.22,12.22,45.56,-3.34
2007-08-23,41.28,15.6,43.12,-1.84
2007-08-30,40.3,13.43,46.27,-5.97
2007-09-06,38.38,19.19,42.42,-4.04
2007-09-13,40,24.71,35.29,4.71
2007-09-20,39.24,29.11,31.65,7.59
2007-09-27,49.37,16.46,34.18,15.19
2007-10-04,51.81,22.89,25.3,26.51
2007-10-11,54.64,19.59,25.77,28.87
2007-10-18,41.96,22.32,35.71,6.25
2007-10-25,31.25,20.54,48.21,-16.96
2007-11-01,44.71,18.82,36.47,8.24
2007-11-08,36.19,12.38,51.43,-15.24
2007-11-15,33.01,17.48,49.51,-16.5
2007-11-22,25.58,21.71,52.71,-27.13
2007-11-29,28.57,15.31,56.12,-27.55
2007-12-06,40.65,19.51,39.84,0.81
2007-12-13,47.62,16.67,35.71,11.91
2007-12-20,35.85,16.98,47.17,-11.32
2007-12-27,30,20,50,-20
2008-01-03,25.71,19.05,55.24,-29.53
2008-01-10,19.63,21.5,58.88,-39.25
2008-01-17,24.3,21.3,54.44,-30.14
2008-01-24,25.14,15.85,59.02,-33.88
2008-01-31,30.08,21.05,48.87,-18.79
2008-02-07,34.11,18.69,47.2,-13.09
2008-02-14,33.33,24.81,41.86,-8.53
2008-02-21,33.18,22.12,44.7,-11.52
2008-02-28,34.31,20.44,45.26,-10.95
2008-03-06,21.98,26.37,51.65,-29.67
2008-03-13,20.42,20.42,59.15,-38.73
2008-03-20,25.21,20.51,54.27,-29.06
2008-03-27,41.6,24.8,33.6,8
2008-04-03,36.7,23.94,39.36,-2.66
2008-04-10,45.76,16.95,37.29,8.47
2008-04-17,30.37,20.94,48.69,-18.32
2008-04-24,46.67,25.83,27.5,19.17
2008-05-01,53.29,20.39,26.32,26.97
2008-05-08,52.81,22.47,24.72,28.09
2008-05-15,45.16,25.16,29.68,15.48
2008-05-22,46.3,19.44,34.26,12.04
2008-05-29,31.36,22.88,45.76,-14.4
2008-06-05,43.48,18.48,38.04,5.44
2008-06-12,31.25,15.18,53.57,-22.32
2008-06-19,32.98,21.28,45.74,-12.76
2008-06-26,31.25,16.48,52.27,-21.02
2008-07-03,23.93,23.93,52.14,-28.21
2008-07-10,22.17,22.66,55.17,-33
2008-07-17,25,16.86,58.14,-33.14
2008-07-24,35.82,20.14,44.03,-8.21
2008-07-31,40,18.82,41.18,-1.18
2008-08-07,35.61,21.97,42.42,-6.81
2008-08-14,42.86,18.18,38.96,3.9
2008-08-21,38.1,24.6,37.3,0.8
2008-08-28,30.68,23.86,45.45,-14.77
2008-09-04,37.04,19.75,43.21,-6.17
2008-09-11,29.27,15.85,54.88,-25.61
2008-09-18,27.21,18.37,54.42,-27.21
2008-09-25,34.04,20.21,45.74,-11.7
2008-10-02,33.33,11.67,55,-21.67
2008-10-09,31.47,7.69,60.84,-29.37
2008-10-16,40.94,19.3,39.77,1.17
2008-10-23,38.74,22.52,38.74,0
2008-10-30,37.14,22.29,40.57,-3.43
2008-11-06,44.83,21.84,33.33,11.5
2008-11-13,38.33,19.17,42.5,-4.17
2008-11-20,24.37,18.49,57.14,-32.77
2008-11-27,31.25,23.86,44.89,-13.64
2008-12-04,26.67,25.56,47.78,-21.11
2008-12-11,37.5,22.66,39.84,-2.34
2008-12-18,39.73,24.66,35.62,4.11
2008-12-25,28.95,27.19,43.86,-14.91
2009-01-01,24,21.33,54.67,-30.67
2009-01-08,48.7,16.23,35.06,13.64
2009-01-15,27.63,25,47.37,-19.74
2009-01-22,27.21,26.47,46.32,-19.11
2009-01-29,25.27,27.47,47.25,-21.98
2009-02-05,24.63,31.34,44.03,-19.4
2009-02-12,32.91,27.85,39.24,-6.33
2009-02-19,21.64,21.64,56.72,-35.08
2009-02-26,24.3,20.56,55.14,-30.84
2009-03-05,18.92,10.81,70.27,-51.35
2009-03-12,27.64,17.89,54.47,-26.83
2009-03-19,45.06,16.67,38.27,6.79
2009-03-26,39.13,18.48,42.39,-3.26
2009-04-02,42.66,20.28,37.06,5.6
2009-04-09,35.71,20,44.29,-8.58
2009-04-16,44.14,20,35.86,8.28
2009-04-23,31.82,29.55,38.64,-6.82
2009-04-30,36.09,20.3,43.61,-7.52
2009-05-07,44.09,22.58,33.33,10.76
2009-05-14,43.81,20.95,35.24,8.57
2009-05-21,33.72,20.93,45.35,-11.63
2009-05-28,40.37,11.01,48.62,-8.25
2009-06-04,47.56,15.85,36.59,10.97
2009-06-11,39.25,21.5,39.25,0
2009-06-18,33.33,20.24,46.43,-13.1
2009-06-25,28,23.2,48.8,-20.8
2009-07-02,37.84,17.57,44.59,-6.75
2009-07-09,27.91,17.44,54.65,-26.74
2009-07-16,28.68,24.26,47.06,-18.38
2009-07-23,37.6,20,42.4,-4.8
2009-07-30,47.67,20.93,31.4,16.27
2009-08-06,50,14.84,35.16,14.84
2009-08-13,51,16,33,18
2009-08-20,34.07,25.93,40,-5.93
2009-08-27,33.98,17.48,48.54,-14.56
2009-09-03,37.97,24.05,37.97,0
2009-09-10,37.33,18.67,44,-6.67
2009-09-17,42.14,17.86,40,2.14
2009-09-24,39.09,16.36,44.55,-5.46
2009-10-01,43.55,20.97,35.48,8.07
2009-10-08,35.09,23.68,41.23,-6.14
2009-10-15,47.3,18.92,33.78,13.52
2009-10-22,40.48,23.81,35.71,4.77
2009-10-29,33.65,24.04,42.31,-8.66
2009-11-05,22.22,22.22,55.56,-33.34
2009-11-12,38.6,22.8,38.6,0
2009-11-19,42.73,25.45,31.82,10.91
2009-11-26,41.66,16.66,41.66,0
2009-12-03,41.58,24.75,33.66,7.92
2009-12-10,42.68,21.95,35.37,7.31
2009-12-17,42.11,29.47,28.42,13.69
2009-12-24,37.68,24.64,37.68,0
2009-12-31,49.18,27.87,22.95,26.23
2010-01-07,41,33,26,15
2010-01-14,47.44,25.64,26.92,20.52
2010-01-21,40,25.26,34.74,5.26
2010-01-28,35,28.33,36.67,-1.67
2010-02-04,29.23,27.69,43.08,-13.85
2010-02-11,36.75,21.37,41.88,-5.13
2010-02-18,35.85,28.93,35.22,0.63
2010-02-25,34.89,35.57,29.53,5.36
2010-03-04,35.86,37.93,26.21,9.65
2010-03-11,45.29,29.41,25.29,20
2010-03-18,35.37,34.76,29.88,5.49
2010-03-25,32.39,32.95,34.66,-2.27
2010-04-01,41.3,27.54,31.16,10.14
2010-04-08,42.86,26.79,30.36,12.5
2010-04-15,48.48,21.82,29.7,18.78
2010-04-22,38.12,27.62,34.25,3.87
2010-04-29,41.36,30,28.64,12.72
2010-05-06,39.13,32.3,28.57,10.56
2010-05-13,36.6,26.8,36.6,0
2010-05-20,41.3,25,33.7,7.6
2010-05-27,29.83,19.3,50.88,-21.05
2010-06-03,37.09,22.07,40.85,-3.76
2010-06-10,34.48,22.41,43.1,-8.62
2010-06-17,42.45,26.89,30.66,11.79
2010-06-24,34.46,33.11,32.43,2.03
2010-07-01,24.68,33.33,41.99,-17.31
2010-07-08,20.94,21.99,57.07,-36.13
2010-07-15,39.37,22.84,37.8,1.57
2010-07-22,32.16,22.81,45.03,-12.87
2010-07-29,40,26.67,33.33,6.67
2010-08-05,30.39,31.37,38.24,-7.85
2010-08-12,39.76,30.12,30.12,9.64
2010-08-19,30.11,27.42,42.47,-12.36
2010-08-26,20.74,29.79,49.47,-28.73
2010-09-02,30.8,27,42.21,-11.41
2010-09-09,43.87,24.51,31.61,12.26
2010-09-16,50.89,24.85,24.26,26.63
2010-09-23,44.97,29.63,25.4,19.57
2010-09-30,42.53,25.86,31.61,10.92
2010-10-07,49.03,23.23,27.74,21.29
2010-10-14,47.1,26.09,26.81,20.29
2010-10-21,49.62,25.19,25.19,24.43
2010-10-28,51.23,27.16,21.6,29.63
2010-11-04,48.23,21.99,29.79,18.44
2010-11-11,57.56,13.95,28.49,29.07
2010-11-18,40,27.5,32.5,7.5
2010-11-25,47.4,27.92,24.68,22.72
2010-12-02,49.66,24.14,26.21,23.45
2010-12-09,53.05,24.39,22.56,30.49
2010-12-16,50.23,22.62,27.15,23.08
2010-12-23,63.28,20.31,16.4,46.88
2010-12-30,51.61,28.34,20.05,31.56
2011-01-06,55.88,25.86,18.25,37.63
2011-01-13,52.34,24.22,23.44,28.9
2011-01-20,50.75,20.15,29.1,21.65
2011-01-27,42.04,23.67,34.29,7.75
2011-02-03,51.54,21.59,26.87,24.67
2011-02-10,49.4,23.69,26.91,22.49
2011-02-17,46.58,27.85,25.57,21.01
2011-02-24,36.63,27.23,36.14,0.49
2011-03-03,36.79,30.05,33.16,3.63
2011-03-10,35.97,31.71,32.32,3.65
2011-03-17,28.49,31.39,40.12,-11.63
2011-03-24,37.74,27.27,34.97,2.77
2011-03-31,41.81,27.12,31.07,10.74
2011-04-07,43.59,27.56,28.85,14.74
2011-04-14,42.25,26.76,30.99,11.26
2011-04-21,32.16,36.84,30.99,1.17
2011-04-28,37.9,31.45,30.65,7.25
2011-05-05,35.46,32.67,31.87,3.59
2011-05-12,30.77,33.73,35.5,-4.73
2011-05-19,26.69,32.02,41.29,-14.6
2011-05-26,25.61,32.97,41.42,-15.81
2011-06-02,30.18,36.39,33.43,-3.25
2011-06-09,24.42,27.91,47.67,-23.25
2011-06-16,29,28.25,42.75,-13.75
2011-06-23,37.46,26.8,35.74,1.72
2011-06-30,38.31,31.49,30.19,8.12
2011-07-07,41.77,33.54,24.68,17.09
2011-07-14,39.31,31.45,29.25,10.06
2011-07-21,39.86,29.54,30.61,9.25
2011-07-28,37.84,30.74,31.42,6.42
2011-08-04,27.16,22.99,49.85,-22.69
2011-08-11,33.43,21.79,44.78,-11.35
2011-08-18,35.56,24.62,39.82,-4.26
2011-08-25,36.44,22.6,40.96,-4.52
2011-09-01,38.62,29.04,32.34,6.28
2011-09-08,30.22,29.5,40.29,-10.07
2011-09-15,30.5,28.15,41.35,-10.85
2011-09-22,25.33,26.67,48,-22.67
2011-09-29,32.51,20.68,46.79,-14.28
2011-10-06,35.23,19.04,45.71,-10.48
2011-10-13,39.77,23.86,36.36,3.41
2011-10-20,35.98,29.41,34.6,1.38
2011-10-27,43,32,25,18
2011-11-03,40.18,30.2,29.62,10.56
2011-11-10,44.73,30.7,24.56,20.17
2011-11-17,41.93,27.01,31.04,10.89
2011-11-24,32.71,29.01,38.27,-5.56
2011-12-01,33.04,27.53,39.42,-6.38
2011-12-08,38.57,26.66,34.76,3.81
2011-12-15,40.18,26.16,33.64,6.54
2011-12-22,33.725,38.039,28.235,5.49
2011-12-29,40.6,28.57,30.827,9.773
2012-01-05,48.88,33.95,17.16,31.72
2012-01-12,49.14,33.68,17.18,31.96
2012-01-19,47.23,29.15,23.61,23.62
2012-01-26,48.3974,32.692,18.91,29.4874
2012-02-02,43.806,31.117,25.075,18.731
2012-02-09,51.643,28.169,20.187,31.456
2012-02-16,42.713,30.653,26.633,16.08
2012-02-23,43.689,28.802,27.508,16.181
2012-03-01,44.512,28.658,26.829,17.683
2012-03-08,42.379,28.624,28.996,13.383
2012-03-15,45.6067,27.1967,27.1967,18.41
2012-03-22,42.3841,29.8013,27.8146,14.5695
2012-03-29,42.47,32.05,25.48,16.99
2012-04-05,38.1743,34.0249,27.8008,10.3735
2012-04-12,28.1385,30.303,41.5584,-13.4199
2012-04-19,31.1787,34.981,33.8403,-2.6616
2012-04-26,27.6423,34.9593,37.3984,-9.7561
2012-05-03,35.4015,36.1314,28.4672,6.9343
2012-05-10,25.3968,32.5397,42.0635,-16.6667
2012-05-17,23.5821,30.4478,45.9701,-22.388
2012-05-24,30.4688,30.8594,38.6719,-8.2031
2012-05-31,28.0156,29.9611,42.0233,-14.0077
2012-06-07,27.451,26.7974,45.7516,-18.3006
2012-06-14,34.0351,30.1754,35.7895,-1.7544
2012-06-21,32.8904,31.2292,35.8804,-2.99
2012-06-28,28.6689,26.9625,44.3686,-15.6997
2012-07-05,32.64,34.03,33.33,-0.69
2012-07-12,30.2251,35.0482,34.7267,-4.5016
2012-07-19,22.19,36.0231,41.7867,-19.5967
2012-07-26,28.115,28.754,43.131,-15.016
2012-08-02,30.4478,34.6269,34.9254,-4.4776
2012-08-09,36.4706,36.1765,27.3529,9.1177
2012-08-16,36.8421,35.0877,28.0702,8.7719
2012-08-23,41.958,32.1678,25.8741,16.0839
2012-08-30,34.7222,32.6389,32.6389,2.0833
2012-09-06,33.0579,33.8843,33.0579,0
2012-09-13,36.4583,30.5556,32.9861,3.4722
2012-09-20,37.5,28.7162,33.7838,3.7162
2012-09-27,36.1011,27.4368,36.4621,-0.361
2012-10-04,33.8608,32.9114,33.2278,0.633
2012-10-11,30.5755,30.5755,38.8489,-8.2734
2012-10-18,28.6604,26.7913,44.5483,-15.8879
2012-10-25,29.2453,27.673,43.0818,-13.8365
2012-11-01,35.7377,23.2787,40.9836,-5.2459
2012-11-08,38.4977,21.5962,39.9061,-1.4084
2012-11-15,28.8235,22.3529,48.8235,-20
2012-11-22,35.8156,23.4043,40.7801,-4.9645
2012-11-28,40.9266,24.7104,34.3629,6.5637
2012-12-06,42.2222,23.1746,34.6032,7.619
2012-12-13,43.2331,26.6917,30.0752,13.1579
2012-12-20,46.4,28.8,24.8,21.6
2012-12-27,44.403,25.3731,30.2239,14.1791
2013-01-03,38.7097,25.0896,36.2007,2.509
2013-01-10,46.4497,26.6272,26.9231,19.5266
2013-01-17,43.9437,28.7324,27.3239,16.6198
2013-01-24,52.3392,23.3918,24.269,28.0702
2013-01-31,48.0447,27.6536,24.3017,23.743
2013-02-07,42.7673,27.673,29.5597,13.2076
2013-02-14,42.2535,29.0141,28.7324,13.5211
2013-02-21,41.7857,25.7143,32.5,9.2857
2013-02-28,28.3912,35.0158,36.5931,-8.2019
2013-03-07,31.0559,30.4348,38.5093,-7.4534
2013-03-14,45.42,22.55,32.03,13.39
2013-03-21,38.9439,27.7228,33.3333,5.6106
2013-03-28,38.3954,32.9513,28.6533,9.7421
2013-04-04,35.493,36.338,28.169,7.324
2013-04-11,19.3103,26.2069,54.4828,-35.1725
2013-04-18,26.8493,24.9315,48.2192,-21.3699
2013-04-25,28.2895,32.8947,38.8158,-10.5263
2013-05-02,30.9859,33.0986,35.9155,-4.9296
2013-05-09,40.7942,31.769,27.4368,13.3574
2013-05-16,38.4858,32.1767,29.3375,9.1483
2013-05-23,48.9726,29.4521,21.5753,27.3973
2013-05-30,35.9684,34.3874,29.6443,6.3241
2013-06-06,29.4737,31.5789,38.9474,-9.4737
2013-06-13,32.973,32.4324,34.5946,-1.6216
2013-06-20,37.4532,32.5843,29.9625,7.4907
2013-06-27,30.2752,34.5566,35.1682,-4.893
2013-07-04,41.9929,34.1637,23.8434,18.1495
2013-07-11,48.9362,32.766,18.2979,30.6383
2013-07-18,47.7352,31.0105,21.2544,26.4808
2013-07-25,45.1178,32.3232,22.5589,22.5589
2013-08-01,35.6164,39.3836,25,10.6164
2013-08-08,39.4984,33.8558,26.6458,12.8526
2013-08-15,34.507,37.3239,28.169,6.338
2013-08-22,28.9575,28.1853,42.8571,-13.8996
2013-08-29,33.5404,35.7143,30.7453,2.7951
2013-09-05,35.53,33.22,31.25,4.28
2013-09-12,45.515,29.9003,24.5847,20.9303
2013-09-19,45.1128,25.188,29.6992,15.4136
2013-09-26,36.0544,33.3333,30.6122,5.4422
2013-10-03,37.8378,32.0946,30.0676,7.7702
2013-10-10,41.3284,25.0923,33.5793,7.7491
2013-10-17,46.2783,28.8026,24.9191,21.3592
2013-10-24,49.2013,33.2268,17.5719,31.6294
2013-10-31,44.9664,33.557,21.4765,23.4899
2013-11-07,45.4829,32.7103,21.8069,23.676
2013-11-14,39.1975,33.3333,27.4691,11.7284
2013-11-21,34.3931,36.1272,29.4798,4.9133
2013-11-28,47.3016,24.4444,28.254,19.0476
2013-12-05,42.6415,29.8113,27.5472,15.0943
2013-12-12,41.2651,33.7349,25,16.2651
2013-12-19,47.4576,27.4576,25.0847,22.3729
2013-12-26,55.0562,26.4045,18.5393,36.5169
2014-01-02,43.0894,27.6423,29.2683,13.8211
2014-01-09,43.617,31.383,25,18.617
2014-01-16,38.992,39.5225,21.4854,17.5066
2014-01-23,38.1201,38.1201,23.7598,14.3603
2014-01-30,32.1839,35.0575,32.7586,-0.5747
2014-02-06,27.896,35.6974,36.4066,-8.5106
2014-02-13,40.1478,32.5123,27.3399,12.8079
2014-02-20,42.2,35,22.8,19.4
2014-02-27,39.6907,39.1753,21.134,18.5567
2014-03-06,40.5099,32.8612,26.6289,13.881
2014-03-13,41.3408,31.8436,26.8156,14.5252
2014-03-20,36.7816,37.069,26.1494,10.6322
2014-03-27,31.1615,40.2266,28.6119,2.5496
2014-04-03,35.3571,37.8571,26.7857,8.5714
2014-04-10,28.4768,37.4172,34.106,-5.6292
2014-04-17,27.2171,38.5321,34.2508,-7.0337
2014-04-24,34.5029,39.4737,26.0234,8.4795
2014-05-01,29.7735,40.7767,29.4498,0.3237
2014-05-08,28.3439,42.9936,28.6624,-0.3185
2014-05-15,33.121,44.2675,22.6115,10.5095
2014-05-22,30.4348,43.1677,26.3975,4.0373
2014-05-29,36.4641,40.3315,23.2044,13.2597
2014-06-05,39.5062,38.2716,22.2222,17.284
2014-06-12,44.6875,34.0625,21.25,23.4375
2014-06-19,35.1744,40.6977,24.1279,11.0465
2014-06-26,37.2208,41.6873,21.0918,16.129
2014-07-03,38.5075,39.1045,22.3881,16.1194
2014-07-10,37.6404,33.7079,28.6517,8.9887
2014-07-17,32.3625,39.1586,28.479,3.8835
2014-07-24,29.6296,40.4321,29.9383,-0.3087
2014-07-31,31.1224,37.7551,31.1224,0
2014-08-07,30.8869,30.8869,38.2263,-7.3394
2014-08-14,39.8119,33.2288,26.9592,12.8527
2014-08-21,46.1078,30.2395,23.6527,22.4551
2014-08-28,51.9231,28.8462,19.2308,32.6923
2014-09-04,44.6746,31.3609,23.9645,20.7101
2014-09-11,40.3846,33.0128,26.6026,13.782
2014-09-18,42.236,34.7826,22.9814,19.2546
2014-09-25,41.8367,29.932,28.2313,13.6054
2014-10-02,35.4167,33.6806,30.9028,4.5139
2014-10-09,39.8773,29.1411,30.9816,8.8957
2014-10-16,42.663,23.6413,33.6957,8.9673
2014-10-23,49.6875,27.8125,22.5,27.1875
2014-10-30,49.3711,29.5597,21.0692,28.3019
2014-11-06,52.6882,32.2581,15.0538,37.6344
2014-11-13,57.931,22.7586,19.3103,38.6207
2014-11-20,49.1176,27.0588,23.8235,25.2941
2014-11-27,52.1452,27.0627,20.7921,31.3531
2014-12-04,42.6778,31.3808,25.9414,16.7364
2014-12-11,45.0172,32.646,22.3368,22.6804
2014-12-18,38.7352,34.3874,26.8775,11.8577
2014-12-25,50.9434,30.1887,18.8679,32.0755
2015-01-01,51.7375,28.9575,19.305,32.4325
2015-01-08,41.0072,31.295,27.6978,13.3094
2015-01-15,46.1059,32.3988,21.4953,24.6106
2015-01-22,37.1429,32.0635,30.7937,6.3492
2015-01-29,44.1718,33.4356,22.3926,21.7792
2015-02-05,35.4949,32.0819,32.4232,3.0717
2015-02-12,40,39.6721,20.3279,19.6721
2015-02-19,47.0199,35.0993,17.8808,29.1391
2015-02-26,45.3731,34.3284,20.2985,25.0746
2015-03-05,39.8026,36.8421,23.3553,16.4473
2015-03-12,31.5961,42.9967,25.4072,6.1889
2015-03-19,27.1605,41.358,31.4815,-4.321
2015-03-26,38.4298,37.1901,24.3802,14.0496
2015-04-02,35.3952,32.646,31.9588,3.4364
2015-04-09,28.7016,47.1526,24.1458,4.5558
2015-04-16,32.0675,45.1477,22.7848,9.2827
2015-04-23,31.47,45.3416,23.1884,8.2816
2015-04-30,30.8362,47.2125,21.9512,8.885
2015-05-07,27.0563,46.1039,26.8398,0.2165
2015-05-14,26.7442,46.8992,26.3566,0.3876
2015-05-21,25.2119,49.7881,25,0.2119
2015-05-28,27.0019,47.8585,25.1397,1.8622
2015-06-04,27.3399,48.0296,24.6305,2.7094
2015-06-11,20.0375,47.3783,32.5843,-12.5468
2015-06-18,25.4083,40.2904,34.3013,-8.893
2015-06-25,35.5556,42.7778,21.6667,13.8889
2015-07-02,22.6121,42.3002,35.0877,-12.4756
2015-07-09,27.907,42.9175,29.1755,-1.2685
2015-07-16,30.8108,45.9459,23.2432,7.5676
2015-07-23,32.54,41.87,25.6,6.94
2015-07-30,21.1055,38.191,40.7035,-19.598
2015-08-06,24.3187,44.0252,31.6562,-7.3375
2015-08-13,30.4519,33.3988,36.1493,-5.6974
2015-08-20,26.8199,39.8467,33.3333,-6.5134
2015-08-27,32.5,29.2308,38.2692,-5.7692
2015-09-03,32.3843,35.9431,31.6726,0.7117
2015-09-10,34.6499,30.3411,35.009,-0.3591
2015-09-17,33.2645,37.6033,29.1322,4.1323
2015-09-24,32.1199,39.1863,28.6938,3.4261
2015-10-01,28.1059,31.9756,39.9185,-11.8126
2015-10-08,37.5238,34.2857,28.1905,9.3333
2015-10-15,34.0816,38.7755,27.1429,6.9387
2015-10-22,34.7656,41.2109,24.0234,10.7422
2015-10-29,40.3922,39.0196,20.5882,19.804
2015-11-05,39,42.4,18.6,20.4
2015-11-12,34.2723,42.723,23.0047,11.2676
2015-11-19,30.7692,38.6813,30.5495,0.2197
2015-11-26,32.3601,41.6058,26.0341,6.326
2015-12-03,29.4931,49.3088,21.1982,8.2949
2015-12-10,28.5057,41.6092,29.8851,-1.3794
2015-12-17,23.8663,36.7542,39.3795,-15.5132
2015-12-24,26.3804,42.1268,31.4928,-5.1124
2015-12-31,25.0729,51.312,23.6152,1.4577
2016-01-07,22.1739,39.5652,38.2609,-16.087
2016-01-14,17.8988,36.5759,45.5253,-27.6265
2016-01-21,21.521,29.7735,48.7055,-27.1845
2016-01-28,29.7535,30.2817,39.9648,-10.2113
2016-02-04,27.5472,37.7358,34.717,-7.1698
2016-02-11,19.2385,32.0641,48.6974,-29.4589
2016-02-18,27.5605,34.6369,37.8026,-10.2421
2016-02-25,31.1947,37.3894,31.4159,-0.2212
2016-03-03,32.0158,38.7352,29.249,2.7668
2016-03-10,37.3576,38.2688,24.3736,12.984
2016-03-17,29.9587,43.1818,26.8595,3.0992
2016-03-24,33.7808,42.5056,23.7136,10.0672
2016-03-31,27.1805,47.0588,25.7606,1.4199
2016-04-07,32.1918,46.347,21.4612,10.7306
2016-04-14,27.8481,47.2574,24.8945,2.9536
2016-04-21,33.4052,42.6724,23.9224,9.4828
2016-04-28,27.3663,44.0329,28.6008,-1.2345
2016-05-05,22.3301,47.3301,30.3398,-8.0097
2016-05-12,20.4082,48.2993,31.2925,-10.8843
2016-05-19,19.3384,46.5649,34.0967,-14.7583
2016-05-26,17.7515,52.86,29.3886,-11.6371
2016-06-02,30.1676,40.7821,29.0503,1.1173
2016-06-09,27.8317,44.3366,27.8317,0
2016-06-16,25.3472,37.1528,37.5,-12.1528
2016-06-23,21.9697,42.803,35.2273,-13.2576
2016-06-30,28.9125,37.6658,33.4218,-4.5093
2016-07-07,31.0573,42.2907,26.652,4.4053
2016-07-14,36.8664,38.7097,24.424,12.4424
2016-07-21,35.4251,37.8543,26.7206,8.7045
2016-07-28,31.25,40.3409,28.4091,2.8409
2016-08-04,29.7872,43.4397,26.773,3.0142
2016-08-11,31.2925,41.9501,26.7574,4.5351
2016-08-18,35.5649,38.0753,26.3598,9.2051
2016-08-25,29.4243,40.9382,29.6375,-0.2132
2016-09-01,28.6,39.87,31.52,-2.92
2016-09-08,29.7468,41.7722,28.481,1.2658
2016-09-15,27.9379,36.1419,35.9202,-7.9823
2016-09-22,24.826,36.891,38.2831,-13.4571
2016-09-29,24,38.8889,37.1111,-13.1111
2016-10-06,28.7946,43.3036,27.9018,0.8928
2016-10-13,25.4717,40.8019,33.7264,-8.2547
2016-10-20,23.7395,38.4454,37.8151,-14.0756
2016-10-27,24.7549,41.1765,34.0686,-9.3137
2016-11-03,23.6364,42.0455,34.3182,-10.6818
2016-11-10,38.8889,31.7778,29.3333,9.5556
2016-11-17,46.6531,26.7748,26.572,20.0811
2016-11-24,49.8938,28.0255,22.0807,27.8131
2016-12-01,43.7751,31.1245,25.1004,18.6747
2016-12-08,43.1211,30.3901,26.4887,16.6324
2016-12-15,44.6575,23.0137,32.3288,12.3287
2016-12-22,44.6064,26.2391,29.1545,15.4519
2016-12-29,45.5696,28.692,25.7384,19.8312
2017-01-05,46.2006,28.5714,25.228,20.9726
2017-01-12,43.6364,29.3939,26.9697,16.6667
2017-01-19,37.0079,30.315,32.6772,4.3307
2017-01-26,31.5789,34.9282,33.4928,-1.9139
2017-02-02,32.7982,33.0275,34.1743,-1.3761
2017-02-09,35.8025,36.5432,27.6543,8.1482
2017-02-16,33.0909,34.5455,32.3636,0.7273
2017-02-23,38.4615,29.2308,32.3077,6.1538
2017-03-02,37.9085,26.4706,35.6209,2.2876
2017-03-09,30,23.5,46.5,-16.5
2017-03-16,31.1688,30.1299,38.7013,-7.5325
2017-03-23,35.2785,34.2175,30.504,4.7745
2017-03-30,30.2181,32.3988,37.3832,-7.1651
2017-04-06,28.3019,32.0755,39.6226,-11.3207
2017-04-13,28.972,33.6449,37.3832,-8.4112
2017-04-20,25.7062,35.5932,38.7006,-12.9944
2017-04-27,38.0488,30.2439,31.7073,6.3415
2017-05-04,38.0711,31.9797,29.9492,8.1219
2017-05-11,32.7338,37.0504,30.2158,2.518
2017-05-18,23.8532,41.896,34.2508,-10.3976
2017-05-25,32.8571,37.1429,30,2.8571
2017-06-01,26.9231,41.5385,31.5385,-4.6154
2017-06-08,35.4331,35.0394,29.5276,5.9055
2017-06-15,32.2709,38.247,29.4821,2.7888
2017-06-22,32.6531,38.4354,28.9116,3.7415
2017-06-29,29.7143,43.4286,26.8571,2.8572
2017-07-06,29.5775,40.5634,29.8592,-0.2817
2017-07-13,28.2407,42.1296,29.6296,-1.3889
2017-07-20,35.4839,38.7097,25.8065,9.6774
2017-07-27,34.4595,41.2162,24.3243,10.1352
2017-08-03,36.1111,31.7901,32.0988,4.0123
2017-08-10,33.6667,34,32.3333,1.3334
2017-08-17,34.1743,33.0275,32.7982,1.3761
2017-08-24,28.0992,33.6088,38.292,-10.1928
2017-08-31,25,35.1064,39.8936,-14.8936
2017-09-07,29.2776,34.981,35.7414,-6.4638
2017-09-14,41.2879,36.7424,21.9697,19.3182
2017-09-21,40.1361,32.6531,27.2109,12.9252
2017-09-28,33.3333,37.931,28.7356,4.5977
2017-10-05,35.6,31.6,32.8,2.8
2017-10-12,39.7661,33.3333,26.9006,12.8655
2017-10-19,37.931,34.1379,27.931,10
2017-10-26,39.6396,27.3273,33.033,6.6066
2017-11-02,45.0549,26.3736,28.5714,16.4835
2017-11-09,45.1049,31.8182,23.0769,22.028
2017-11-16,29.3478,35.4348,35.2174,-5.8696
2017-11-23,35.493,35.493,29.0141,6.4789
2017-11-30,35.9459,32.4324,31.6216,4.3243
2017-12-07,36.8771,28.9037,34.2193,2.6578
2017-12-14,45,26.875,28.125,16.875
2017-12-21,50.4975,23.8806,25.6219,24.8756
2017-12-28,52.6455,26.7196,20.6349,32.0106
2018-01-04,59.7531,24.6914,15.5556,44.1975
2018-01-11,48.6726,26.2537,25.0737,23.5989
2018-01-18,54.1133,24.4973,21.3894,32.7239
2018-01-25,45.4545,30.5195,24.026,21.4285
2018-02-01,44.7712,26.4706,28.7582,16.013
2018-02-08,37.0277,27.9597,35.0126,2.0151
2018-02-15,48.5194,30.0683,21.4123,27.1071
2018-02-22,44.6512,32.5581,22.7907,21.8605
2018-03-01,37.2832,39.3064,23.4104,13.8728
2018-03-08,26.4026,45.2145,28.3828,-1.9802
2018-03-15,36.8421,41.8283,21.3296,15.5125
2018-03-22,33.2344,38.2789,28.4866,4.7478
2018-03-29,31.9361,32.7345,35.3293,-3.3932
2018-04-05,31.8966,31.4655,36.6379,-4.7413
2018-04-12,26.087,31.1594,42.7536,-16.6666
2018-04-19,37.7834,32.9975,29.2191,8.5643
2018-04-26,36.9085,37.5394,25.5521,11.3564
2018-05-03,28.3951,41.358,30.2469,-1.8518
2018-05-10,33.5106,40.9574,25.5319,7.9787
2018-05-17,36.6755,42.7441,20.5805,16.095
2018-05-24,38.5621,36.2745,25.1634,13.3987
2018-05-31,35.0181,38.6282,26.3538,8.6643
2018-06-07,38.9313,34.3511,26.7176,12.2137
2018-06-14,44.7802,33.5165,21.7033,23.0769
2018-06-21,38.7187,35.0975,26.1838,12.5349
2018-06-28,28.4483,30.7471,40.8046,-12.3563
2018-07-05,27.8552,32.8691,39.2758,-11.4206
2018-07-12,43.0508,27.7966,29.1525,13.8983
2018-07-19,34.6633,40.399,24.9377,9.7256
2018-07-26,31.5217,41.5761,26.9022,4.6195
2018-08-02,29.1105,38.814,32.0755,-2.965
2018-08-09,36.3636,32.6019,31.0345,5.3291
2018-08-16,36.1702,34.7518,29.078,7.0922
2018-08-23,38.4615,34.4729,27.0655,11.396
2018-08-30,43.4959,32.1138,24.3902,19.1057
2018-09-06,42.2222,31.4815,26.2963,15.9259
2018-09-13,32.0896,35.0746,32.8358,-0.7462
2018-09-20,32.0423,35.9155,32.0423,0
2018-09-27,36.2205,32.6772,31.1024,5.1181
2018-10-04,45.6621,29.2237,25.1142,20.5479
2018-10-11,30.6061,33.9394,35.4545,-4.8484
2018-10-18,33.935,31.0469,35.0181,-1.0831
2018-10-25,27.9693,31.0345,40.9962,-13.0269
2018-11-01,37.931,27.5862,34.4828,3.4482
2018-11-08,41.2844,27.5229,31.1927,10.0917
2018-11-15,35.0877,28.9474,35.9649,-0.8772
2018-11-22,25.2525,27.6094,47.138,-21.8855
2018-11-29,33.8816,26.6447,39.4737,-5.5921
2018-12-06,37.9433,31.5603,30.4965,7.4468
2018-12-13,20.904,30.226,48.8701,-27.9661
2018-12-20,24.8649,27.8378,47.2973,-22.4324
2018-12-27,31.5476,18.1548,50.2976,-18.75
2019-01-03,33.0189,24.2138,42.7673,-9.7484
2019-01-10,38.4615,32.1678,29.3706,9.0909
2019-01-17,33.5347,30.2115,36.2538,-2.7191
2019-01-24,37.659,30.0254,32.3155,5.3435
2019-01-31,31.7568,36.4865,31.7568,0
2019-02-07,39.8734,37.3418,22.7848,17.0886
2019-02-14,35.1032,39.823,25.0737,10.0295
2019-02-21,39.3189,35.2941,25.387,13.9319
2019-02-28,41.6327,38.3673,20,21.6327
2019-03-07,37.386,35.8663,26.7477,10.6383
2019-03-14,32.4232,36.5188,31.058,1.3652
2019-03-21,37.3016,39.2857,23.4127,13.8889
2019-03-28,33.2,39.6,27.2,6
2019-04-04,35.0211,36.7089,28.27,6.7511
2019-04-11,40.2878,39.3285,20.3837,19.9041
2019-04-18,37.5635,40.6091,21.8274,15.7361
2019-04-25,33.5227,46.3068,20.1705,13.3522
2019-05-02,39.0244,39.6341,21.3415,17.6829
2019-05-09,43.1159,33.6957,23.1884,19.9275
2019-05-16,29.8246,30.8772,39.2982,-9.4736
2019-05-23,24.7059,39.2157,36.0784,-11.3725
2019-05-30,24.7934,35.124,40.0826,-15.2892
2019-06-06,22.5275,34.8901,42.5824,-20.0549
2019-06-13,26.8398,38.961,34.1991,-7.3593
2019-06-20,29.5082,38.3607,32.1311,-2.6229
2019-06-27,29.589,38.3562,32.0548,-2.4658
2019-07-03,33.1551,34.492,32.3529,0.8022
2019-07-11,33.6111,38.8889,27.5,6.1111
2019-07-18,35.9296,35.4271,28.6432,7.2864
2019-07-25,31.7416,36.236,32.0225,-0.2809
2019-08-01,38.4375,37.5,24.0625,14.375
2019-08-08,21.6561,30.1486,48.1953,-26.5392
2019-08-15,23.176,31.9742,44.8498,-21.6738
2019-08-22,26.6355,33.6449,39.7196,-13.0841
2019-08-29,26.1307,31.6583,42.2111,-16.0804
2019-09-05,28.642,31.8519,39.5062,-10.8642
2019-09-12,33.125,35.625,31.25,1.875
2019-09-19,35.3383,36.8421,27.8195,7.5188
2019-09-26,29.3737,37.365,33.2613,-3.8876
2019-10-03,21.374,39.1858,39.4402,-18.0662
2019-10-10,20.3085,35.7326,43.9589,-23.6504
2019-10-17,33.6182,35.3276,31.0541,2.5641
2019-10-24,35.6021,36.1257,28.2723,7.3298
2019-10-31,33.9759,37.5904,28.4337,5.5422
2019-11-07,40.3023,35.7683,23.9295,16.3728
2019-11-14,40.7229,34.4578,24.8193,15.9036
2019-11-21,34.2432,36.7246,29.0323,5.2109
2019-11-29,33.6391,36.0856,30.2752,3.3639
2019-12-05,31.7152,39.1586,29.1262,2.589
2019-12-12,37.6316,36.3158,26.0526,11.579
2019-12-19,44.0945,35.4331,20.4724,23.6221
2019-12-26,41.8879,36.5782,21.5339,20.354
2020-01-02,37.2159,40.9091,21.875,15.3409
2020-01-09,33.0688,37.037,29.8942,3.1746
2020-01-16,41.8338,30.659,27.5072,14.3266
2020-01-23,45.6019,29.6296,24.7685,20.8334
2020-01-30,31.9783,31.1653,36.8564,-4.8781
2020-02-06,33.871,30.914,35.2151,-1.3441
2020-02-13,41.3333,32.2667,26.4,14.9333
2020-02-20,40.5594,30.7692,28.6713,11.8881
2020-02-27,30.4348,30.4348,39.1304,-8.6956
2020-03-05,38.7387,21.6216,39.6396,-0.9009
2020-03-12,29.7386,18.9542,51.3072,-21.5686
2020-03-19,34.3511,14.5038,51.145,-16.7939
2020-03-26,32.9016,15.0259,52.0725,-19.1709
2020-04-02,34.2391,16.0326,49.7283,-15.4892
2020-04-09,36.5994,18.732,44.6686,-8.0692
2020-04-16,34.8601,22.3919,42.7481,-7.888
2020-04-23,24.8634,25.1366,50,-25.1366
2020-04-30,30.597,25.3731,44.0299,-13.4329
2020-05-07,23.6686,23.6686,52.6627,-28.9941
2020-05-14,23.3129,26.0736,50.6135,-27.3006
2020-05-21,29.0043,25.974,45.0216,-16.0173
2020-05-28,33.0709,24.8031,42.126,-9.0551
2020-06-04,34.5515,26.5781,38.8704,-4.3189
2020-06-11,34.2767,27.673,38.0503,-3.7736
2020-06-18,24.3671,27.8481,47.7848,-23.4177
2020-06-25,24.1379,26.9592,48.9028,-24.7649
2020-07-02,22.1519,31.962,45.8861,-23.7342
2020-07-09,27.1552,30.1724,42.6724,-15.5172
2020-07-16,30.837,23.7885,45.3744,-14.5374
2020-07-23,26.0563,27.1127,46.831,-20.7747
2020-07-30,20.229,31.2977,48.4733,-28.2443
2020-08-06,23.2877,29.1096,47.6027,-24.315
2020-08-13,30.0366,27.8388,42.1245,-12.0879
2020-08-20,30.3887,27.2085,42.4028,-12.0141
2020-08-27,32.0755,28.3019,39.6226,-7.5471
2020-09-03,30.8017,27.4262,41.7722,-10.9705
2020-09-10,23.7113,27.8351,48.4536,-24.7423
2020-09-17,32.0197,27.5862,40.3941,-8.3744
2020-09-24,24.8945,29.1139,45.9916,-21.0971
2020-10-01,26.2376,30.6931,43.0693,-16.8317
2020-10-08,34.7418,26.2911,38.9671,-4.2253
2020-10-15,34.7826,29.4686,35.7488,-0.9662
2020-10-22,35.7466,31.2217,33.0317,2.7149
2020-10-29,35.2941,29.4118,35.2941,0
2020-11-05,37.963,30.5556,31.4815,6.4815
2020-11-12,55.8376,19.2893,24.8731,30.9645
2020-11-19,44.3515,29.2887,26.3598,17.9917
2020-11-27,47.2527,25.2747,27.4725,19.7802
2020-12-03,49.0706,28.2528,22.6766,26.394
2020-12-10,48.0565,25.0883,26.8551,21.2014
2020-12-17,43.4263,30.2789,26.2948,17.1315
2020-12-24,43.5685,34.4398,21.9917,21.5768
2020-12-31,46.0784,27.1242,26.7974,19.281
2021-01-07,45.19,23.08,31.73,13.46
2021-01-21,42.5466,22.9814,34.472,8.0746
2021-01-28,37.6623,24.026,38.3117,-0.6494
2021-02-04,37.3529,27.0588,35.5882,1.7647
2021-02-11,45.4545,28.2828,26.2626,19.1919
2021-02-18,47.0588,27.5542,25.387,21.6718
2021-02-25,45.9283,30.2932,23.7785,22.1498
2021-03-04,40.2597,34.4156,25.3247,14.935
2021-03-11,49.4118,27.0588,23.5294,25.8824
2021-03-18,48.9437,27.4648,23.5915,25.3522
2021-03-25,50.9494,28.481,20.5696,30.3798
2021-04-01,45.8333,30.9524,23.2143,22.619
2021-04-08,56.9079,22.6974,20.3947,36.5132
2021-04-15,53.8206,21.5947,24.5847,29.2359
2021-04-22,52.6814,26.8139,20.5047,32.1767
2021-04-29,42.5676,31.7568,25.6757,16.8919
2021-05-06,44.3137,32.549,23.1373,21.1764
2021-05-13,36.5188,36.5188,26.9625,9.5563
2021-05-20,37.0253,36.7089,26.2658,10.7595
2021-05-27,36.4286,37.1429,26.4286,10
2021-06-03,44.0729,36.1702,19.7568,24.3161
2021-06-10,40.2256,39.0977,20.6767,19.5489
2021-06-17,41.1215,32.7103,26.1682,14.9533
2021-06-24,40.4167,36.25,23.3333,17.0834
2021-07-01,48.6486,29.1892,22.1622,26.4864
2021-07-08,40.1961,35.2941,24.5098,15.6863
2021-07-15,36.1702,37.0213,26.8085,9.3617
2021-07-22,30.6452,38.7097,30.6452,0
2021-07-29,36.1607,39.7321,24.1071,12.0536
2021-08-05,36.0656,32.2404,31.694,4.3716
2021-08-12,36.9748,31.5126,31.5126,5.4622
2021-08-19,33.1731,31.7308,35.0962,-1.9231
2021-08-26,39.5604,27.4725,32.967,6.5934
2021-09-02,43.4343,23.2323,33.3333,10.101
2021-09-09,38.8889,33.8889,27.2222,11.6667
2021-09-16,22.449,38.2653,39.2857,-16.8367
2021-09-23,29.8969,30.9278,39.1753,-9.2784
2021-09-30,28.1437,31.1377,40.7186,-12.5749
2021-10-07,25.4717,37.7358,36.7925,-11.3208
2021-10-14,37.9147,30.3318,31.7536,6.1611
2021-10-21,46.89,25.3589,27.7512,19.1388
2021-10-27,39.8268,30.7359,29.4372,10.3896
2021-11-04,41.5,32.5,26,15.5
2021-11-11,48,28,24,24
2021-11-18,38.8393,33.9286,27.2321,11.6072
2021-11-24,33.8095,30.4762,35.7143,-1.9048
2021-12-02,26.6667,30.9524,42.381,-15.7143
2021-12-09,29.7189,39.759,30.5221,-0.8032
2021-12-16,25.2427,35.4369,39.3204,-14.0777
2021-12-23,29.5699,36.5591,33.871,-4.3011
2021-12-30,37.6569,31.7992,30.5439,7.113
2022-01-06,32.7586,33.908,33.3333,-0.5747
2022-01-13,24.9071,36.803,38.29,-13.3829
2022-01-20,20.9607,32.3144,46.7249,-25.7642
2022-01-27,23.1373,23.9216,52.9412,-29.8039
2022-02-03,26.4925,29.8507,43.6567,-17.1642
2022-02-10,24.359,40.1709,35.4701,-11.1111
2022-02-17,19.2488,37.5587,43.1925,-23.9437
2022-02-24,23.3945,22.9358,53.6697,-30.2752
2022-03-03,30.3867,28.1768,41.4365,-11.0498
2022-03-10,24,30.2222,45.7778,-21.7778
2022-03-17,22.467,27.7533,49.7797,-27.3127
2022-03-24,32.8042,31.746,35.4497,-2.6455
2022-03-31,31.8841,40.5797,27.5362,4.3479
2022-04-07,24.7126,33.908,41.3793,-16.6667
2022-04-14,15.8371,35.7466,48.4163,-32.5792
2022-04-21,18.8679,37.2642,43.8679,-25
2022-04-28,16.4384,24.2009,59.3607,-42.9223
2022-05-05,26.8722,20.2643,52.8634,-25.9912
2022-05-12,24.3243,26.6409,49.0347,-24.7104
2022-05-19,25.969,23.6434,50.3876,-24.4186
2022-05-26,19.8488,26.6541,53.4972,-33.6484
2022-06-02,32.0175,30.9211,37.0614,-5.0439
2022-06-09,21.0227,32.1023,46.875,-25.8523
2022-06-16,19.4444,22.2222,58.3333,-38.8889
2022-06-23,18.2033,22.4586,59.3381,-41.1348
2022-06-30,22.779,30.5239,46.697,-23.918
2022-07-07,19.382,27.809,52.809,-33.427
2022-07-14,26.8882,26.5861,46.5257,-19.6375
2022-07-21,29.589,28.2192,42.1918,-12.6028
2022-07-28,27.7228,32.1782,40.099,-12.3762
2022-08-04,30.5556,30.5556,38.8889,-8.3333
2022-08-11,32.1543,31.1897,36.6559,-4.5016
2022-08-18,33.3333,29.5139,37.1528,-3.8195
2022-08-25,27.7008,29.9169,42.3823,-14.6815
2022-09-01,21.9178,27.6712,50.411,-28.4932
2022-09-08,18.0685,28.6604,53.271,-35.2025
2022-09-15,26.1324,27.8746,45.993,-19.8606
2022-09-22,17.7258,21.4047,60.8696,-43.1438
2022-09-29,19.9525,19.2399,60.8076,-40.8551
2022-10-06,23.9193,21.3256,54.755,-30.8357
2022-10-13,20.3647,23.7082,55.9271,-35.5624
2022-10-20,22.5989,21.1864,56.2147,-33.6158
2022-10-27,26.5896,27.7457,45.6647,-19.0751
2022-11-03,30.5648,36.5449,32.8904,-2.3256
2022-11-10,25.0871,27.8746,47.0383,-21.9512
2022-11-17,33.452,26.3345,40.2135,-6.7615
2022-11-24,28.863,30.9038,40.2332,-11.3702
2022-12-01,24.4681,35.1064,40.4255,-15.9574
2022-12-08,24.7273,33.4545,41.8182,-17.0909
2022-12-15,24.3028,31.0757,44.6215,-20.3187
2022-12-22,20.3077,27.3846,52.3077,-32
2022-12-29,26.4881,25.8929,47.619,-21.1309
2023-01-05,20.5128,37.5,41.9872,-21.4744
2023-01-12,24.0283,36.0424,39.9293,-15.901
2023-01-19,30.9711,35.958,33.0709,-2.0998
2023-01-26,28.3668,34.957,36.6762,-8.3094
2023-02-02,29.9003,35.5482,34.5515,-4.6512
2023-02-09,37.5,37.5,25,12.5
2023-02-16,34.1176,37.0588,28.8235,5.2941
2023-02-23,21.6471,39.7647,38.5882,-16.9411
2023-03-02,23.3766,31.8182,44.8052,-21.4286
2023-03-09,24.8276,33.4483,41.7241,-16.8965
2023-03-16,19.2171,32.3843,48.3986,-29.1815
2023-03-23,20.9497,30.1676,48.8827,-27.933
2023-03-30,22.51,31.87,45.61,-23.1
2023-04-06,33.33,31.65,35.02,-1.69
2023-04-13,26.05,39.46,34.48,-8.43
2023-04-20,27.2152,37.6582,35.1266,-7.9114
2023-04-27,24.1379,37.3563,38.5057,-14.3678
2023-05-04,24.0816,31.0204,44.898,-20.8164
2023-05-11,29.3893,29.3893,41.2214,-11.8321
2023-05-18,22.8956,37.3737,39.7306,-16.835
2023-05-25,27.3846,32.9231,39.6923,-12.3077
2023-06-01,29.0541,34.1216,36.8243,-7.7702
2023-06-08,44.5483,31.1526,24.2991,20.2492
2023-06-15,45.182,32.1199,22.6981,22.4839
2023-06-22,42.8571,29.3878,27.7551,15.102
2023-06-29,41.9277,30.6024,27.4699,14.4578
2023-07-06,46.3918,29.1237,24.4845,21.9073
2023-07-13,40.9984,33.1395,25.8721,15.1263
2023-07-20,51.3575,27.1493,21.4932,29.8643
2023-07-27,44.9064,30.9771,24.1164,20.79
2023-08-03,48.9848,29.6954,21.3198,27.665
2023-08-10,44.6991,29.7994,25.5014,19.1977
2023-08-17,35.8904,33.9726,30.137,5.7534
2023-08-24,32.2654,31.8078,35.9268,-3.6614
2023-08-31,33.0935,32.3741,34.5324,-1.4389
2023-09-07,42.1918,28.2192,29.589,12.6028
2023-09-14,34.4156,36.3636,29.2208,5.1948
2023-09-21,31.2977,34.0967,34.6056,-3.3079
2023-09-28,27.7916,31.2655,40.9429,-13.1513
2023-10-05,30.102,28.3163,41.5816,-11.4796
2023-10-12,40,23.5135,36.4865,3.5135
2023-10-19,34.0659,31.3187,34.6154,-0.5495
2023-10-26,29.2804,27.5434,43.1762,-13.8958
2023-11-02,24.3094,25.4144,50.2762,-25.9668
2023-11-09,42.6036,30.1775,27.2189,15.3847
2023-11-16,43.7838,28.1081,28.1081,15.6757
2023-11-23,45.2991,31.0541,23.6467,21.6524
2023-11-30,48.7578,31.677,19.5652,29.1926
2023-12-07,47.3118,25.2688,27.4194,19.8924
2023-12-14,51.2968,29.3948,19.3084,31.9884
2023-12-21,52.9248,26.1838,20.8914,32.0334
2023-12-28,46.3291,28.6076,25.0633,21.2658
2024-01-04,48.564,27.9373,23.4987,25.0653
2024-01-11,48.5861,27.2494,24.1645,24.4216
2024-01-18,40.3756,32.8638,26.7606,13.615
2024-01-25,39.2683,34.6341,26.0976,13.1707
2024-02-01,49.0667,26.4,24.5333,24.5334
2024-02-08,49.0251,28.4123,22.5627,26.4624
2024-02-15,42.1717,31.0606,26.7677,15.404
2024-02-22,44.2771,29.5181,26.2048,18.0723
2024-02-29,46.4968,32.1656,21.3376,25.1592
2024-03-07,51.735,26.4984,21.7666,29.9684
2024-03-14,45.8967,32.2188,21.8845,24.0122
2024-03-21,43.2024,29.6073,27.1903,16.0121
2024-03-28,50,27.551,22.449,27.551
2024-04-04,47.2868,30.491,22.2222,25.0646
2024-04-11,43.4426,32.5137,24.0437,19.3989
2024-04-18,38.2749,27.7628,33.9623,4.3126
2024-04-25,32.1337,33.9332,33.9332,-1.7995
2024-05-02,38.4858,29.0221,32.4921,5.9937
2024-05-09,40.8163,35.3741,23.8095,17.0068
2024-05-16,40.8638,35.8804,23.2558,17.608
2024-05-23,47.0395,26.6447,26.3158,20.7237
2024-05-30,39.0411,34.2466,26.7123,12.3288
2024-06-06,38.9706,29.0441,31.9853,6.9853
2024-06-13,44.5946,29.7297,25.6757,18.9189
2024-06-20,44.373,33.119,22.508,21.865
2024-06-27,44.4882,27.1654,28.3465,16.1417
2024-07-04,41.7391,32.1739,26.087,15.6521
2024-07-11,49.1803,29.0984,21.7213,27.459
2024-07-18,52.7473,23.8095,23.4432,29.3041
2024-07-25,43.1734,25.0923,31.7343,11.4391
2024-08-01,44.8819,29.9213,25.1969,19.685
2024-08-08,40.5405,22.0077,37.4517,3.0888
2024-08-15,42.5397,28.5714,28.8889,13.6508
2024-08-22,51.6129,24.7312,23.6559,27.957
2024-08-29,51.1628,21.8605,26.9767,24.1861
2024-09-05,45.3287,29.7578,24.9135,20.4152
2024-09-12,39.7959,29.2517,30.9524,8.8435
2024-09-19,50.8251,22.7723,26.4026,24.4225
2024-09-26,49.6241,26.6917,23.6842,25.9399
2024-10-03,45.4545,27.2727,27.2727,18.1818
2024-10-10,49.0119,30.4348,20.5534,28.4585
2024-10-17,45.4545,29.1667,25.3788,20.0757
2024-10-24,37.7049,32.377,29.918,7.7869
2024-10-31,39.485,29.6137,30.9013,8.5837
2024-11-07,41.5441,30.8824,27.5735,13.9706
2024-11-14,49.8442,21.8069,28.3489,21.4953
2024-11-21,41.2903,25.4839,33.2258,8.0645
2024-11-28,37.0518,24.3028,38.6454,-1.5936
2024-12-05,48.3333,21,30.6667,17.6666
2024-12-12,43.3333,25,31.6667,11.6666
2024-12-19,40.7143,27.8571,31.4286,9.2857
2024-12-26,37.8049,28.0488,34.1463,3.6586
2025-01-02,35.443,30.3797,34.1772,1.2658
2025-01-09,34.6674,27.957,37.3656,-2.6982
2025-01-16,25.4286,34,40.5714,-15.1428
2025-01-23,43.4286,27.1429,29.4286,14
2025-01-30,40.9639,25,34.0361,6.9278
2025-02-06,33.3333,23.8095,42.8571,-9.5238
2025-02-13,28.4153,24.3169,47.2678,-18.8525
2025-02-20,29.1908,30.3468,40.4624,-11.2716
2025-02-27,19.3846,20,60.6154,-41.2308
2025-03-06,19.3333,23.5556,57.1111,-37.7778
2025-03-13,19.1083,21.6561,59.2357,-40.1274
2025-03-20,21.5812,20.2991,58.1197,-36.5385
2025-03-27,27.4194,20.4301,52.1505,-24.7311
2025-04-03,21.7617,16.3212,61.9171,-40.1554
2025-04-10,28.5171,12.5475,58.9354,-30.4183
2025-04-17,25.4364,17.7057,56.8579,-31.4215
2025-04-24,21.9373,22.5071,55.5556,-33.6183
2025-05-01,20.944,19.764,59.292,-38.348
2025-05-08,29.4479,19.0184,51.5337,-22.0858
2025-05-15,35.9322,19.661,44.4068,-8.4746
2025-05-22,37.7049,25.5738,36.7213,0.9836
2025-05-29,32.8904,25.2492,41.8605,-8.9701
2025-06-05,32.6599,25.9259,41.4141,-8.7542
2025-06-12,36.6667,29.7436,33.5897,3.077
2025-06-19,33.209,25.3731,41.4179,-8.2089
2025-06-26,35.0694,24.6528,40.2778,-5.2084
2025-07-03,45.0161,21.865,33.119,11.8971
2025-07-10,41.3793,22.9885,35.6322,5.7471
2025-07-17,39.2655,21.7514,38.9831,0.2824
2025-07-24,36.7781,29.1793,34.0426,2.7355
2025-07-31,40.3333,26.6667,33,7.3333
2025-08-07,34.8703,21.902,43.2277,-8.3574
2025-08-14,29.8817,23.9645,46.1538,-16.2721
2025-08-21,30.8442,24.3506,44.8052,-13.961
2025-08-28,34.6021,25.9516,39.4464,-4.8443
2025-09-04,32.6861,23.9482,43.3657,-10.6796
2025-09-11,28.0277,22.4913,49.481,-21.4533
2025-09-18,41.6667,15.9722,42.3611,-0.6944
2025-09-25,41.7266,19.0647,39.2086,2.518
2025-10-02,42.9167,17.9167,39.1667,3.75
2025-10-09,45.8746,18.4818,35.6436,10.231
2025-10-16,33.6601,20.2614,46.0784,-12.4183
2025-10-23,36.8601,20.4778,42.6621,-5.802
2025-10-30,44.0273,19.1126,36.8601,7.1672
2025-11-06,37.9661,25.7627,36.2712,1.6949
2025-11-13,31.6151,19.244,49.1409,-17.5258
2025-11-20,32.5758,23.8636,43.5606,-10.9848
2025-11-27,32.0285,25.2669,42.7046,-10.6761
2025-12-04,44.2907,24.9135,30.7958,13.4949
2025-12-11,44.586,24.8408,30.5732,14.0128
2025-12-18,44.1406,22.6563,33.2031,10.9375
2025-12-25,37.4449,27.7533,34.8018,2.6431
2026-01-01,42.0354,30.9735,26.9912,15.0442
2026-01-08,42.492,27.476,30.0319,12.4601
2026-01-15,49.5017,22.2591,28.2392,21.2625
2026-01-22,43.1655,24.1007,32.7338,10.4317
2026-01-29,44.4,24.8,30.8,13.6
2026-02-05,39.667,31.3333,29,10.667
2026-02-12,38.5214,23.3463,38.1323,0.3891
2026-02-19,34.5382,28.5141,36.9478,-2.4096
2026-02-26,33.1967,27.0492,39.7541,-6.5574
2026-03-05,33.0579,31.405,35.5372,-2.4793
2026-03-12,31.9392,21.673,46.3878,-14.4486
2026-03-19,30.4,17.6,52,-21.6
2026-03-26,32.0988,18.107,49.7942,-17.6954
2026-04-02,33.5714,15,51.4286,-17.8572
2026-04-09,35.7466,21.267,42.9864,-7.2398
2026-04-16,31.7308,25.4808,42.7885,-11.0577
2026-04-23,46.0465,19.5349,34.4186,11.6279
2026-04-30,38.1323,22.179,39.6887,-1.5564
2026-05-07,38.3142,28.7356,32.9502,5.364
2026-05-14,39.322,24.0678,36.6102,2.7118
2026-05-21,31.7181,24.6696,43.6123,-11.8942
2026-05-28,35.556,22.5926,41.8519,-6.2959
2026-06-04,36.2637,26.7399,36.9963,-0.7326
