date,open_interest,lev_money_net,lev_money_cot_index,asset_mgr_net,asset_mgr_cot_index,dealer_net,dealer_cot_index
2006-06-13,2042655,-163791,,201298,,-395275,
2006-06-20,1293970,-232233,,241524,,-271685,
2006-06-27,1298945,-244045,,224074,,-218878,
2006-07-03,1332529,-218166,,233885,,-240776,
2006-07-11,1344585,-245621,,242865,,-204703,
2006-07-18,1403408,-303162,,220954,,-131762,
2006-07-25,1378698,-269008,,243882,,-156600,
2006-08-01,1386714,-289416,,233707,,-111193,
2006-08-08,1465662,-328389,,243249,,-116345,
2006-08-15,1503215,-290140,,260940,,-211927,
2006-08-22,1547766,-313196,,280941,,-216578,
2006-08-29,1581886,-273421,,283277,,-281898,
2006-09-05,1672748,-314372,,314232,,-266879,
2006-09-12,1998218,-314102,,330157,,-275257,
2006-09-19,1303906,-212302,,401622,,-409709,
2006-09-26,1428199,-162614,,405079,,-479778,
2006-10-03,1453775,-127038,,390426,,-513768,
2006-10-10,1499138,-117332,,392482,,-556093,
2006-10-17,1557473,-91606,,391497,,-570530,
2006-10-24,1610999,-76792,,377886,,-560024,
2006-10-31,1649310,-14471,,323004,,-577133,
2006-11-07,1697597,-29671,,330437,,-591914,
2006-11-14,1738166,-4966,,333074,,-628131,
2006-11-21,1785579,19889,,364594,,-659655,
2006-11-28,1808800,27701,,379810,,-635302,
2006-12-05,1961863,-33647,,439195,,-636313,
2006-12-12,2361730,-50405,,466831,,-699457,
2006-12-19,1504936,-2425,,410231,,-543723,
2006-12-26,1489606,-17031,,412358,,-571055,
2007-01-03,1518364,20905,,351628,,-557582,
2007-01-09,1584567,46614,,371450,,-573826,
2007-01-16,1647575,57724,,364968,,-592839,
2007-01-23,1664762,-12213,,356689,,-517421,
2007-01-30,1669513,-103767,,381182,,-448516,
2007-02-06,1726207,-64250,,384226,,-433989,
2007-02-13,1783100,-81059,,374437,,-452084,
2007-02-20,1869638,-75613,,400208,,-486420,
2007-02-27,2006422,-162524,,420849,,-431549,
2007-03-06,2101358,-245285,21.52323283598325,423455,83.6645539349158,-277039,71.8075557912774
2007-03-13,2700111,-369518,0.0,424264,83.96922416422818,-122802,98.0265663035644
2007-03-20,1696188,-431537,0.0,416090,80.89088738499545,-200498,84.8188908381271
2007-03-27,1741510,-466972,0.0,440948,90.25243566712989,-241670,77.81999238437164
2007-04-03,1873931,-482331,0.0,450124,93.70812667352081,-237909,78.45933118463819
2007-04-10,1887175,-457281,4.638416457583023,453290,94.9004455190127,-252113,76.04476901527205
2007-04-17,1945192,-451195,5.765338715501199,452342,94.54342774721033,-190005,86.60261379244693
2007-04-24,2035415,-453953,5.254649989352936,487819,100.0,-223362,80.93220050861518
2007-05-01,1993806,-348184,24.839507087241113,458658,89.82238649174057,-306750,66.75693226170563
2007-05-08,2008221,-362319,22.222181074149855,479486,97.09166169320922,-340291,61.055240504263395
2007-05-15,2010006,-350877,24.340854172260233,512806,100.0,-384027,53.62048332041396
2007-05-22,2160963,-415808,12.317819481349122,517011,100.0,-279612,71.37016713584377
2007-05-29,2200527,-475543,1.2569090185258909,547549,100.0,-238468,78.36430582187589
2007-06-05,2405114,-501867,0.0,564189,100.0,-176838,88.84089456434526
2007-06-12,2861518,-526510,0.0,555719,97.66596581342607,-80622,100.0
2007-06-19,1577585,-245593,48.08295990989912,531334,90.94631721370881,-293490,65.60181631614242
2007-06-26,1642944,-258217,45.922181865485406,528822,90.25409833806846,-307194,63.38733264925223
2007-07-03,1619924,-330209,33.599722029186935,505969,83.9566150717433,-156903,87.67345091987363
2007-07-10,1682680,-368125,27.109856667020406,523738,88.85312669644604,-73975,100.0
2007-07-17,1702051,-386984,23.881869251019282,515627,86.61802028708345,-83318,98.50627196306209
2007-07-24,1787275,-419621,18.295580195606558,573836,100.0,-70947,100.0
2007-07-31,1981173,-430215,16.48226566752363,508404,82.43615416413897,-10578,100.0
2007-08-07,2111980,-410904,19.787619344303824,498319,79.72904777499208,22725,100.0
2007-08-14,2121969,-390894,23.212616862421566,475205,73.52458004284127,13360,98.70323547249862
2007-08-21,2085581,-364228,27.77688391979926,465183,70.83438468022054,-27772,93.00771827600245
2007-08-28,2115440,-365714,27.522533779273374,481524,75.22078284631365,-62090,88.25573054991678
2007-09-04,2086435,-381906,24.751041534727523,440633,64.24445291487044,55241,100.0
2007-09-11,2264864,-409993,19.94355001591828,459488,69.3056815680548,133275,100.0
2007-09-18,2851893,-424345,17.487000071889003,503354,81.08058775212193,141282,100.0
2007-09-25,1747463,-360788,28.365689090330243,519012,85.28364891635216,-317686,45.40897948114694
2007-10-02,1865981,-372504,26.360328224649717,537081,90.13389238144833,-348012,41.80191474405255
2007-10-09,1950942,-374752,25.975550892279465,561454,96.67631221512974,-377408,38.305466976077
2007-10-16,2000172,-369290,26.910450264791162,598951,100.0,-427698,32.323824635231624
2007-10-23,1977779,-420099,18.21376366318975,604895,100.0,-374657,38.632679107309166
2007-10-30,2026594,-435321,15.608300783590137,619409,100.0,-423641,32.806376295140346
2007-11-06,2036619,-476697,8.52620696501744,629913,100.0,-346020,42.038849155326446
2007-11-13,2055383,-417773,18.6118918104732,631926,100.0,-400318,35.58048336047215
2007-11-20,2149374,-401411,21.41248198495808,633801,100.0,-422390,32.95517396005181
2007-11-27,2150535,-377945,25.429023302306952,654070,100.0,-455437,29.024465381051666
2007-12-04,2164011,-432800,16.039805968156596,613805,91.10700308322953,-415693,33.751735080684966
2007-12-11,2342983,-434894,15.681387937025232,611274,90.54800208493458,-426376,32.481067251548936
2007-12-18,2757399,-331485,33.38131639035044,672121,100.0,-451901,29.445047749658336
2007-12-24,1747039,-220002,52.463225351485875,670004,99.5503618132504,-452900,29.32622371508875
2007-12-31,1725583,-213301,53.610197283964986,690600,100.0,-451054,29.545792451640757
2008-01-08,1993208,-256444,46.22565615832013,705715,100.0,-493095,24.545310732581694
2008-01-15,2139579,-192680,57.13977618556948,714935,100.0,-618185,9.666733671210686
2008-01-22,2509683,-71969,77.80118924951303,697912,96.68579171671823,-720903,0.0
2008-01-29,2389489,-163436,62.145304792257896,794410,100.0,-675656,5.24794562651867
2008-02-05,2490724,-209704,54.22587524861614,784231,98.28379800105208,-624873,11.13798082778058
2008-02-12,2473964,-272810,43.42438132666021,743040,91.33890395068723,-566558,17.901610443234343
2008-02-19,2371943,-330427,33.56240821314747,741172,91.02395500343948,-499414,25.689266224766143
2008-02-26,2358196,-347617,30.620094003430133,723195,87.99299289173041,-469294,29.182716006425537
2008-03-04,2402309,-288003,40.8238822115796,725604,88.39915564008147,-427035,34.0841002801023
2008-03-11,2494075,-296148,39.42974903891249,706931,85.25084638314517,-405469,36.585419602521505
2008-03-18,3089662,-171405,60.78129653529236,750476,92.59263005975262,-525387,22.676803702221683
2008-03-25,2083681,-430731,16.39394489194398,799195,100.0,-484875,27.37556324918666
2008-04-01,2112188,-428159,16.834179455492148,838978,100.0,-517350,23.60897023260669
2008-04-08,2098521,-437186,15.289079375729589,905548,100.0,-567406,17.80325568178523
2008-04-15,2040110,-376255,25.718290958759678,785867,83.00589279375222,-517402,23.60293904440462
2008-04-22,2042108,-401423,21.410428013432973,782486,82.52580759673411,-485753,27.27372895608251
2008-04-29,2070518,-421673,17.944351064813073,787947,83.30124245651402,-480840,27.843560256789434
2008-05-06,2117598,-342353,31.52110284577755,787613,83.25381611643593,-520638,23.22761356321439
2008-05-13,2129204,-396601,22.23578223793891,811594,86.65899893503727,-483053,27.58688680503604
2008-05-20,2225222,-429931,16.530876326951187,810717,86.53446929357472,-462393,29.98312427147306
2008-05-27,2290268,-420009,18.229168449628062,743132,76.93773517926873,-427564,34.02274453858511
2008-06-03,2348861,-397596,22.065473765648697,738618,76.29676961306355,-403088,36.861578431543116
2008-06-10,2452965,-383536,24.472043735900343,732506,75.42889598864039,-357962,42.095489947053125
2008-06-17,2862936,-369601,26.857218169432112,692563,69.75718849840256,-379369,39.61261214240564
2008-06-24,1945640,-403293,21.090350784103627,708793,72.06176783812566,-372194,40.44480012990251
2008-07-01,2128123,-372926,26.28809689268341,707804,71.92133475328365,-463694,29.83222858203286
2008-07-08,2305626,-393621,22.74585183334075,680000,67.97330493432729,-519895,23.313789963870864
2008-07-15,2551139,-299931,38.782234515622164,640953,62.42882499112531,-635219,9.93800634434605
2008-07-22,2435264,-432816,16.037067339456453,634571,61.5226127085552,-492088,26.538967854926724
2008-07-29,2488058,-390654,23.253696292923724,642660,62.67121050763224,-535278,21.529602115555246
2008-08-05,2492891,-356846,29.04041873632825,660872,65.2572239971601,-567426,17.800935994015205
2008-08-12,2464192,-345652,30.956431840666582,675256,67.29968051118212,-601647,13.831834235111954
2008-08-19,2480117,-374547,26.01063957250006,716727,73.18835640752573,-595183,14.581557322384405
2008-08-26,2444920,-353065,29.68759093103106,719722,73.6136315228967,-582318,16.07369648045373
2008-09-02,2459817,-337391,32.37042007140975,686257,68.86176783812566,-567609,17.779710850919468
2008-09-09,2584380,-296665,39.34125709903908,675278,67.30280440184593,-610881,12.760834391690878
2008-09-16,3205598,-83683,75.79617071242002,590482,55.26219382321619,-690697,3.5034244390705007
2008-09-23,2266433,-226576,51.337991284314164,637039,61.873056443024495,-518651,23.45807454316649
2008-09-30,2565210,-180931,59.15078547294406,642047,62.584167554135604,-661877,6.84609451567819
2008-10-07,2894010,-59814,79.88169124015377,518965,45.10713525026624,-861306,0.0
2008-10-14,3189495,-98840,73.20183351191474,609786,58.003265885694,-908055,0.0
2008-10-21,3023160,-60657,79.73739974051493,616889,59.01185658501953,-949517,0.0
2008-10-28,3062115,6127,91.16843593491649,586018,54.6283280085197,-923427,2.391824708310147
2008-11-04,2896273,55981,99.70166063597804,712319,72.56244231451899,-989884,0.0
2008-11-11,3042768,1965,90.4560501442915,674607,67.20752573659922,-906763,7.348258345813082
2008-11-18,3199331,78487,100.0,716309,73.12900248491303,-972801,1.5102115869819284
2008-11-25,3253752,172560,100.0,754829,78.59865104721335,-1026293,0.0
2008-12-02,3227862,176969,100.0,778982,82.02825701100461,-1042048,0.0
2008-12-09,3147959,243400,100.0,718446,73.43244586439475,-988263,4.545224071053721
2008-12-16,3814544,309302,100.0,863479,94.02641107561234,-1105451,0.0
2008-12-22,2276969,181862,84.75255200930353,815816,87.25850195243167,-1077073,2.276189047695056
2008-12-30,2307779,168418,83.1440563188851,814319,87.04593539226127,-1111390,0.0
2009-01-06,2411321,60464,70.22799385507746,968746,100.0,-1138480,0.0
2009-01-13,2438899,130064,78.55522533775539,844248,83.77766311202843,-999430,10.865301517000818
2009-01-20,2565182,141855,79.96594928046021,759096,72.68218823946378,-846602,22.80720946550999
2009-01-27,2620436,195768,86.41632328801214,834240,82.47360081725407,-960568,13.901959895668101
2009-02-03,2681609,225376,89.95874670380421,803477,78.46512076388238,-895557,18.98188881995246
2009-02-10,2746341,80451,72.6193210913459,803810,78.50851132584879,-749841,30.36806843772514
2009-02-17,3047503,143384,80.14888515599202,741544,70.39512774806892,-647012,38.40307807232907
2009-02-24,3099079,159915,82.12672227725852,746120,70.99138964464042,-682518,35.6286559532163
2009-03-03,3306527,190498,85.78579872028638,740775,70.29492551938372,-658842,37.47868744344652
2009-03-10,3582979,207641,87.83685804941781,636829,56.7505550864684,-475145,51.83268451477696
2009-03-17,3929370,91359,73.92439926682077,727135,68.5176064046033,-514268,48.775631719022755
2009-03-24,2428148,-246448,33.507774475599774,775921,74.8745191856647,-461540,52.895772807756444
2009-03-31,2439953,-171946,42.4215014859801,703309,65.4130312412046,-422555,55.94204234849918
2009-04-07,2412590,-204750,38.49669542911564,666547,60.62286956249805,-381237,59.17061141055915
2009-04-14,2454936,-235614,34.80399898541777,678573,62.18988126882864,-333396,62.90888462073416
2009-04-21,2511152,-198080,39.29472177953894,644582,57.76078639855729,-311835,64.5936510069841
2009-04-28,2616834,-257975,32.12863658334649,784743,76.02404332280493,-342536,62.19468932504637
2009-05-05,2629788,-353717,20.673668241183424,820270,80.65328204647089,-322449,63.764278045449075
2009-05-12,2645720,-331322,23.353098543691644,855053,85.18557609114885,-400985,57.62751199051074
2009-05-19,2700135,-322595,24.397232870549836,859372,85.74835037683334,-394979,58.09681800209726
2009-05-26,2736726,-339120,22.42011361406632,875504,87.85038204542849,-376179,59.56584114858856
2009-06-02,2757744,-344491,21.777504989160242,953238,97.97927677184643,-420196,56.1263734975722
2009-06-09,2815342,-364013,19.441812273573483,945797,96.93109848727988,-429237,55.419914015262215
2009-06-16,3243222,-310346,25.86275382502285,870881,86.91280463016454,-424368,55.80037538229765
2009-06-23,2303107,-174181,42.15409685431652,767286,73.05935340308535,-472683,52.02506403534407
2009-06-30,2330177,-216680,37.06934095227156,779751,74.72626077839827,-394776,58.112680326498214
2009-07-07,2411917,-292665,27.97818169636234,734603,68.68875302223078,-304059,65.20126398502222
2009-07-14,2401740,-269047,30.803936770469914,743102,69.30176494036371,-299850,65.53015326287232
2009-07-21,2420483,-290605,28.22464860518873,783951,74.85915713315892,-348231,61.749684707000206
2009-07-28,2503699,-200374,39.02025814417596,842341,82.57677150973747,-550165,45.97065704404413
2009-08-04,2547131,-215754,37.18013141711294,859127,84.51284674049104,-517089,48.555200107519994
2009-08-11,2595818,-241182,34.13782046680354,887627,88.20610492799558,-586914,43.09910749029898
2009-08-18,2622199,-244012,33.799227577493504,904093,90.5680636177566,-616298,40.8030555681447
2009-08-25,2651182,-294784,27.724655783836553,905693,90.36643983169192,-616540,40.784145802110075
2009-09-01,2673739,-254669,32.524180078773696,931498,94.23175200002478,-617162,40.73554301502936
2009-09-08,2688470,-262188,31.624575861557386,902393,89.72453394699431,-554262,45.65051939344972
2009-09-15,3084056,-273975,30.214330495374558,929784,93.96632091454482,-581990,43.48386653143319
2009-09-22,2284722,-249648,33.12491325800539,893381,88.32893012998998,-602603,41.87317641874036
2009-09-29,2338950,-246958,33.44675596904567,921070,92.61686555931007,-594661,42.49376055860387
2009-10-06,2334675,-241546,34.09427000330218,867000,84.2435523785041,-473196,51.98497845693184
2009-10-13,2323932,-286445,28.72236818806143,905240,90.16542210356458,-478429,51.5760743013154
2009-10-20,2392419,-335799,22.817451771450997,961515,98.8802029293433,-486042,50.98119806651549
2009-10-27,2472585,-303303,26.705407436121998,937299,95.07338922058125,-492660,50.464070663138926
2009-11-03,2531749,-181796,41.24300680057238,851086,81.49045419650386,-474675,51.86941009343925
2009-11-09,2560834,-218970,36.79535589343058,1020672,100.0,-572940,44.1910292695048
2009-11-17,2606977,-183233,41.0710781850464,1048540,100.0,-687200,35.26280667811672
2009-11-24,2639563,-139141,46.346427186975056,1034429,97.97521064352458,-653433,37.90134415617904
2009-12-01,2657480,-122505,48.33682694194388,1058417,100.0,-691727,34.90906903002277
2009-12-08,2770435,-158742,44.00128258507895,1041850,97.6560189816197,-587155,43.080275863793425
2009-12-15,3378983,-95415,51.57798643714136,1045027,98.10551663933649,-643786,38.65515619310466
2009-12-22,2375469,-275916,29.982101238077462,1005392,92.49776100080787,-663791,37.09197491408559
2009-12-29,2400627,-300643,27.02366082324733,1057022,99.80120502530895,-681459,35.71140571450004
2010-01-05,2406829,-247778,33.34864778203711,998638,91.48117219207442,-664242,37.05673398647561
2010-01-12,2445201,-329543,23.565945451848023,994182,90.84616831592868,-560441,45.16769524333431
2010-01-19,2479545,-313919,25.435265346752615,990309,90.04239890055264,-550758,45.9243203033064
2010-01-26,2633024,-359338,20.001148583652785,843478,68.57525073832568,-389049,58.56018540947458
2010-02-02,2710912,-326082,23.980033787502453,773504,58.34483464428784,-349939,61.616222391350895
2010-02-09,2835286,-214155,37.37144238177964,757443,54.27379449384618,-370673,59.996077395640754
2010-02-16,2827987,-234531,34.93357357874737,794913,58.976658306438935,-391240,58.38898170128508
2010-02-23,2847974,-243699,33.83667619033945,826507,63.895336798857905,-365384,60.40935736488503
2010-03-02,2870663,-253646,32.6465760242734,837128,65.5488559565455,-376989,59.50254813004293
2010-03-09,2971944,-267022,31.04621613472886,787525,57.82646533619169,-347943,61.772188891372
2010-03-16,3578829,-259338,31.965561633477385,796771,57.64765678619064,-309342,64.78845285295235
2010-03-23,2348917,-489208,4.462965355845573,818179,61.112945625008095,-400734,57.64712501230698
2010-03-30,2419469,-520809,0.6820911879705006,853330,66.80279838908098,-405935,57.24072132162073
2010-04-06,2408236,-491344,4.207405493101319,813384,60.336784377711304,-369112,60.118053200516975
2010-04-13,2426056,-514408,1.4479332672897733,798465,57.921862657498416,-335876,62.715098588643826
2010-04-20,2496089,-471856,6.539030308251139,814759,60.55935407844814,-345059,61.99754329320608
2010-04-27,2575827,-484601,5.014165865050992,796898,57.66821413309506,-322485,63.76146502240261
2010-05-04,2566615,-483474,5.1490048001225155,779204,54.804106289576936,-295537,65.86716905174555
2010-05-11,2659978,-415907,13.232999765497505,777882,54.59011563912306,-443972,54.268528054435116
2010-05-18,2641156,-360454,19.86762573401674,768330,53.043944161713476,-484030,51.13841479900169
2010-05-25,2735512,-281432,29.322144214249136,610450,27.488086450927835,-398331,57.83489430065902
2010-06-01,2820119,-378189,17.74573707963035,741741,48.74001269051966,-363264,60.57501316651065
2010-06-08,3046422,-329541,23.04125592842403,676653,38.204291467567955,-335467,62.74705765603292
2010-06-15,3426436,-369603,18.215154358874898,730768,46.963825544203154,-364127,60.507578752924374
2010-06-22,2607245,-514953,0.7054478256522321,787178,56.09484868497727,-465829,52.56063236758085
2010-06-29,2752345,-427643,11.223318327308036,712590,44.02137316602567,-451894,53.649506705152994
2010-07-06,2875146,-470500,6.060514798623317,729864,46.81749608277327,-393222,58.234109154670946
2010-07-13,2812693,-594379,0.0,820554,61.49738419900807,-315659,64.29484544782545
2010-07-20,2814633,-488368,11.731020127677798,785994,55.903195939033715,-335995,62.70579998468465
2010-07-27,2780454,-489858,11.566138936195406,780467,55.008546676508296,-343629,62.1092828197743
2010-08-03,2745286,-488670,11.697601255310227,770654,53.420127423177036,-360309,60.80591547490861
2010-08-10,2752036,-475142,13.194589683749022,807517,59.38709969827642,-387518,58.67981702847873
2010-08-17,2826725,-402112,21.275981236741725,709530,43.526054413840434,-324413,63.610812010358174
2010-08-24,2939121,-379903,23.733596257971563,671111,37.30721417194359,-214840,72.17279462900133
2010-08-31,3042646,-363889,25.505681761595078,701217,40.360209640875624,-209247,72.6098290150825
2010-09-07,3025949,-401955,21.293354624032155,721481,39.29770134200983,-219215,71.83093418932583
2010-09-14,3460098,-419818,19.31666152104559,793313,50.85679541460594,-289444,91.36954886449362
2010-09-21,2480461,-425878,18.64607090333868,855990,62.47543803711915,-445924,74.52985419157521
2010-09-28,2570715,-408460,20.57352096591607,872715,65.57580655924902,-501376,68.56235196124115
2010-10-05,2643979,-413977,19.963017923360123,845792,60.58500107516517,-493630,69.39594267530317
2010-10-12,2687051,-422170,19.056392687242514,898846,70.41979638596206,-546763,63.67800110413641
2010-10-19,2689641,-421705,19.107848898007152,917971,73.96506083951863,-519431,66.61935165884123
2010-10-26,2696003,-344407,27.661531004856805,939474,77.95114301179716,-598621,58.09726946847561
2010-11-02,2709889,-305011,32.02103397105837,906577,71.85291740507033,-589827,59.04364136874175
2010-11-09,2801910,-366745,25.189641034834192,976413,84.79864751636846,-601911,57.74321402705242
2010-11-16,2859310,-393363,22.24413260874136,913408,73.11920244989359,-482209,70.62502085052942
2010-11-23,2836389,-391121,22.492229005589362,932073,76.57919518326005,-461463,72.85761482857367
2010-11-30,2882495,-333068,28.91628793788959,923306,74.95402742041925,-488399,69.95888006560249
2010-12-07,2979326,-384915,23.178975766891195,976383,84.79308631722563,-518964,66.66960816070888
2010-12-14,3391166,-358115,26.14462404321879,1005888,90.2625256742027,-584426,59.62487341710852
2010-12-21,2435858,-255557,37.49354030902497,914185,73.26323750769299,-627732,54.964470697876635
2010-12-28,2479708,-283713,34.37783908259662,958055,81.39556438756368,-618599,55.947324298642
2011-01-04,2499724,-264142,36.54353693394018,897212,70.11689640598236,-581995,59.8864870274732
2011-01-11,2533574,-229551,40.37132572224048,855717,62.424831124919365,-606695,57.22838082590695
2011-01-18,2575471,-293835,33.25775356569409,895209,69.74559367654582,-544084,63.966303392152454
2011-01-25,2649692,-290430,33.634545818712574,927401,75.71313110341606,-555978,62.686323021244405
2011-02-01,2707779,-289891,33.69419075979245,875327,66.06000163128508,-549109,63.425534822805474
2011-02-08,2775873,-346546,27.424832435339464,933571,76.85688439379223,-498496,68.87228499203107
2011-02-15,2837103,-377122,24.041337595899435,936922,77.47807033804676,-472060,71.71721193715678
2011-02-22,2899999,-317642,30.62330623306233,947802,79.49493189384783,-458845,73.13935256281255
2011-03-01,2970595,-334740,28.731266896172432,892270,69.20078153385288,-479343,70.93344726241965
2011-03-08,3037799,-245500,38.60643302227224,908793,72.26370464842098,-522753,66.26185251707591
2011-03-15,3595592,-142816,49.969292261317875,891651,69.08603545820573,-515172,67.07768665124894
2011-03-22,2571151,-507465,9.617774413758838,864846,64.1171040240837,-213782,99.51196309214158
2011-03-29,2655711,-527899,7.356578261576817,906307,71.80286661278483,-234723,97.25838406513759
2011-04-05,2682037,-520309,8.19647641147706,871499,65.35039262065948,-217553,99.10614452995105
2011-04-12,2695345,-541014,5.905291800978443,885537,67.9526630728962,-212072,99.6959858291731
2011-04-19,2708468,-502877,10.12547569330328,908268,72.1663836634214,-213565,99.53531568508652
2011-04-26,2745754,-470953,13.65813821470187,938924,77.84918769417854,-282661,92.09950572138527
2011-05-03,2816881,-417701,19.550925603171915,929259,76.05755470366223,-325064,87.53627992118231
2011-05-10,2707707,-437564,17.352915464638517,963808,82.46201700985445,-354440,84.37496300712523
2011-05-17,2725544,-437759,17.3313370536727,952083,80.28851501153021,-336212,86.3365808144997
2011-05-24,2803618,-426897,18.533309873727568,965772,82.8260901804053,-300610,90.16791267636857
2011-05-31,2866938,-446892,16.320692810848076,990380,87.38775646396714,-271439,93.30716838510901
2011-06-07,3009071,-393813,22.19433627574332,932535,76.6648376500597,-325046,87.53821700262475
2011-06-14,3425322,-363501,25.548617266491163,949231,79.75983034635148,-364621,83.27932822015576
2011-06-21,2537969,-480466,12.605443735123345,914505,73.32255696521656,-373183,82.35792314736993
2011-06-28,2516434,-408736,20.542979215010607,936362,77.37426128738053,-406997,78.71900804211646
2011-07-05,2494190,-399344,21.582284013938548,926027,75.45842818267427,-370244,82.6742055006656
2011-07-12,2601431,-313291,31.10478144389447,828162,57.316869712226485,-378155,81.82285820671457
2011-07-19,2599222,-332668,28.960551344998954,848323,61.05418090951559,-344318,85.46424847158893
2011-07-26,2581474,-380835,23.630462519406738,903047,71.19854963926355,-329112,87.10065182790538
2011-08-02,2811337,-249487,38.16523751190962,680874,30.013606400569465,-229630,97.80647049771154
2011-08-09,3386290,-55301,59.65357244425854,600253,15.06862519742257,-175821,100.0
2011-08-16,3229005,-282624,34.49834620845188,622425,19.1787221105863,-148175,100.0
2011-08-23,3438382,-237563,39.48472967783986,575785,10.532911176527291,-104033,100.0
2011-08-30,3569848,-380944,23.618400740969435,639080,22.266114501382887,-134109,97.09255283257625
2011-09-06,3762716,-297767,32.82264427380901,522963,0.7411224724349896,-107156,99.69809956430828
2011-09-13,4089537,-252646,37.815667254263396,442345,0.0,-27996,100.0
2011-09-20,2920552,-589816,0.5049348166001055,525200,13.448915061875885,96031,100.0
2011-09-27,2976793,-320856,30.267649756938564,326959,0.0,58353,96.94794133061593
2011-10-04,3143543,-310211,31.4456096786366,194142,0.0,124198,100.0
2011-10-11,3011932,-380751,23.639757834899704,358809,19.0526163547482,54416,94.47349205418959
2011-10-18,3003811,-436107,17.514144925034387,416784,25.76055075062914,61088,95.00189280244052
2011-10-25,3004309,-377789,23.96752836454457,375516,20.9856816406815,48668,94.01826910740505
2011-11-01,2848461,-262481,36.72734073196183,380728,21.588730438807094,5937,90.63411257660306
2011-11-08,2891815,-330796,29.167704090270792,455819,30.277053021318444,-35910,87.31996597707412
2011-11-15,2962579,-269848,35.91211943152506,395244,23.268288449856815,-59167,85.47808704990504
2011-11-22,3035521,-311699,31.28094980418975,345684,17.534002487634144,-278,90.14190474531115
2011-11-29,3015865,-323829,29.938661983598198,422503,26.422261432992972,-50650,86.1526058108243
2011-12-06,3017064,-193920,44.31419936902513,455531,30.2437302941772,-111903,81.30156698699113
2011-12-13,3406086,-188987,49.4528243194613,394632,23.19747765468167,-111866,81.30449726692
2011-12-20,2561308,-292618,36.81112039572799,383766,21.94023892858176,-159362,77.54296819933506
2011-12-27,2610560,-353090,29.434282194070178,458256,30.559023458968497,-184216,75.57461205469644
2012-01-03,2671088,-332155,31.988094003696226,427014,26.944201787625467,-213287,69.96470362077129
2012-01-10,2592195,-273829,39.10314667187148,432322,27.558358161464813,-229001,67.44007463360762
2012-01-17,2624154,-298909,36.04369598233619,499669,35.35066963640045,-262421,64.35922586069253
2012-01-24,2683566,-325276,32.82724716531158,573823,43.93057765178907,-340293,54.45072590965477
2012-01-31,2730177,-267026,40.81606443729583,573411,43.8829076393509,-316066,49.62879230789473
2012-02-07,2724897,-292811,37.60105733024114,663490,54.30540048017124,-342519,42.79903177375372
2012-02-14,2756775,-357546,29.52956285379417,730593,62.06948020016777,-370641,39.35239145754818
2012-02-21,2802676,-367109,28.337198573601658,762793,65.79514622082093,-388447,37.170083034592636
2012-02-28,2827921,-371721,27.76215056981123,773447,67.02785571721964,-391835,36.754848791249195
2012-03-06,2970409,-413873,26.32288133368721,718330,60.65060310665008,-362196,40.387413058798295
2012-03-13,3318585,-400616,35.94340707652696,782193,68.03980214630761,-504348,22.965223519318563
2012-03-20,2694315,-386880,38.49146134696649,734651,62.53900668190101,-502916,23.140729846493244
2012-03-27,2732746,-409712,34.25608168020212,784146,68.26577188973417,-553251,16.971657934246405
2012-04-03,2753427,-326021,49.7809222413083,725712,61.50472939747187,-562133,15.883077488739774
2012-04-10,2775438,-360338,43.41505310919756,640070,51.59561482167134,-485477,25.278058645096056
2012-04-17,2804377,-350772,45.18956440440901,640901,51.69176477394348,-521864,20.818457578821583
2012-04-24,2819711,-346360,46.00799884246807,594889,46.36799629747476,-496832,23.88638661641695
2012-05-01,2858768,-314860,51.851309086996686,624128,49.751063029706984,-556377,16.588534485400004
2012-05-08,2867529,-410880,34.03941544637325,587806,45.548465476844754,-466394,27.616876551153595
2012-05-15,2967815,-352937,44.787952763792994,511983,36.775447629516066,-428266,32.289855072463766
2012-05-22,3000650,-473552,22.413639584624118,516225,37.26626363136733,-309425,46.85504182369703
2012-05-29,3040378,-486617,19.990057097488677,500223,35.41476960458188,-279637,50.505867573612775
2012-06-05,3166379,-455426,25.776047251047157,417467,25.839576523675913,-270496,51.62619113276343
2012-06-12,3420267,-545425,9.081060625735052,571517,43.66376442683173,-339599,43.156907804026105
2012-06-19,2590421,-490606,19.250089968427574,556593,41.93699921899858,-232459,56.28801666819867
2012-06-26,2741979,-460569,24.822010914932534,464564,31.288883746492722,-205663,59.572142047369546
2012-07-03,2730453,-419630,32.41627371178197,540423,40.066066934714065,-292014,48.98893893433833
2012-07-10,2795931,-500210,17.46852960054018,514408,37.056029620201905,-236007,55.85317277936085
2012-07-17,2808514,-507505,16.115293148672365,510879,36.64771050880796,-227528,56.89236143027851
2012-07-24,2860141,-511954,15.289995139849891,479366,33.001533076856326,-191439,61.31543953181971
2012-07-31,2756499,-429757,30.537695843644148,576049,44.188134563651616,-308936,46.914973802739226
2012-08-07,2831826,-444124,27.87258986640152,603421,47.35518208903416,-351021,41.75702423629623
2012-08-14,2922565,-524787,12.909449096420184,669570,55.00888027537532,-314141,46.27704752275025
2012-08-21,2998239,-522197,13.389899049859205,675979,55.750426658181716,-301226,47.85991359499954
2012-08-28,3056383,-543772,9.38769528713841,691721,57.5718376674091,-304029,47.516377117994914
2012-09-04,3099775,-560250,6.330994772556105,664448,54.41624482948135,-252943,53.77749180378098
2012-09-11,3193602,-541630,9.785040383766356,693171,57.73960834225218,-301167,47.86714465177559
2012-09-18,3584406,-482212,20.80719302216006,817976,72.18003528969368,-407450,34.841069951282286
2012-09-25,2831321,-292854,55.93346417401563,793907,69.3951577912123,-581357,13.526978582590313
2012-10-02,2926111,-309405,52.86322201981902,808930,71.13337768650024,-546931,17.746238931274323
2012-10-09,2902097,-327779,49.45480987908986,823230,72.78794365219403,-569818,14.941201703587954
2012-10-16,2927011,-287165,56.988784554368756,839064,74.61999942148043,-605042,10.624138248000735
2012-10-23,2989251,-313258,52.14848315086128,849107,75.78201382661769,-564986,15.533412997518154
2012-10-30,3015873,-319337,51.02081702462352,865706,77.70258308987302,-582306,13.410668872751785
2012-11-06,2996323,-274032,59.42498117155588,809450,71.19354372161638,-599986,11.243803045623066
2012-11-13,3075902,-178520,77.14263984061675,640983,51.701252494865635,-596194,11.708551643839813
2012-11-20,3123365,-281965,57.95339449949729,666908,54.700876457146165,-578117,13.924073903851458
2012-11-27,3117207,-282868,57.785886272487474,694666,58.006211755979976,-580844,12.488565233095473
2012-12-04,3156565,-212247,70.88621683689558,685365,56.928309846096795,-639535,5.203703312948314
2012-12-11,3226043,-139952,84.29707760287009,670322,55.184961987761916,-684445,0.0
2012-12-18,3395668,-134761,85.2600180307859,747783,64.16199239755238,-682951,0.18475396435757188
2012-12-24,2763921,-345309,46.202961352531545,838470,79.3755682196155,-639880,5.511084619541627
2012-12-31,2765033,-306268,53.44514151940907,806693,75.46092004149081,-639610,5.544473890208658
2013-01-08,2799680,-357771,43.891236518648505,880257,84.52336075570437,-592194,11.408124475201047
2013-01-15,2843412,-413090,33.62945621969363,897279,86.62032212046626,-550259,16.593972865652702
2013-01-22,2946116,-421609,32.049165426895556,954460,93.66452067518657,-490042,24.040645872158667
2013-01-29,2989252,-456592,25.559752021043337,1017663,100.0,-546546,17.0531371693071
2013-02-05,3001463,-407367,34.69108366507258,938300,90.36296585029405,-562889,15.032096982228252
2013-02-12,3087242,-432400,30.047414288841317,910032,86.93038793181958,-530414,19.048084259679488
2013-02-19,3147268,-385652,38.719257695546844,898865,85.57438122403678,-509562,21.626725266897754
2013-02-26,3236746,-383475,39.12309535911315,855384,80.2944915794497,-593061,11.300907817170247
2013-03-05,3275893,-304631,53.74880815021202,747388,67.18055762998151,-593356,11.26442694736738
2013-03-12,3796609,-328510,49.31920798103428,777472,70.83365208658917,-641050,5.366397779984493
2013-03-19,2845013,-321512,50.61735036488226,849975,79.63767772770822,-606033,9.696738857567555
2013-03-26,2929558,-368547,41.89226790928215,908557,86.75127895949223,-636201,5.966044348371283
2013-04-02,3010683,-391400,37.65299270235476,923732,88.59397635275846,-623247,7.567987356596174
2013-04-09,3041311,-331136,48.83207995874437,881529,83.4692740075845,-665149,2.3862198770038203
2013-04-16,3032875,-328763,49.27227599716553,934264,89.87287513008168,-691250,0.0
2013-04-23,3028179,-339206,47.3350795246699,875148,82.69443037882458,-664892,3.2323336374606355
2013-04-30,3087728,-272194,59.76593368677631,899922,85.70273253505376,-719244,0.0
2013-05-07,3189841,-317448,51.37123013738272,922085,88.39398145281055,-709252,1.1846694852758104
2013-05-14,3287763,-381761,39.44104563718052,960714,93.08469365079944,-715459,0.4487564053011351
2013-05-21,3340104,-434007,29.749312715414096,1050497,100.0,-747800,0.0
2013-05-28,3384621,-459086,25.09711025120669,1072991,100.0,-771378,0.0
2013-06-04,3307852,-414024,33.45619743339554,1005878,92.3635345776123,-623015,16.566209902900482
2013-06-11,3397407,-402675,35.56145863863856,939586,84.82048679579769,-626090,16.222855458386558
2013-06-18,3746507,-477627,21.657719291085893,975217,88.87476688259302,-661529,12.265737357856842
2013-06-25,2729204,-238898,65.94240536619932,668547,53.98026282103069,-577813,21.613464407264154
2013-07-02,2707222,-235972,66.48518396224665,671228,54.285320914059184,-554154,24.255227920355168
2013-07-09,2723676,-290567,55.985145412196104,745960,62.78871569518768,-588738,20.393579104397617
2013-07-16,2784081,-311793,52.014068828751306,786623,67.4155628555076,-646277,13.968775402645894
2013-07-23,2813229,-325039,49.535934445244756,850145,74.64342566242892,-679272,10.284554298016026
2013-07-30,2840740,-292654,55.594697997249845,863574,76.17144697211921,-700342,7.9318784782084375
2013-08-06,2844836,-326867,49.193942171875435,857684,75.50125220601036,-670695,11.242261963250467
2013-08-13,2876427,-336989,47.30026285511164,824761,71.7551024123598,-651956,13.334658365119209
2013-08-20,2929661,-301039,54.02598617438238,749632,63.20653491100291,-674110,10.860943124871591
2013-08-27,2996973,-297696,54.65141296315351,709806,58.674925954287936,-663732,12.019750417608332
2013-09-03,2986537,-313466,51.70107480613267,706306,58.27667779106535,-647065,13.880787336864767
2013-09-10,3044856,-343803,46.025462335013984,765796,65.04575871395427,-624810,16.365780235289915
2013-09-17,3337625,-301106,54.01345144663854,787467,67.51159755543898,-696615,8.348035230957507
2013-09-24,2624099,-286732,56.70261826141455,757287,64.07756053656544,-620726,16.821799601597185
2013-10-01,2623895,-248851,63.78960365939216,723435,60.22570430187666,-611691,17.830647538567355
2013-10-08,2732549,-197962,73.31019709456235,682268,55.54150940605269,-652390,13.286197932950413
2013-10-15,2690273,-183689,75.98046827497825,684232,55.7649835182153,-634380,15.297194207973416
2013-10-22,2732821,-154226,81.49256802896083,745362,62.72067215187137,-615693,17.383784290780458
2013-10-29,2771653,-169629,78.61089024629806,819236,71.12643924041558,-642828,14.353890680411267
2013-11-05,2813333,-145291,83.16417687062103,796347,68.52201003812942,-646105,13.987980919542284
2013-11-12,2811253,-129551,86.10890246298047,801362,69.09264276343262,-605977,18.468672675462496
2013-11-19,2882916,-142047,83.77108219600947,794021,68.25734568737064,-602938,18.80800736062601
2013-11-26,2864468,-131517,85.74109239216861,786250,67.37312097982702,-601093,19.014020027334364
2013-12-03,2917291,-104658,90.76602153353976,763327,64.76482308109811,-567778,22.73397232619007
2013-12-10,2947491,-141228,83.92430521126629,789829,67.78035817301948,-609606,18.06345860094509
2013-12-17,3368625,-38211,100.0,754006,63.70423132984164,-672011,11.095317426996704
2013-12-24,2750132,-270022,57.97518151575856,894345,79.67273103798263,-613732,17.602749515395676
2013-12-31,2789364,-261604,59.501273556258546,920440,82.64195555778069,-588193,20.4544337945635
2014-01-07,2790363,-251131,61.39991479410085,926205,83.29792717520303,-649087,13.655010853350246
2014-01-14,2885511,-286886,54.91792133863906,954142,86.47674401404565,-647510,13.83109864489446
2014-01-21,2871444,-348133,43.814504944661486,939037,84.75801872676648,-642465,14.394423253861202
2014-01-28,2912005,-315751,49.68501010686995,826543,71.95786762003485,-634961,15.232319758457127
2014-02-04,2985967,-315421,49.74483552542127,736160,61.67362083816447,-631759,15.589855020679428
2014-02-11,3078305,-447262,25.843493079286812,849371,74.55535592576199,-615363,17.420632084825854
2014-02-18,3163772,-464288,22.75686406033303,859615,75.72097140691973,-629169,15.879054373944811
2014-02-25,3190988,-430330,28.91308091841082,782256,66.91866293299532,-646326,13.963304063530064
2014-03-04,3301075,-450112,25.326819009979967,809577,70.02738809511077,-618329,17.08944857834511
2014-03-11,3368513,-476639,20.51776180418959,839031,73.378817066413,-624400,16.41156082789177
2014-03-18,3878357,-405196,33.46960234225578,842583,73.78298205948917,-674826,10.780994577791276
2014-03-25,2801131,-428405,29.262062526626842,975237,88.87704258638287,-600279,19.104911252646342
2014-04-01,2801019,-374881,38.965382837356444,972231,88.53500430676942,-621916,16.688924223069847
2014-04-08,2760817,-399893,34.43097868946076,931035,83.84750964045018,-646794,13.911047191974774
2014-04-15,2808434,-375512,38.850989385520435,885523,78.66891809628275,-611751,17.82394793965001
2014-04-22,2793289,-343248,44.700102428368126,890776,79.2666316966851,-617151,17.22098403708898
2014-04-29,2852227,-335710,46.066660019397936,886961,78.83254119877249,-641354,14.518477493814036
2014-05-06,2851024,-384051,37.30296135821829,891263,79.32204508396778,-563036,23.26346396062422
2014-05-13,2952843,-391800,35.89815175714506,917489,82.3061754635893,-610137,18.004167150526587
2014-05-20,2964178,-439037,27.33459631439164,885790,78.69929874187716,-571860,22.27817627984671
2014-05-27,3042386,-404744,33.55154503675637,918665,82.43998684643209,-628884,15.910877468802202
2014-06-03,3090854,-417112,31.309360865111813,963611,87.55417597334696,-653321,13.182242489749612
2014-06-10,3215901,-454693,24.496333426999392,970660,88.35624777407723,-624662,16.382305912619362
2014-06-17,3542606,-457202,24.041478956862246,922827,82.91356080509848,-586084,20.689924696508168
2014-06-24,2864180,-576453,2.422566873034146,951946,86.22687173792085,-487578,31.689102879040977
2014-07-01,2941198,-532149,10.454401247269333,924094,83.05772664018505,-524159,27.6044690791178
2014-07-08,2931095,-552432,6.777313476128752,936433,84.46172209332889,-504882,29.75693855127873
2014-07-15,2937915,-468593,21.976414281959013,938173,84.65970832304525,-564905,23.05477145434893
2014-07-22,2959472,-437746,27.56864060333028,935482,84.35351237812185,-583096,21.023564722591942
2014-07-29,2972352,-489497,18.186745950453677,939633,84.82583469970382,-551795,24.518633817788775
2014-08-05,2932157,-413754,31.91812982115826,822664,71.51649486999473,-535048,26.388603535601668
2014-08-12,2959433,-462894,23.009581131425566,826095,71.90689185514235,-537204,26.147864614505078
2014-08-19,3004564,-468901,21.920577224644447,853331,75.00594527615097,-531903,26.739774178852493
2014-08-26,3027601,-434904,28.08386435946012,857838,75.51877512519215,-553123,24.370349361751543
2014-09-02,3081045,-437333,27.643513021092993,844194,73.96628999976105,-533316,26.581998624349023
2014-09-09,3245197,-428107,29.316086692470154,827161,72.028186867141,-533957,26.510424575915387
2014-09-16,3658403,-467089,20.31874138398713,818881,71.08604549814586,-555045,24.155738876432597
2014-09-23,2799012,-458382,21.936415218433343,922787,82.9090093975188,-437304,37.302696811884196
2014-09-30,2799895,-432347,26.77345877876494,876774,73.02143386492912,-432866,40.66376284436842
2014-10-07,2775750,-380268,36.44921800974283,801080,62.613999315282264,-401851,44.389440529703315
2014-10-14,2829396,-342379,43.48861664455765,750589,55.67181396576686,-448659,39.35376795935838
2014-10-21,2829815,-543183,6.181234463308326,772999,58.75304376281267,-358149,53.161073695991966
2014-10-28,2882162,-490821,15.909572274181501,781846,59.96944893971872,-413366,46.428738166256004
2014-11-04,2879808,-312487,49.0422523697519,746950,55.17147504423854,-501653,34.97925042147582
2014-11-11,2920705,-282665,54.582882792498545,781540,59.92737592240965,-543999,29.487615095318375
2014-11-18,3024708,-262380,58.351633651777455,839815,66.16837752548152,-615452,21.63451399140869
2014-11-25,3086154,-265863,57.70452695999197,855671,68.46893249664478,-596324,26.54295903637841
2014-12-02,3111438,-204806,69.04830912489179,836938,65.75095215640756,-625223,22.161082739965305
2014-12-09,3105541,-143060,80.52010062388294,830055,64.75229424353441,-663498,17.62699014404852
2014-12-16,3295783,-16082,100.0,696356,42.54443773225694,-642938,21.874712600611073
2014-12-23,2739124,-185924,69.69115104100676,887358,71.68173857860278,-646014,21.61675624505336
2014-12-30,2750182,-189636,69.02873275026722,913309,75.64055625728426,-669304,17.60081663761189
2015-01-06,2749558,-105169,84.10213947545465,842980,64.91188728406587,-686094,14.705684563376492
2015-01-13,2714557,-174694,71.69518051433782,856487,66.97237629743533,-629815,24.40998104973109
2015-01-20,2707586,-187553,69.4004507727916,812989,60.336768752936585,-625707,25.11833141071733
2015-01-27,2701901,-198135,67.51205897521464,850648,66.0816385059891,-632469,23.95234671232664
2015-02-03,2734995,-251118,58.05707290348715,790563,56.915688822987406,-594943,30.42302724941761
2015-02-10,2791625,-260885,56.314120466619435,779222,55.18562249437091,-607426,28.270559489877385
2015-02-17,2811472,-265450,55.499481593444344,800543,58.438134988192644,-632260,23.98838498531742
2015-02-24,2886254,-284483,52.10298177457434,822308,61.75837955589727,-624871,25.262484502680454
2015-03-03,2982284,-285515,51.91881806874375,771971,54.07948450399985,-592166,30.90187071398888
2015-03-10,3181958,-347360,40.88237970915697,673259,39.02099694290369,-566809,35.27422711698989
2015-03-17,3423320,-331223,43.76207905120001,657268,36.5815744351084,-581511,32.73913290880592
2015-03-24,2631895,-370324,36.78438034801943,763023,52.71446964565752,-391139,65.56534394134556
2015-03-31,2663980,-350575,40.308652660469576,726940,47.21001824494603,-401296,63.81395284676492
2015-04-07,2671481,-343778,41.52159908346435,724926,46.90278311701784,-430031,58.85912139035312
2015-04-14,2691356,-317003,46.2996836024705,746930,50.259487066835085,-450362,55.353407858412695
2015-04-21,2716999,-275374,53.72851200365473,710621,44.72055943031834,-464442,52.925566309560146
2015-04-28,2745013,-284479,52.10369558738764,733189,48.16330141993276,-462427,53.27301664485403
2015-05-05,2745079,-348160,40.73961714649759,713093,45.097662328152744,-405525,63.08473822246823
2015-05-12,2756816,-301075,49.14208622501878,709524,44.55321239191853,-442439,56.719586025426814
2015-05-19,2770193,-274172,53.94301275405044,749167,50.60074078142066,-451003,55.24287899244575
2015-05-26,2782314,-335963,42.916210867443176,724145,46.783641788858986,-384018,66.79323170195485
2015-06-02,2849220,-298263,49.643896632766506,720281,42.029199887578955,-424670,59.783528957355855
2015-06-09,2971541,-355879,39.36213687003789,645674,29.766923558619197,-371304,68.98553123690596
2015-06-16,3213131,-345290,41.251777840038116,591272,20.825505771440124,-409880,62.33379717522015
2015-06-23,2575407,-469940,19.007586045673314,752004,45.927647925879135,-244736,90.80989552349472
2015-06-30,2641281,-424062,27.194662107782165,658885,30.241145504316698,-224982,94.21611583287208
2015-07-07,2686827,-449811,22.599670575386664,658990,30.258833438618655,-250559,89.80582440567025
2015-07-14,2630905,-405832,30.44786400438281,665412,31.34066119182986,-271670,86.1656139697451
2015-07-21,2651956,-373045,36.29880918177422,697758,24.491590567913356,-308906,84.64044392711513
2015-07-28,2705198,-318566,46.02076124567474,624748,6.949279559245119,-298793,86.4912993506541
2015-08-04,2711872,-349676,40.46908209025806,592032,0.15776832551757353,-246426,96.0753739046406
2015-08-11,2779583,-378936,35.2475413609912,595240,0.8237167311233312,-245866,96.1778636739654
2015-08-18,2843824,-355725,39.389618663349815,575809,0.0,-263159,93.01294299372617
2015-08-25,3147605,-255959,57.19318094619458,340008,0.0,-268669,92.0045168705481
2015-09-01,3220963,-384797,34.20162713630791,214471,0.0,-26239,100.0
2015-09-08,3282448,-469344,19.11394415485455,166912,0.0,111194,100.0
2015-09-15,3538131,-525772,9.044186797675112,186927,2.2089685336488323,138535,100.0
2015-09-22,2885655,-481491,16.946273094075178,157948,0.0,272380,100.0
2015-09-29,2916818,-459084,20.944874020961112,161555,0.3941891255383627,230520,95.98949181706871
2015-10-06,2931539,-604638,0.0,331747,18.99353363721705,237169,96.6265168746012
2015-10-13,2935847,-625833,0.0,434775,30.25289521913178,182742,91.41199396795042
2015-10-20,2978653,-631341,0.0,477982,34.974749820500236,174450,90.61755694327613
2015-10-27,2845888,-549735,13.263682449179939,557355,43.64898698749676,96271,83.12741075996544
2015-11-03,2860279,-527452,16.885409234159923,600166,48.32756493410692,112984,84.72864399602207
2015-11-10,2926441,-539250,14.967842810913778,537535,41.48296855994746,162021,89.42676367510477
2015-11-17,2875410,-498028,21.667785436702268,428789,29.59871831159847,187742,91.89103221244771
2015-11-24,2876955,-372817,42.01872707266371,419751,28.61100516587745,141435,87.45446741486053
2015-12-01,2906354,-340137,47.33031129979407,422268,28.886074206348773,112334,84.66636902423743
2015-12-08,2933232,-283996,56.45508639451028,406777,27.193148300134528,48002,78.50287135523752
2015-12-15,3144839,-214189,67.801039887267,335412,19.39406126269476,8220,74.6914514667193
2015-12-22,2550333,-268883,58.91145029979244,338010,19.677982346184823,-93992,64.89876005740794
2015-12-29,2506414,-286875,55.98715337768322,411665,27.727330846747094,-101070,64.22063351849758
2016-01-05,2573728,-303466,53.29056543666976,288585,14.276596837525668,-68549,67.33639406835684
2016-01-12,2745684,-266050,59.3719067904736,198245,4.403836759583976,-8732,73.06732020257569
2016-01-19,2863447,-404994,36.788897033606986,184798,2.9342883339908616,56506,79.31761960147851
2016-01-26,2899270,-352821,45.268740481650816,164030,0.6646682177777438,37828,77.52812433533444
2016-02-02,2989501,-439354,31.204257068974208,223253,7.13682307825971,80101,81.5782010772612
2016-02-09,3067305,-379593,40.91740226473729,192595,3.786379437906197,37954,77.54019609909577
2016-02-16,3102033,-386713,39.760166043893705,199417,4.531918172151473,16735,75.50725359709818
2016-02-23,3092895,-374936,41.67431927042107,249399,9.994175137124703,4170,74.3034304886765
2016-03-01,3149871,-371951,42.159480804019125,238183,8.768440390233028,6958,74.57054221380818
2016-03-08,3271582,-411691,35.70041234667026,191071,3.6198298877757655,58480,79.50674390040604
2016-03-15,3396546,-368045,42.79433539371224,187794,3.261704641202654,68107,80.42908413636111
2016-03-22,2820719,-353555,45.14944112967059,301154,15.650193488174875,274024,100.0
2016-03-29,2849125,-357527,44.50385935028988,260757,11.235428280419608,294207,100.0
2016-04-05,2867791,-313764,51.616798779050775,248538,9.900081198369913,264792,97.23954447556976
2016-04-12,2857883,-312815,51.77104276410422,286483,14.04688085696519,213712,92.4459334543936
2016-04-19,2874380,-295156,54.64121613824422,417813,28.399211840317882,128439,84.4434747110742
2016-04-26,2868896,-222564,66.43982452918202,405324,27.034357948205713,75481,79.47362247028627
2016-05-03,2811993,-225010,66.04226837803266,354154,21.44227101895758,112114,82.911452394694
2016-05-10,2865334,-258680,60.56977630558838,396569,26.077572310809437,95544,81.35643801292248
2016-05-17,2850259,-317763,50.96682860388877,404710,26.967257276434005,95983,81.39763604029712
2016-05-24,2973946,-323611,50.01633458429702,441424,33.431533263359,54198,75.867554037056
2016-05-31,2989845,-345759,46.416549778223484,437758,34.23635947626849,94826,79.95262174111079
2016-06-07,3123389,-439735,31.14233192850491,458144,36.73070358220898,125281,83.01481374974988
2016-06-14,3341912,-305976,52.88260716218698,379366,27.09176313397097,56769,76.12606317034152
2016-06-21,2781212,-354450,45.003973936179726,321312,19.988523031632628,104091,80.88419977296242
2016-06-28,2950885,-413150,35.463276441303584,200379,5.191676383751647,276616,98.23125859057724
2016-07-05,3003946,-458287,28.127016427228206,309970,18.600764233949068,237406,94.2887680747756
2016-07-12,2969096,-359029,44.259734518308555,343083,22.65232983681415,100780,80.5512850548339
2016-07-19,2966710,-317903,50.944073959096905,437622,34.2197190956932,-3566,70.0594943034481
2016-07-26,2963940,-313901,51.59453173379016,439993,34.509824554105094,8110,71.1252878922753
2016-08-02,2943229,-328614,49.203181099341904,413684,31.29076740296272,53255,75.6816057778289
2016-08-09,2920958,-329460,49.065678031528186,471062,38.3112950253827,18232,72.1468639170305
2016-08-16,2942915,-291128,55.29589977554168,464375,37.49310219518433,-3227,69.9810864110809
2016-08-23,3004043,-257076,60.830479521632355,499632,41.806998503589305,-30424,67.23619378657317
2016-08-30,3052142,-235967,64.26139235671482,502157,42.115946745887925,-34416,66.83329599060174
2016-09-06,3151038,-262005,60.029353491781514,511725,43.28664646165555,-19535,68.33518028465254
2016-09-13,3514714,-271440,58.495852965986685,391852,28.619496897670228,-14518,68.50712179218424
2016-09-20,2898741,-373040,41.9824821741738,448261,35.521461808491246,-4558,69.52313626120957
2016-09-27,2887362,-419894,34.36715269504387,472348,38.468644506410826,28528,72.8982220766887
2016-10-04,2925178,-434176,32.045853859919156,421662,32.266921492886844,57503,75.85394689998276
2016-10-11,2944782,-454159,28.797953382234148,381567,27.361068116663752,72396,77.37317415773319
2016-10-18,2946199,-387092,39.698565969778585,357195,24.379014032979764,22226,72.25535830321503
2016-10-25,3000750,-398752,37.80342912497014,369874,25.93036245440719,63014,76.41612117094647
2016-11-01,2986724,-299866,53.875684874174944,265475,13.156545603819456,20775,72.10734254070944
2016-11-08,2930959,-198349,70.37556541228979,234143,9.322895573046988,-26864,67.24771269232613
2016-11-15,2913769,-231137,65.04642760203426,286633,15.745348340672638,-31952,66.72868843345054
2016-11-22,3036641,-256255,60.96391926001895,292211,16.427848655738668,2478,70.24087499655718
2016-11-29,3081271,-300794,53.72485408584027,338404,22.079827331580386,-1403,69.84497618588577
2016-12-06,3051926,-250537,61.893283966589685,253918,11.74248032213819,20664,72.09601948789198
2016-12-13,3389480,-315664,51.3079857425897,333808,21.517480352727127,14918,71.50987298799042
2016-12-20,2757555,-223850,66.230806863451,431592,33.48191398636223,-87187,61.09419453820816
2016-12-27,2754179,-171815,74.68822073305714,388268,28.180973927215465,-86539,61.16029668438572
2017-01-03,2812086,-100558,86.26984733258676,407145,30.490683222213928,-179582,51.66902818624076
2017-01-10,2831782,-192064,71.39708643026758,471519,38.367211598345264,-167171,52.93506790261359
2017-01-17,2810749,-266399,59.31518271167102,521214,44.44768007400075,-145385,55.15744653937923
2017-01-24,2869436,-259390,60.45437774985819,549774,47.942159994812116,-194491,50.14816877673286
2017-01-31,2839486,-216265,67.46362101163899,571991,50.660537459821434,-220839,47.460422870118464
2017-02-07,2890204,-239875,63.62621270066753,569508,50.35672815858283,-202782,49.302408137908664
2017-02-14,3018235,-215944,67.51579416148321,599198,53.989470065056544,-245353,44.95976235870411
2017-02-21,3056454,-166826,75.49909875353306,657943,61.17725798340612,-295153,39.87969001357746
2017-02-28,3117551,-182595,72.93611308408329,665596,62.11364645798487,-328804,36.446968839162665
2017-03-07,3231427,-77706,89.98405549532798,633215,58.15164525645151,-395152,29.678843538872247
2017-03-14,3542383,-116692,83.64753705350104,684562,64.434245413801,-398060,29.382199956952
2017-03-21,2867968,-256933,60.85372176595547,623904,57.2228574095247,-249853,44.500719676915566
2017-03-28,2884815,-225885,65.90005184808348,646485,60.11194617527488,-287020,40.70933315379664
2017-04-04,2853269,-192624,71.30606785110011,655406,61.209628995265234,-290300,40.374742043515205
2017-04-11,2886007,-182759,72.90945764304139,664018,62.26929096654166,-305223,38.852454501219526
2017-04-18,2916029,-197417,70.52704633333279,659755,61.744750908070756,-332916,36.02750583749277
2017-04-25,2955256,-203106,69.60239508889752,740411,71.66905373613285,-375953,31.637323638351894
2017-05-02,2958197,-209847,68.50675894216907,762000,74.32546830857672,-355079,33.76666962494173
2017-05-09,3038006,-194572,70.98945322213896,643032,59.687072419257994,-316445,37.707704062323714
2017-05-16,3065532,-223038,66.36278380324384,623162,57.24217188868873,-269476,42.498987555862946
2017-05-23,3069954,-191993,71.4086262858406,620884,56.961875793639074,-248741,44.61415422405975
2017-05-30,3086131,-183452,72.79682215132163,633506,58.51494748447175,-257098,43.76166095923599
2017-06-06,3142563,-181600,73.09783359528264,613115,57.32596303769027,-253619,44.11655195700096
2017-06-13,3472466,-178093,73.66783744731893,624995,58.82218846898859,-266953,42.756357486119065
2017-06-20,2824898,-273895,58.09683401624357,729694,73.14276211005712,-357595,33.510013761079506
2017-06-27,2876159,-226950,65.7269540144882,664408,64.7908044800655,-344216,34.87479865877929
2017-07-03,2852197,-131414,81.25472362045902,623301,59.53203656204226,-366837,32.56724210217066
2017-07-11,2844657,-123333,82.56815422448108,688965,67.93235126681463,-419212,27.224495333576115
2017-07-18,2914099,-144532,79.12261340346099,717752,71.61503674753898,-400341,29.149516322027623
2017-07-25,2995537,-157571,77.00334330745264,763462,79.16881853566568,-430395,26.083723264589143
2017-08-01,3059594,-241207,63.409718508790604,803295,84.37684270807321,-358341,33.43391468538744
2017-08-08,3113437,-272811,58.27301998020346,848073,90.23140817871473,-367062,32.54428996808123
2017-08-15,3165620,-154314,77.53271386521774,814631,85.85898470135544,-433532,25.763719510640097
2017-08-22,3230474,-111091,84.55788537835286,779061,81.20833273407868,-487848,20.222972331967426
2017-08-29,3301271,-72686,90.79997204429354,776988,80.9372953000566,-503801,18.595615020284587
2017-09-05,3327423,-122154,82.75978084026401,772718,80.37900786963009,-449978,24.0860715229302
2017-09-12,3693118,-145218,79.01111564398082,844881,89.81406544383852,-451027,23.979063573331047
2017-09-19,3090538,-294398,54.764416286474486,1008460,100.0,-498088,19.178395207186362
2017-09-26,3060234,-284130,56.43330694878092,943074,92.3121602046767,-452674,23.81105395179644
2017-10-03,3013291,-213639,67.89043313466361,846962,81.01167296875293,-427040,26.425965086233717
2017-10-10,3069650,-188407,71.9914702588666,851805,81.58109468179168,-475574,21.475036748916914
2017-10-17,3081534,-185452,72.4717557971521,831727,79.22039900671595,-457885,23.279482526285296
2017-10-24,3162041,-163828,75.98637321843322,828711,78.86578907763794,-484826,20.53124499515965
2017-10-31,3187695,-120417,83.04210096886027,807479,76.36941042572005,-515543,17.39781964927099
2017-11-07,3244403,-155483,77.34271258120565,777016,72.7876855353011,-453334,23.743727691800785
2017-11-14,3263629,-117504,83.5155601137082,781378,73.30055307861618,-494267,19.56817344876727
2017-11-21,3329620,-108220,85.02451812976324,762486,71.07930281994845,-444375,24.657630666499372
2017-11-28,3387929,-117742,83.47687721756203,770272,71.9947513968057,-437298,25.3795517907255
2017-12-05,3513444,-68643,91.45709367924728,721309,66.23786613240024,-444922,24.60183147829085
2017-12-12,3830224,-159787,83.80232380424313,732996,67.61197960757755,-498171,19.169928419944487
2017-12-19,2988232,-154044,84.82294232430185,803889,75.94731173693022,-570832,11.757817241847148
2017-12-26,3061310,-149636,85.60631102296436,792597,74.61964087514345,-603788,8.395992659397471
2018-01-02,3051095,-153031,85.00296784420773,853545,81.78567733318283,-672489,0.0
2018-01-09,3241341,-256217,66.66524494489052,987415,97.52560810429483,-714300,0.0
2018-01-16,3322427,-184491,79.41204695947026,996048,98.54064375340971,-763281,0.0
2018-01-23,3417469,-124009,90.16061901766133,1053843,100.0,-799018,0.0
2018-01-30,3395965,-27916,100.0,990123,92.8875593680063,-888269,0.0
2018-02-06,3428810,69679,100.0,889634,81.67095474358044,-866109,1.8740338070286415
2018-02-13,3341713,-19081,87.33844968759807,776517,69.04480993866468,-781165,9.057604551804857
2018-02-20,3327297,-117065,73.36110239365496,870781,79.56657867272392,-733491,13.089314286294181
2018-02-27,3331246,-127011,71.94231263016746,907836,83.70266604903478,-770709,9.941850828262053
2018-03-06,3320841,-53162,82.47681949159795,801604,71.84502648189799,-739586,12.573870421048714
2018-03-13,3763469,-83711,78.1190265612964,832540,75.29810971151754,-698187,16.074913994026094
2018-03-20,2757489,-110920,74.23768223445836,747220,65.77467225511919,-646463,20.449125394511178
2018-03-27,2974542,20021,92.9163219309007,573041,46.33277337187952,-710421,15.040305257781132
2018-04-03,3052445,-4085,89.4776183275798,499123,38.08202970214143,-673608,18.153518549213686
2018-04-10,3030240,-37139,84.7624889446806,560221,44.90180210850602,-715280,14.629387826898812
2018-04-17,3007691,-59762,81.53533422726883,637823,53.563754681073114,-778917,9.24771411851065
2018-04-24,3040799,-18416,87.43331146044335,616406,51.1731843575419,-860581,2.3415274390347034
2018-05-01,2994612,83570,100.0,507985,39.07120812148745,-851797,3.0843754968388364
2018-05-08,2989404,-4792,87.64013982160017,507110,38.97354042605439,-776853,9.4222631156996
2018-05-15,3055622,-19599,85.56897292110487,500358,38.21988067798124,-756908,11.108978110337969
2018-05-22,3128400,-21414,85.31509516569196,431972,30.586620083826787,-705636,15.444964633531674
2018-05-29,3209503,-65435,79.15754548468271,385530,25.402753670910094,-649653,20.179352477344146
2018-06-05,3242617,-85642,76.3310398077523,414273,28.611053750718558,-663602,18.999709085004685
2018-06-12,3411142,-97444,74.680204948588,499243,38.095424128943684,-737569,12.744444707545863
2018-06-19,2679161,-98399,74.54662188719995,613630,50.863326617516556,-483322,34.24568447900845
2018-06-26,2687018,-93735,75.19901078595798,501801,38.38094866027827,-423837,39.27623055351652
2018-07-03,2677808,-91524,75.5082800516428,478650,35.796828869454565,-419256,39.66363799349839
2018-07-10,2720946,-124150,70.94463506646281,530130,41.54303796761897,-396203,41.61319130367128
2018-07-17,2777242,-150118,67.31229481711709,527898,41.29390162909716,-350352,45.490733004306215
2018-07-24,2779106,-150784,67.21913636802344,514716,39.82252384487021,-354657,45.12666641859961
2018-07-31,2762632,-94440,75.10039711236783,481164,36.07744211096167,-382728,42.75274931584235
2018-08-07,2830470,-142598,68.36417400207858,513123,39.64471282907037,-361535,44.545005564594966
2018-08-14,2819606,-126911,70.55843314762257,480359,35.987587831163246,-362851,44.433713665224495
2018-08-21,2828985,-166028,65.08684297765735,494644,37.582082721747526,-320387,48.02482249111187
2018-08-28,2876521,-171710,64.2920587317862,584717,47.63605109973825,-404254,40.93233181899675
2018-09-04,2893316,-228074,56.40800043641796,635261,53.277783668845125,-431462,38.63139717000599
2018-09-11,2918387,-222047,57.25104243745026,655913,55.58296452151201,-468320,35.51437830450681
2018-09-18,3299237,-234534,55.504391455719656,720594,62.65230508535361,-495848,33.18638179548676
2018-09-25,2732088,-247721,53.65982618815489,806333,72.1840431641255,-557106,28.00589610275388
2018-10-02,2783452,-217539,57.881610438222374,803374,71.85150138287483,-563527,27.46288296760357
2018-10-09,2840595,-166742,64.9869704061065,718211,62.28061401665293,-532948,30.04889739834043
2018-10-16,2875182,-24449,82.94360537181926,518114,39.793080119081196,-488458,33.811341625538276
2018-10-23,2919850,-62258,76.5858514498571,440168,31.033262044946525,-421360,39.485706263805774
2018-10-30,2988190,-29018,81.92286695995634,359219,21.935957330360424,-405860,40.79651510897473
2018-11-06,2940426,-108226,67.02258260860594,405448,27.131318602897466,-364578,44.287664189378894
2018-11-13,2967052,-132955,60.04019510682708,475688,35.02511201791837,-403640,40.984256762927956
2018-11-20,3049639,-75876,70.57415517378202,442053,31.245104308433348,-472119,35.193103284971535
2018-11-27,3037661,-48787,75.5734446542169,445986,31.687107291082505,-436791,38.18073263220565
2018-12-04,3072144,-111993,63.90874345076284,483660,35.921030598563966,-407612,40.64835142531434
2018-12-11,3135184,-16928,81.45304019326132,379510,24.216324104053324,-421152,39.503296472824815
2018-12-18,3220465,47777,93.39438265077318,374002,23.59731763864992,-523446,30.85246550458529
2018-12-24,2808490,149057,100.0,536307,41.83766701542908,-760466,10.808084054137252
2018-12-31,2694884,10815,77.23827023894202,629391,52.29874142095024,-706456,15.375618617206607
2019-01-08,2628458,-56227,66.19971548249427,669531,56.8098016100012,-666628,18.74380537110267
2019-01-15,2655210,-114427,56.6170078242314,661473,55.904218077281406,-564650,27.367912752563267
2019-01-22,2676983,-142469,51.99985510682579,658306,54.32856570471186,-515721,31.505755719354983
2019-01-29,2694025,-104350,58.276199320319286,644572,52.74274319351445,-535181,29.86005635632351
2019-02-05,2653040,-185377,44.93499565320477,609362,48.67715337122957,-366487,44.12622328064163
2019-02-12,2645788,-178450,46.075535446139256,571119,44.26135241770385,-326303,47.52451635382029
2019-02-19,2628240,-196301,43.13634447693564,556735,42.600476416461426,-293631,50.287532262811254
2019-02-26,2699419,-218469,39.486353697410365,649854,53.35263940031106,-358725,44.78264252297721
2019-03-05,2623571,-192128,43.82343449511315,657414,54.22556922298853,-274811,51.87910790578414
2019-03-12,2879657,-172279,47.09159883031692,670910,55.13190948885952,-316339,48.36715502048244
2019-03-19,2498540,-203264,41.989877235965125,751185,64.53769579033211,-367872,44.009096167702346
2019-03-26,2504206,-142568,51.98355462472668,749451,64.3345237760468,-384454,43.25019207904643
2019-04-02,2527763,-177920,46.1628006533365,760473,65.62596664885689,-361263,45.24103237658653
2019-04-09,2558637,-188370,44.442194209541874,780337,67.95342275714032,-363095,45.08376363332003
2019-04-16,2621649,-188014,44.500810084564925,820326,72.63891622845252,-402601,41.69235589779249
2019-04-23,2682940,-132764,53.59779630654127,796856,69.8889466925377,-413446,40.7613627096237
2019-04-30,2638914,-85743,61.33986669827972,788919,68.95897190742669,-448850,37.722092738768204
2019-05-07,2642843,-65002,64.7549000237098,756732,65.18763533083997,-401023,41.8278199135537
2019-05-14,2660327,-111395,57.11623066993335,709133,59.610481520017245,-371906,44.32737995596131
2019-05-21,2653510,-123616,55.10402671303248,696353,58.11305456351996,-339413,47.116754014344764
2019-05-28,2695841,-99883,59.01169683079112,684505,56.72482963546207,-350917,46.12918871819965
2019-06-04,2714128,-68549,64.17088174082562,700083,58.55009701639437,-364079,44.999291775583
2019-06-11,2730040,-190501,44.09132221607524,787711,68.81743108086575,-352716,45.97475287260116
2019-06-18,3066008,-220876,39.09003793566743,788625,68.92452405725373,-314923,49.21910746554381
2019-06-25,2467541,-248044,34.61679048447009,910664,82.53275588629987,-378919,45.24840651164857
2019-07-02,2545506,-249288,33.96312432030981,900906,81.34232036110772,-370407,52.359589868651604
2019-07-09,2566398,-273276,29.986439351741335,907322,82.12504574844456,-360128,54.97660474775286
2019-07-16,2641285,-270972,30.36839208509058,957735,88.27522264243017,-411171,49.66330614730421
2019-07-23,2639816,-213781,39.84940717752845,894967,80.61778699524216,-406715,50.12715150442663
2019-07-30,2641389,-219687,38.87032174212885,892776,80.35049408320117,-385021,52.38537887817293
2019-08-06,2602448,-172383,46.7122887987056,774069,65.86873246309625,-311661,60.021755762935044
2019-08-13,2555212,-251461,33.602888517545956,745510,62.38465292180065,-259115,65.49150848630896
2019-08-20,2576472,-208858,40.66553274448953,656578,51.53531779919482,-249571,66.48498696215643
2019-08-27,2601022,-238459,35.75833532267049,702156,57.09564474807857,-231654,68.35004918467936
2019-09-03,2619124,-275063,29.690193894061167,703554,57.266194949371716,-205867,71.03433559045037
2019-09-10,2733454,-286982,27.714284766982306,761440,64.32804684640723,-243719,67.09414832433784
2019-09-17,2967550,-241744,35.21375427707488,714333,58.581188239599854,-258302,65.5761373631807
2019-09-24,2478195,-194538,43.0394750802366,814521,70.80370867390509,-360718,54.91518895764913
2019-10-01,2477294,-165424,47.86593856926872,766492,64.94436989142369,-352500,55.77063804760244
2019-10-08,2491160,-129519,49.14723927500278,705660,57.52311821398073,-356084,55.94391994811219
2019-10-15,2527826,-197914,36.66204826864838,758802,64.0062217884592,-333517,58.316189819433326
2019-10-22,2533853,-214280,21.816100412935935,782940,66.9509576674393,-301880,64.50611851571541
2019-10-29,2626285,-230748,18.27246885765868,835934,73.4160058558009,-342742,60.01839519524541
2019-11-05,2677630,-278791,7.934438082204161,864982,76.3901615776479,-353563,58.827878402478504
2019-11-12,2750302,-284638,6.6762638228098155,918071,83.02690877269744,-373727,56.609453061996874
2019-11-19,2794058,-290727,5.366015308109597,902670,81.10160327530706,-397253,54.02114347262119
2019-11-26,2887170,-298617,3.6682224388396483,901481,80.95296434040691,-427683,50.67326194559995
2019-12-03,2893602,-228341,18.790414033366257,845636,71.08376676133798,-455959,47.86494934050202
2019-12-10,2963845,-231381,15.018964693057896,891580,76.64016791818308,-489570,49.72983423347012
2019-12-17,3199738,-176808,27.209308559353456,874024,74.11275740544525,-572348,39.404911878063686
2019-12-24,2716155,-209606,19.882995215268252,1051430,99.65261781913668,-647471,32.413943495889
2019-12-31,2720284,-189331,24.411960489105912,1027871,96.26099875616161,-656808,31.157085090000592
2020-01-07,2709583,-190292,24.197295353315134,1031644,96.80417031372369,-631278,34.59369161268785
2020-01-14,2703002,-235957,13.996792308688914,1094018,100.0,-704719,26.456589860157
2020-01-21,2772927,-257716,9.13633581579453,1101072,100.0,-720379,24.492076436168738
2020-01-28,2741743,-228881,15.577406773679062,1050791,93.22224214231122,-752960,19.73910519090807
2020-02-04,2697443,-219482,17.6769256199824,1057760,94.16164657957843,-784027,15.275746554083957
2020-02-11,2779131,-283632,3.3473018312432705,1101979,100.0,-769430,17.414808280163303
2020-02-18,2839347,-241878,12.674178084945742,1124081,100.0,-782198,15.543770387542827
2020-02-25,2843780,-123693,39.073969004230754,886346,68.91792244875546,-741405,21.521625083162125
2020-03-03,3065867,-131096,37.420310315095364,657101,38.945849055123674,-690812,28.935583424433105
2020-03-10,3438566,-186449,25.05573251964599,549440,24.86997654478847,-614316,40.145398167062815
2020-03-17,4554164,-75926,49.744010150243255,343958,0.0,-798654,13.132288592354652
2020-03-24,3320161,-3446,65.93436295161212,341344,0.0,-422704,68.22444834569652
2020-03-31,3439568,-125420,38.68819721493765,481439,17.8980934847848,-277380,89.52039999882767
2020-04-07,3447518,-172824,28.09924185903135,454269,14.426940338836673,-331697,81.56072227220905
2020-04-14,3434258,-282170,3.6738787599905285,583918,30.990485948664748,-299845,86.22835220295369
2020-04-21,3389559,-241636,12.72823527834987,563241,28.34885791779359,-327324,82.20154688878402
2020-04-28,3327759,-329668,0.0,591658,31.979323834186964,-285753,88.29341062892547
2020-05-05,3245239,-302013,5.776802966212335,492526,19.314533489537354,-175247,100.0
2020-05-12,3249482,-329951,0.0,521290,22.989331026896647,-166238,100.0
2020-05-19,3213651,-360437,0.0,480781,17.814029488832137,-120420,100.0
2020-05-26,3202921,-417603,0.0,543704,25.852872676262905,-131846,98.51194701041481
2020-06-02,3215453,-392468,4.435640419299051,519860,22.80663875605727,-110761,100.0
2020-06-09,3277813,-417804,0.0,590329,31.809535003455824,-152402,94.64429947987674
2020-06-16,3493739,-452535,0.0,516916,22.430522640427117,-134456,96.95244293306307
2020-06-23,2603271,-351700,16.761359858508758,449006,13.754556128048117,226532,100.0
2020-06-30,2647722,-272379,29.94654184231173,395818,6.9594257074854005,200788,97.69070892473187
2020-07-07,2618026,-289567,27.089455976808203,435585,12.039931675645843,205071,98.0749030544465
2020-07-14,2625841,-317495,22.44710700940172,490279,19.0274638863373,194683,97.14307755375174
2020-07-21,2633214,-315853,22.720049468742936,500471,20.329561525774302,183242,96.11679573305011
2020-07-28,2647149,-264644,31.232296972034202,544934,26.010013580551323,97989,88.46942189682284
2020-08-04,2676398,-348736,17.25405258048644,612123,34.5938674165141,148473,92.9979431306574
2020-08-11,2694088,-363314,14.830815569355977,670649,42.070963810321985,127311,91.09966711547621
2020-08-18,2729290,-345949,17.717323368661816,679036,43.142460366636556,103967,89.00566110005283
2020-08-25,2746170,-370500,13.63631830210508,713612,47.559780615966794,103095,88.92744086164257
2020-09-01,2789621,-342502,18.290303062540726,686314,44.072274595426045,104814,89.08163878575638
2020-09-08,2706399,-246685,34.217542786473224,612773,34.67690935780473,54706,84.58684554463083
2020-09-15,2908148,-254884,32.85465897152888,624381,36.15991067242254,-28727,77.1027295454525
2020-09-22,2472951,-162380,48.23119323395258,657130,40.34381918830974,-226069,59.40073609550045
2020-09-29,2473492,-162739,48.171518238274444,591147,31.914040092649255,-212562,60.612342471885114
2020-10-06,2476190,-173708,46.34818947060466,587174,31.406462196114404,-180658,63.474198534088146
2020-10-13,2471530,-244247,34.62280083511749,666036,41.48162154082406,-192621,62.40109221287028
2020-10-20,2435244,-190619,43.53714810037367,632806,37.23626198838179,-219410,59.998062434461396
2020-10-27,2436946,-156666,49.18100639636165,604913,33.67274065235194,-238301,58.30349990715832
2020-11-03,2410740,-161748,48.33624782244444,556023,27.426709098969386,-212046,60.65862875975174
2020-11-10,2460742,-160262,48.5832590858921,634527,37.45613149755282,-224337,59.55610014702175
2020-11-17,2534850,-146687,50.83977180547614,655233,40.10146447657387,-238399,58.29470910054799
2020-11-24,2549321,-169762,47.00411574622003,690407,44.59518331189148,-223108,59.66634403808393
2020-12-01,2617521,-153527,49.70278860091224,702857,46.185755879688834,-250605,57.19980516702085
2020-12-08,2715113,-169642,47.02406281998431,752223,52.49259968546268,-270544,55.41123483025222
2020-12-15,2999769,-129970,53.61856540645488,749256,52.113545162679166,-295750,53.15020348923261
2020-12-21,2475909,-149107,50.43750581789651,753585,52.66660449167473,-408690,43.01924738137121
2020-12-29,2498905,-170422,46.894406840516496,771737,54.98564651983999,-408676,43.020503210886964
2021-01-05,2553480,-181018,45.13308022713068,786622,56.88730697539531,-378246,45.750138365502
2021-01-12,2578114,-189908,43.655334512427025,812425,60.18381653096762,-398545,43.929275269756666
2021-01-19,2599308,-201097,41.79543610952273,840572,63.77978810251719,-407724,43.10589961795872
2021-01-26,2617305,-235953,36.001476083458556,836503,63.25994555003788,-381040,44.394178874854596
2021-02-02,2640747,-190534,43.55127727762337,752616,52.542808120735316,-376020,44.573195242812844
2021-02-09,2619444,-230792,36.85936648093725,800847,58.70464792133245,-375407,44.629583125213294
2021-02-16,2636295,-288303,27.29956515379194,816352,60.68551761319575,-353523,46.64262132823359
2021-02-23,2652739,-210705,40.198340403462815,804205,59.133655365723094,-415448,40.94634136469713
2021-03-02,2767213,-138715,52.164922405883054,705081,46.46988707573553,-327649,49.02268669402353
2021-03-09,2779898,-101882,58.287510472213725,665179,41.37213393515319,-367135,45.39049758396781
2021-03-16,3063652,-143556,51.360224205109105,666501,41.54102846805504,-336545,48.20437249853511
2021-03-23,2540184,-201510,41.72678493065067,736397,50.47072005028509,-404779,41.9277480813862
2021-03-30,2564664,-199124,42.12339924733042,769064,54.6441525058864,-441892,38.513843547082956
2021-04-06,2611712,-255231,32.79697868322717,800659,58.68062963677455,-433883,39.250565488592265
2021-04-13,2643642,-268906,30.5238434021729,819541,61.09293415285083,-447775,37.9726854522023
2021-04-20,2687111,-247826,34.02787936009787,837714,63.41465907450395,-493638,33.21426021186484
2021-04-27,2713231,-247119,34.145400869692416,842429,64.01703254094288,-496105,29.511620330359563
2021-05-04,2705647,-257556,32.41050412904427,884080,69.33823238201337,-507796,28.371241901469585
2021-05-11,2655280,-224507,37.904094469341345,864580,66.84697414329463,-543126,24.925037993105644
2021-05-18,2619960,-203621,41.37588265801407,834076,62.94987971694196,-567872,22.51123210812477
2021-05-25,2735735,-182705,44.85265761512786,849974,64.98095784407789,-595527,19.81367283595367
2021-06-01,2767524,-207374,40.75203792603625,857779,65.97809992372918,-583844,20.953270918643057
2021-06-08,2816156,-187523,44.051782603492065,871703,67.75698606300712,-600895,19.29006053535651
2021-06-15,3117658,-234869,36.18166464979588,955306,78.43784055180731,-637558,15.71383144131894
2021-06-22,2563884,-171238,46.7587667389194,968216,80.08718126267188,-616056,17.8112069419598
2021-06-29,2571895,-189410,43.738114868548784,966654,79.88762508990888,-606210,18.77161802833827
2021-07-06,2610712,-180599,45.20272875969095,961371,79.21268574246521,-579245,21.40187244070832
2021-07-13,2632508,-197334,42.42094309764757,968155,80.07938809587384,-586319,20.711851312834938
2021-07-20,2667977,-176901,45.817431082860146,944576,77.06700973634823,-605003,18.889352761352573
2021-07-27,2666461,-202560,41.55224803521323,915460,73.34724179385924,-599122,19.46300476206269
2021-08-03,2697035,-204043,41.30573544860969,903943,71.87586635102213,-590219,20.33143254004639
2021-08-10,2696698,-204048,41.30490432053618,919525,73.86657331900753,-590242,20.32918904471969
2021-08-17,2716225,-174274,46.25410577268315,904932,72.00221785861662,-596628,19.706277690097213
2021-08-24,2744903,-177874,45.65569355975478,880783,68.91701810442076,-585292,20.812028256335925
2021-08-31,2776075,-195440,42.73577441189377,906726,72.23141361657875,-608269,18.570776424960933
2021-09-07,2827555,-159717,48.673852045904866,917305,73.58295315029186,-628510,16.596402994188374
2021-09-14,3051765,-134806,52.81469833375444,863523,66.7119351710728,-622091,17.222533276888292
2021-09-21,2453181,-125844,54.30441229271666,856074,65.76027452388222,-554362,23.829041754374327
2021-09-28,2457374,-43727,67.95436109522733,818561,60.96773245675112,-549586,24.294908436127688
2021-10-05,2437353,-42202,68.20785515764838,794681,57.916899290566306,-531601,26.049224238333334
2021-10-12,2403163,-21707,71.61464913097248,737482,50.60933621382405,-520045,27.176434325088326
2021-10-19,2386587,-94309,59.54633705235442,787309,56.97507591949786,-452291,33.78538138445121
2021-10-26,2404805,-70876,63.44150188167396,799255,58.50125904358679,-489018,30.20290952080891
2021-11-02,2431931,-37859,68.92977300230056,762720,53.8336631588899,-488219,30.28084659759302
2021-11-09,2437804,-36976,69.07655022008271,752563,52.536037008599315,-470634,31.996145089769072
2021-11-16,2454894,-43262,68.03165600606391,774633,55.35563030749792,-483406,30.75032238052412
2021-11-23,2455317,-2533,74.80185906727483,770652,54.84703035630103,-496518,29.47133495775401
2021-11-30,2510714,58122,84.88427372704425,681709,43.48395438059016,-478023,31.275397830247385
2021-12-07,2514383,16911,78.03394991954681,648940,39.29749072804786,-464295,32.61447191046308
2021-12-14,2754633,44689,82.65136504474793,584746,31.096268606185728,-449051,34.10142159569093
2021-12-21,2262123,-10465,86.5688710817633,668318,41.77316263317053,-486287,30.469300205035964
2021-12-28,2287852,-97267,69.57076863726532,736093,50.431881973127624,-454582,33.561909741256706
2022-01-04,2297290,-98875,69.25588017005543,731685,49.86872985434444,-455368,33.485240727048556
2022-01-11,2283672,-57767,77.3059020046724,729222,49.55406477526934,-488594,30.24426786944028
2022-01-18,2309982,-12990,86.07441002473284,723521,48.82572307173418,-549195,24.333047856681617
2022-01-25,2378857,107149,100.0,648105,39.190813772697595,-614374,17.975274730634247
2022-02-01,2283969,48829,89.57983433508907,634289,37.425725371357174,-514453,27.721896319302058
2022-02-08,2229911,58542,91.31527790681885,558497,27.74277950320478,-460065,33.02707996402604
2022-02-15,2270263,30528,86.3099534737459,517190,22.465528012601936,-408456,38.061190847319416
2022-02-22,2374165,73418,93.97320630927452,497480,19.94744083900467,-432364,35.729126226850546
2022-03-01,2387492,-23846,76.59482851037372,463645,15.624788402745752,-291358,49.48331327193309
2022-03-08,2435543,15942,83.70384002401356,417928,9.7841292796942,-292229,49.39835307934365
2022-03-15,2582759,-46920,72.47214499610494,441548,12.801745669362763,-257495,52.7864211957635
2022-03-22,2111687,-270293,32.56158832484044,514978,22.1829298985483,-89884,69.13574707418947
2022-03-29,2120049,-282408,30.396974006760956,559971,27.931093074685364,-89558,69.16754618186359
2022-04-05,2122357,-248763,36.40840188392021,533517,24.55141382098968,-117669,66.42550717625875
2022-04-12,2156967,-100759,62.852609686894745,477979,17.456054843453163,-193708,59.008414082907876
2022-04-19,2158797,-116483,60.043167215786056,473193,16.844610641888654,-157924,62.49890263815542
2022-04-26,2191696,-6720,79.65476947706206,359922,2.3734664389188196,-183661,59.988431367576226
2022-05-03,2208674,-83501,65.93613539068474,365946,3.1430735994337815,-104958,67.66537974572418
2022-05-10,2261956,-8652,79.30957468857427,277173,0.0,-125661,65.64594132186745
2022-05-17,2252109,-97523,63.430793090386715,307484,3.579019208697993,-89995,69.12491977065626
2022-05-24,2262171,-146369,54.70336832927152,290816,1.6109187774823241,-82520,69.8540557518343
2022-05-31,2260467,-203422,44.50958040608629,354619,9.144558795052118,-86154,69.49958349021543
2022-06-07,2267420,-231338,39.52176585358881,341381,7.5814610323671525,-28059,75.16636005563868
2022-06-14,2654399,-175912,49.42485402477112,206523,0.0,8142,78.69752415659207
2022-06-21,2262004,-204836,44.256937843497404,188135,0.0,90428,86.72397008933012
2022-06-28,2248771,-265565,33.40635072648137,195019,0.7355125188846365,128581,90.44553866322794
2022-07-05,2309241,-317976,24.041959391370845,205591,1.8650648648533144,136353,91.20364499710296
2022-07-12,2317580,-369516,14.833191586681055,223160,3.7422030758184768,171366,94.61892768726847
2022-07-19,2335319,-425568,4.8182545865166775,247528,6.345772085141664,241494,100.0
2022-07-26,2322824,-454343,0.0,295674,11.489872278956264,212833,97.2445267404254
2022-08-02,2310665,-505957,0.0,320914,14.186609056505398,286092,100.0
2022-08-09,2299388,-503600,0.38443597028898757,295919,11.516049002827087,339890,100.0
2022-08-16,2346224,-598669,0.0,376090,20.081820959756225,370427,100.0
2022-08-23,2329538,-513698,12.038655857459005,338348,16.04932335839888,333016,96.79996510079285
2022-08-30,2329953,-490807,15.281843194704583,326682,14.802883927064167,316908,95.422130716349
2022-09-06,2314290,-452569,20.699387094123413,271344,8.890363332927327,338069,97.23218493842599
2022-09-13,2603046,-525354,10.387238636589036,313478,13.392118776083237,392375,100.0
2022-09-20,2141022,-346646,35.70651357715445,283947,10.23691537759657,235697,86.84515658308908
2022-09-27,2233878,-286836,44.18036944368095,218119,3.2036036267049592,186120,82.68262149788124
2022-10-04,2261285,-340474,36.5809599641834,197432,0.993326538069504,191631,83.14533063426667
2022-10-11,2277794,-346985,35.658484198476096,180188,0.0,208096,84.52774869461616
2022-10-18,2336566,-413282,26.26555287623722,223363,4.574141348648628,226286,86.05499950043199
2022-10-25,2361824,-445837,21.65317404770068,279614,10.533609212061112,194260,83.36606413445851
2022-11-01,2336711,-395894,28.72907746756246,320832,14.90041773802751,55727,71.7346932778295
2022-11-08,2318895,-392104,29.266043087594817,322809,15.10986944494768,65321,72.54021522565782
2022-11-15,2343509,-471274,18.049270491826505,425048,25.941499725074767,32149,69.75506054008761
2022-11-22,2304077,-435987,23.048717941452328,454673,29.08009700252041,-17892,65.55356754537462
2022-11-29,2314527,-419340,25.40725796168417,481928,31.967606497770408,-61985,61.85147464923189
2022-12-06,2287691,-431367,23.703277615475944,463748,30.041540725484772,-28954,64.6247908321292
2022-12-13,2477140,-476530,17.3046026029373,488157,32.62753299367619,-9472,66.26051926527397
2022-12-20,1986847,-218488,53.86388559090304,443979,27.947129600494968,-192542,50.88977682323437
2022-12-27,1961310,-246774,49.8563369027143,446279,28.19080128785784,-155754,53.978534527706714
2023-01-03,2010996,-276214,45.68528997560278,436461,27.15064101545408,-115434,57.36384252608458
2023-01-10,2032566,-315325,40.14405980011844,463091,29.971935378268512,-114110,57.47500690579322
2023-01-17,2056472,-386243,30.09642712427283,529272,36.98342926581721,-109330,57.87634054250568
2023-01-24,2024437,-375173,31.66482010943331,531252,37.193198805373065,-122941,56.733547210017555
2023-01-31,2061419,-396262,28.676939380973565,573951,41.716910709158775,-140980,55.21897451699329
2023-02-07,2053086,-392326,29.234590220141737,563475,40.60703914532686,-133093,55.88117501756884
2023-02-14,2076347,-413387,26.250676520009407,564934,48.823899658387774,-93125,59.2369287397704
2023-02-21,2074486,-354815,34.54913306263088,545089,46.305588126310234,-101722,58.51511592077103
2023-02-28,2113159,-298918,42.46859672040101,498045,40.335749491134834,-107387,58.03947678855847
2023-03-07,2133169,-304190,41.721661958181855,522004,43.37612369103636,-76223,60.65603776230469
2023-03-14,2550984,-252269,49.077807593458935,491195,39.4664910383895,-65920,55.50244530469458
2023-03-21,2149005,-461699,19.405852500219602,476162,37.55881770698503,141461,75.63783275222758
2023-03-28,2142232,-450423,21.003431479503217,429156,31.593801235489096,186232,79.98481454618893
2023-04-04,2219512,-565812,4.655166062639378,491579,39.51522027136092,175343,78.92756130738601
2023-04-11,2248469,-530918,9.598933436098257,535180,45.04814549736811,164734,77.89749430302749
2023-04-18,2278321,-547296,7.2785052237262295,591465,52.190658199962435,123788,73.9218958903152
2023-04-25,2265794,-475066,17.5120215126279,584474,51.303506981985414,58477,67.58060961246993
2023-05-02,2276183,-467864,18.532397870272508,593082,52.39585395442802,79707,69.64190874552034
2023-05-09,2296259,-513303,12.094619292792192,596818,52.86994878354576,96241,71.24725588946077
2023-05-16,2306298,-501276,13.798599639000422,613038,54.92825128041135,82194,69.88338076360307
2023-05-23,2385936,-517901,11.443176569597261,627612,56.77767795052968,54547,67.19903139330422
2023-05-30,2494943,-530723,9.626560954807047,627896,56.81371727908145,75017,69.18653931857703
2023-06-06,2500232,-576131,3.193174444403515,666126,61.66506773870979,80904,69.75812989777005
2023-06-13,2907468,-538565,8.515509663964364,763619,74.03683625454933,-8624,61.06552562156956
2023-06-20,2223815,-380423,30.921002298042836,798530,78.46700878648983,-218564,40.68167540995385
2023-06-27,2187114,-315623,40.10183928434809,753961,72.81124528570051,-313122,31.500689850699025
2023-07-03,2211004,-292640,43.358061143240896,777057,75.74210561046054,-336646,29.216657782593625
2023-07-11,2209607,-307136,41.30427390630446,760123,73.59319719603872,-337372,29.146167760427133
2023-07-18,2280677,-385153,30.2508578698758,819787,81.16450176897267,-361826,26.771838556488625
2023-07-25,2243361,-403332,27.675264728301062,802306,78.94617957737542,-346400,28.269605886984884
2023-08-01,2241749,-382505,30.626025405982844,820352,81.23619972894363,-364521,26.5101710499615
2023-08-08,2221709,-327526,38.41542720644699,774350,75.39858989782088,-376497,25.34737696529774
2023-08-15,2220084,-296032,42.87748399729109,779527,76.05554624962565,-392778,23.766594526051694
2023-08-22,2232226,-331822,37.8067717173549,754982,72.94080920982503,-391411,23.899321606356917
2023-08-29,2267572,-353723,34.70384716740009,755407,72.9947413036085,-369415,26.034994509351577
2023-09-05,2259160,-335302,37.313726768090355,780139,76.13320846467384,-397752,23.283650489886234
2023-09-12,2520164,-250112,49.38341045425308,781298,76.28028445689748,-475285,15.755685078543943
2023-09-19,2097946,-320298,39.43948723325276,863681,86.73460841492941,-440596,19.123768245118857
2023-09-26,2137648,-283612,44.63714441966626,759498,73.51388529341597,-437394,19.43466225472919
2023-10-03,2138034,-262969,47.5618360540536,696137,65.47343495408794,-438081,19.367958886646026
2023-10-10,2073930,-284823,44.46557044450552,666922,61.76607937789013,-350931,27.829674357458206
2023-10-17,2112419,-260638,47.89209116231096,672170,62.43204556183283,-358906,27.055352144265694
2023-10-24,2158452,-195844,57.07207807111748,610714,54.63333790169892,-393976,23.65027628010754
2023-10-31,2174689,-231153,52.06951367066297,604196,53.80620993162679,-404472,22.6311808632212
2023-11-07,2177947,-272845,46.16260849114078,669718,62.12088910546326,-396534,23.401910609719273
2023-11-14,2192899,-291032,43.58588191290106,696990,65.58167983878745,-413307,21.77335807280668
2023-11-21,2240214,-311046,40.75030673629746,758423,73.37746882090485,-429676,20.18403138844954
2023-11-28,2279894,-318644,39.673825263736546,791257,77.5440720380494,-431849,19.973046790422288
2023-12-05,2314400,-353424,34.746209362753575,815718,80.64814955813753,-458717,17.36433340809548
2023-12-12,2670454,-366291,32.92321816672287,824914,81.8151131685676,-433443,19.818279441478232
2023-12-19,2156203,-307532,41.248168791388146,882370,89.10622465191592,-544902,8.996313352421954
2023-12-26,2155313,-354995,34.52363073766892,878373,88.59900917226291,-542577,9.222056192004722
2024-01-02,2221215,-389801,29.592331167524772,954923,98.31313100549727,-592826,4.343195139878031
2024-01-09,2209328,-312515,40.54217942869125,928061,94.90436888029359,-683910,0.0
2024-01-16,2217057,-298679,42.50245814076717,927303,94.80817940479272,-636704,4.386012998415847
2024-01-23,2271312,-392623,29.192511383954507,912254,92.89847568868112,-589327,8.787913981891414
2024-01-30,2308955,-429536,23.962692932172317,969492,100.0,-609072,6.953362724557158
2024-02-06,2297385,-411091,26.57597284285751,916018,93.22517052998592,-570000,10.583627942413022
2024-02-13,2338964,-379467,31.056447979507467,937840,95.98988475923092,-572008,10.397060258202986
2024-02-20,2322953,-417264,25.701384776245433,945299,96.93489453999979,-558349,11.666147906920566
2024-02-27,2344340,-434245,23.295523775250842,940242,96.29420350080578,-574414,10.173513521046933
2024-03-05,2377697,-406861,27.175277479463546,918166,93.49730902161905,-539148,13.45015493108238
2024-03-12,2678339,-494000,14.829460285796056,913797,92.94378338384197,-495521,17.5036351895641
2024-03-19,2094749,-432870,23.490333202043587,946828,97.12860950913716,-623083,5.651569983786822
2024-03-26,2110848,-456511,20.14088617745651,952631,97.86381419579781,-595394,8.224215704948039
2024-04-02,2089222,-368463,32.615490112181895,934377,95.5511437925058,-661693,2.0642301992501983
2024-04-09,2091937,-340973,36.51026185220553,944641,96.8515299555051,-726863,0.0
2024-04-16,2100522,-200928,56.35177907052527,863024,86.51115413072783,-725861,0.08952519482004721
2024-04-23,2067890,-206322,55.58755939916522,841723,83.81244742203258,-696651,2.6993365128775113
2024-04-30,2006204,-195890,57.06556081029387,824848,81.67448790326668,-683192,3.9018510808246325
2024-05-07,2030975,-260250,47.947062840562296,862580,86.45490204027853,-649116,6.946422476720769
2024-05-14,2081097,-292476,43.3812965948729,919252,93.63489859420451,-672717,4.8377556873515735
2024-05-21,2148201,-334078,37.487142577831676,943369,96.69037531800168,-691747,3.1374917577852073
2024-05-28,2179731,-339604,36.704221201499536,974523,100.0,-699003,2.4891935406053047
2024-06-04,2160026,-345416,35.8807794643945,954390,97.4654270553356,-715471,1.0178353486925926
2024-06-11,2266096,-367530,32.74767716323472,971145,99.57473861783757,-724886,0.17663803409105125
2024-06-18,2595590,-371410,32.197960380721376,967455,99.11019909735816,-717057,0.8761317968117595
2024-06-25,1976080,-288772,43.90607777075677,973899,99.92144372336608,-796702,0.0
2024-07-02,2037086,-276301,45.67296385187116,948276,96.695726614086,-801317,0.0
2024-07-09,2048220,-325183,38.74738246970182,977419,100.0,-771001,2.5396836034756034
2024-07-16,2090007,-352243,34.913532950420645,1002181,100.0,-770216,2.6054459609346465
2024-07-23,2047183,-274855,45.877832529065564,995142,99.14366667356049,-783743,1.4722390700448693
2024-07-30,2046205,-244217,50.218611596757235,946819,93.26490614883582,-777234,2.0175221078804246
2024-08-06,2025834,-209759,55.10060667197493,888081,86.11910320404188,-751655,4.160369676599994
2024-08-13,2033008,-276454,45.6512868756535,948936,93.5224509211149,-722222,6.626081099647145
2024-08-20,2050976,-351091,35.07674783017718,967409,95.76979366004333,-708491,7.776377826105898
2024-08-27,2098974,-338826,36.814447917168444,981923,97.53550212714707,-756470,3.7569992929499403
2024-09-03,2106791,-267252,46.95502239954209,988341,98.31628736497755,-785024,1.3649249555161633
2024-09-10,2156591,-251544,49.18052529122238,982309,97.58246116451113,-777722,1.9766405404409177
2024-09-17,2579860,-351386,35.03495235315619,1018535,100.0,-730878,5.9009359198185125
2024-09-24,2046032,-319454,39.55906480140773,1067824,100.0,-858381,0.0
2024-10-01,2081475,-299994,42.31614948896175,1051400,98.14969199086111,-891858,0.0
2024-10-08,2132773,-326673,38.536279890850054,1045421,97.4761050700963,-886801,0.3937758958070693
2024-10-15,2185413,-315768,40.081295744795405,1057716,98.86124492472139,-921680,0.0
2024-10-22,2186686,-296241,42.847872964418585,1068142,100.0,-931107,0.0
2024-10-29,2168363,-289253,43.83792989127509,1047689,97.69661491473659,-939318,0.0
2024-11-05,2140451,-189359,57.99087016766362,994877,91.74900952076345,-950360,0.0
2024-11-12,2235256,-274313,45.95462286311769,1080810,100.0,-966434,0.0
2024-11-19,2259351,-251531,49.18236712580297,1081538,100.0,-975338,0.0
2024-11-26,2272398,-304923,41.61781082375343,1102458,100.0,-919076,4.113582308569122
2024-12-03,2279466,-359412,33.89783201901907,1096475,99.35127457252214,-879408,7.013898383652125
2024-12-10,2324611,-296652,42.78964265575545,1089433,98.58772376852765,-901813,5.375762312707417
2024-12-17,2596020,-256167,48.5255405784494,1040912,93.32668307545514,-937980,2.731420992562036
2024-12-24,2083230,-331703,37.82363158774641,1041084,93.3453327116788,-823504,11.101305610168215
2024-12-31,2058648,-324607,38.828989909580095,984063,87.16265301918094,-810986,12.016556104972315
2025-01-07,2069259,-338494,36.861485538764946,991721,87.99299554360437,-801532,12.707782992484534
2025-01-14,2044090,-297365,42.68862511298947,925592,80.82275255619287,-791018,13.47651151959512
2025-01-21,2036469,-387675,31.393852284004897,932733,81.59703774382773,-762814,15.538640050946363
2025-01-28,2033094,-396658,30.057269371376027,964564,85.04841315449923,-758570,15.848939068357176
2025-02-04,2071863,-324354,40.81540038715226,926604,80.93248181118328,-767568,15.191052508823121
2025-02-11,2096517,-357946,35.81723794687295,934564,81.79556962711571,-762216,15.582362674040533
2025-02-18,2120653,-355590,39.55005686523671,951019,83.57975430188557,-772137,14.85699119625243
2025-02-25,2126872,-336018,42.73451012103591,921140,80.34003057672916,-802136,12.663621680864335
2025-03-04,2180944,-287980,52.485771578294745,911504,79.29521723573357,-871196,7.614316746276447
2025-03-11,2282648,-193552,68.43782150151448,846785,72.2778578941091,-929037,3.3852862406074955
2025-03-18,2560662,-188500,69.29127340362092,831857,70.65924295488306,-910930,4.709175097407131
2025-03-25,2074351,-234607,61.50225779585742,915326,79.70962950112222,-859771,8.449652814589026
2025-04-01,2111750,-261161,57.01639837215706,885480,76.47348390384595,-850268,9.144462325063811
2025-04-08,2332802,-267145,56.00550047385839,813165,68.63250458108797,-806844,12.319397417440648
2025-04-15,2181908,-231469,62.032371031963905,811300,68.43028614180228,-759285,15.796662019005451
2025-04-22,2209656,-251833,58.784068933607,813119,68.62751688767932,-778642,14.381379719283213
2025-04-29,2134084,-249877,59.11558480518357,829401,70.39294349810793,-753541,16.216633167923387
2025-05-06,2133652,-257439,68.08993786241933,816162,68.95746364947358,-693402,20.613681379061248
2025-05-13,2125890,-288655,68.54167587884147,856078,73.28548039077494,-673189,22.091549908496884
2025-05-20,2113668,-298562,70.98806169974713,873442,75.16822622442452,-675771,21.90276761279596
2025-05-27,2112166,-258551,80.45236388752876,856077,73.28537196265735,-715324,19.010859734461835
2025-06-03,2123862,-286068,73.94342376353319,813684,68.6887787741117,-688746,20.954103675259354
2025-06-10,2223909,-314263,69.33873598443569,826131,70.03838355362313,-608292,26.836478120775336
2025-06-17,2450146,-324886,66.74882792214916,846710,72.26972578529065,-573480,29.38174894879262
2025-06-24,1886352,-274322,79.07642947175432,841246,71.67727455083653,-608690,26.80737844854878
2025-07-01,1887354,-306287,71.28330029816978,840148,71.5582204777343,-639775,24.534606309949528
2025-07-08,1899046,-347635,61.20257747416309,863537,74.09424571980006,-614407,26.389381397997973
2025-07-15,1935859,-344810,61.89131796893476,866319,74.39589274290609,-592195,28.013406321355433
2025-07-22,1917043,-341309,62.74486857856152,852268,72.87236926279724,-579359,28.951907308039036
2025-07-29,1941931,-365427,56.864853267799376,872584,75.07519489954136,-597140,27.65185386115362
2025-08-05,1909338,-325243,66.66179062776563,848981,72.51596604031357,-612283,26.54467713621206
2025-08-12,1967857,-386752,48.85548369454455,886359,76.56879221919827,-605021,27.075636482215202
2025-08-19,1974585,-365341,54.379035732436265,870592,74.85920608932308,-615321,26.322554512532964
2025-08-26,2018365,-420555,40.135076915932935,871280,74.93380463421775,-583242,28.66800271694427
2025-09-02,1997661,-382255,50.01560762684099,860828,73.80051394927733,-606175,26.991262055709054
2025-09-09,2035158,-416601,41.155119172615194,887422,76.68405130818525,-615135,29.74340130549489
2025-09-16,2435899,-474986,26.09311432780144,896300,77.6466761360556,-570610,33.68175069738953
2025-09-23,1950977,-451005,32.2796680348063,913552,79.51727802053628,-590410,32.033980679480436
2025-09-30,1942253,-436972,35.899863530006634,935794,81.92893621173842,-623974,29.24076083700059
2025-10-07,1951558,-460173,29.914532119464134,949105,82.55558272996662,-597454,31.44777401250308
2025-10-14,1929048,-416548,41.1687919696825,921903,78.05720160808124,-606971,31.495180395315316
2025-10-21,1882544,-441001,34.86047297558761,902735,74.44775378505832,-580483,33.99321607823894
2025-10-28,1929734,-448721,32.868888195216584,906797,74.90396319369357,-572880,34.64776121972847
2025-11-04,1956133,-405386,44.048334627519466,900657,70.20991718457064,-619153,30.664101173411844
2025-11-10,1981117,-423003,39.50354847780492,903326,70.42456431140856,-618788,30.695524161264498
2025-11-18,2037320,-358907,56.03886170094755,912051,71.72041669265798,-678848,25.524936077894573
2025-11-25,2070962,-382958,49.83424958272171,905294,70.71685514078378,-687493,24.780684762864055
2025-12-02,2074887,-443224,34.28698943066989,940497,75.94526675993833,-657785,27.33825770293654
2025-12-09,2141031,-450002,32.538419269872634,960525,78.9198606271777,-665596,26.66580576288988
2025-12-16,2466313,-389167,48.23246850742072,969485,80.2506156227072,-734284,20.752429900909974
2025-12-23,1911017,-371060,52.903663535682135,936903,75.41147954409759,-711137,22.74516387303391
2025-12-30,1936495,-366841,53.992069777700955,941968,76.1637422731553,-719280,22.044129927597993
2026-01-06,1945513,-415904,41.33492935291553,961339,79.04075734217335,-705932,23.193264288850436
2026-01-13,1909351,-445980,33.576003983169564,931300,74.57931210660298,-673711,25.96718234802896
2026-01-20,1926910,-414085,41.80419006735787,892394,68.80092439945226,-663397,26.855118503404874
2026-01-27,1897461,-427002,38.47189724248061,911628,71.65759198695385,-668159,26.44515612489992
2026-02-03,1928476,-448125,33.022642667898076,933226,74.86536502193667,-663207,26.871475675163786
2026-02-10,1934958,-423704,39.322706388291955,924696,73.59847438445155,-677682,25.625317458267688
2026-02-17,1966090,-464292,28.851923607760988,976865,81.34670623286429,-667375,26.51265098099985
2026-02-24,2017196,-475380,25.991471270357636,1013144,86.73492726889272,-679108,25.50255257969817
2026-03-03,2060733,-406340,43.80222428030782,1004768,85.49090898289326,-729230,21.187530669697047
2026-03-10,1996720,-349989,58.3395032905005,898852,69.76007794422117,-658405,27.284881668775878
2026-03-17,2330659,-340507,60.78564407903393,886828,67.97425226718471,-672772,26.04802121266906
2026-03-24,1879423,-344127,59.851766241606065,878391,63.320559390648555,-668972,26.62475525362807
2026-03-31,1947769,-233412,88.41372336061873,915718,67.08139571779621,-819324,13.68457430758759
2026-04-07,1929090,-244483,85.55765663736904,940435,68.72046240810526,-808612,15.168961520335248
2026-04-14,1959076,-420356,40.18641439926115,1003143,80.82662784950887,-693590,26.292788492495657
2026-04-21,1963317,-412321,42.259262030126585,1014927,82.81603373539389,-718629,23.956143224157994
2026-04-28,1959933,-407490,43.50555038167742,994815,78.71153389763468,-705540,25.177611729979777
2026-05-05,1987685,-405875,43.92218372627576,1009888,81.42142085890556,-709587,25.129357787754884
2026-05-12,2056229,-432438,37.069532622519866,1054872,90.44960281940023,-736273,22.633544206725354
2026-05-19,2068443,-401554,45.03690365321659,1005420,80.52470387065439,-713754,24.765536685721642
2026-05-26,2093621,-457780,30.531871805918513,1003607,80.16083907663037,-676977,28.24740921114669
2026-06-02,2149231,-500732,10.80742147886821,981859,75.7960671293416,-619507,36.80830111077319
