date,building_permits_k,housing_starts_k,months_supply_new
1959-01-01,,1657.0,
1959-02-01,,1667.0,
1959-03-01,,1620.0,
1959-04-01,,1590.0,
1959-05-01,,1498.0,
1959-06-01,,1503.0,
1959-07-01,,1547.0,
1959-08-01,,1430.0,
1959-09-01,,1540.0,
1959-10-01,,1355.0,
1959-11-01,,1416.0,
1959-12-01,,1601.0,
1960-01-01,1092.0,1460.0,
1960-02-01,1088.0,1503.0,
1960-03-01,955.0,1109.0,
1960-04-01,1016.0,1289.0,
1960-05-01,1052.0,1271.0,
1960-06-01,958.0,1247.0,
1960-07-01,999.0,1197.0,
1960-08-01,994.0,1344.0,
1960-09-01,984.0,1097.0,
1960-10-01,972.0,1246.0,
1960-11-01,979.0,1246.0,
1960-12-01,951.0,1063.0,
1961-01-01,969.0,1183.0,
1961-02-01,961.0,1226.0,
1961-03-01,1000.0,1312.0,
1961-04-01,1002.0,1166.0,
1961-05-01,1027.0,1228.0,
1961-06-01,1070.0,1382.0,
1961-07-01,1083.0,1335.0,
1961-08-01,1159.0,1312.0,
1961-09-01,1098.0,1429.0,
1961-10-01,1123.0,1415.0,
1961-11-01,1152.0,1385.0,
1961-12-01,1161.0,1365.0,
1962-01-01,1122.0,1361.0,
1962-02-01,1194.0,1278.0,
1962-03-01,1134.0,1443.0,
1962-04-01,1235.0,1524.0,
1962-05-01,1142.0,1483.0,
1962-06-01,1154.0,1404.0,
1962-07-01,1189.0,1450.0,
1962-08-01,1200.0,1517.0,
1962-09-01,1223.0,1324.0,
1962-10-01,1181.0,1533.0,
1962-11-01,1236.0,1622.0,
1962-12-01,1236.0,1564.0,
1963-01-01,1248.0,1244.0,4.7
1963-02-01,1212.0,1456.0,6.6
1963-03-01,1258.0,1534.0,6.4
1963-04-01,1288.0,1689.0,5.3
1963-05-01,1350.0,1641.0,5.1
1963-06-01,1345.0,1588.0,6.0
1963-07-01,1321.0,1614.0,4.6
1963-08-01,1310.0,1639.0,5.6
1963-09-01,1413.0,1763.0,5.4
1963-10-01,1414.0,1779.0,5.9
1963-11-01,1357.0,1622.0,5.5
1963-12-01,1423.0,1491.0,6.1
1964-01-01,1296.0,1603.0,5.8
1964-02-01,1442.0,1820.0,5.5
1964-03-01,1313.0,1517.0,5.8
1964-04-01,1264.0,1448.0,6.0
1964-05-01,1299.0,1467.0,6.2
1964-06-01,1280.0,1550.0,5.7
1964-07-01,1304.0,1562.0,5.5
1964-08-01,1306.0,1569.0,5.4
1964-09-01,1265.0,1455.0,5.4
1964-10-01,1230.0,1524.0,5.3
1964-11-01,1254.0,1486.0,5.6
1964-12-01,1164.0,1484.0,5.5
1965-01-01,1264.0,1361.0,5.6
1965-02-01,1185.0,1433.0,5.5
1965-03-01,1211.0,1423.0,5.4
1965-04-01,1162.0,1438.0,5.6
1965-05-01,1207.0,1478.0,5.3
1965-06-01,1241.0,1488.0,4.7
1965-07-01,1237.0,1529.0,5.2
1965-08-01,1249.0,1432.0,4.6
1965-09-01,1227.0,1482.0,4.9
1965-10-01,1279.0,1452.0,5.0
1965-11-01,1306.0,1460.0,4.6
1965-12-01,1315.0,1656.0,4.4
1966-01-01,1325.0,1370.0,4.7
1966-02-01,1159.0,1378.0,4.9
1966-03-01,1234.0,1394.0,5.0
1966-04-01,1145.0,1352.0,5.1
1966-05-01,1078.0,1265.0,5.3
1966-06-01,956.0,1194.0,6.0
1966-07-01,932.0,1086.0,5.9
1966-08-01,877.0,1119.0,6.8
1966-09-01,774.0,1046.0,7.2
1966-10-01,739.0,843.0,6.3
1966-11-01,736.0,961.0,6.2
1966-12-01,743.0,990.0,6.3
1967-01-01,995.0,1067.0,5.7
1967-02-01,907.0,1123.0,5.7
1967-03-01,955.0,1056.0,5.4
1967-04-01,1035.0,1091.0,4.9
1967-05-01,1076.0,1304.0,4.5
1967-06-01,1169.0,1248.0,4.6
1967-07-01,1177.0,1364.0,4.4
1967-08-01,1229.0,1407.0,4.4
1967-09-01,1279.0,1421.0,4.3
1967-10-01,1280.0,1491.0,4.1
1967-11-01,1297.0,1538.0,4.6
1967-12-01,1315.0,1308.0,4.7
1968-01-01,1179.0,1380.0,4.7
1968-02-01,1342.0,1520.0,4.1
1968-03-01,1370.0,1466.0,4.8
1968-04-01,1286.0,1554.0,4.9
1968-05-01,1297.0,1408.0,5.5
1968-06-01,1300.0,1405.0,5.5
1968-07-01,1344.0,1512.0,5.1
1968-08-01,1357.0,1495.0,5.0
1968-09-01,1464.0,1556.0,5.1
1968-10-01,1421.0,1569.0,5.2
1968-11-01,1436.0,1630.0,5.6
1968-12-01,1389.0,1548.0,5.2
1969-01-01,1459.0,1769.0,5.5
1969-02-01,1495.0,1705.0,4.9
1969-03-01,1438.0,1561.0,5.7
1969-04-01,1441.0,1524.0,6.0
1969-05-01,1328.0,1583.0,6.1
1969-06-01,1349.0,1528.0,5.8
1969-07-01,1278.0,1368.0,6.3
1969-08-01,1317.0,1358.0,6.5
1969-09-01,1263.0,1507.0,6.9
1969-10-01,1216.0,1381.0,7.0
1969-11-01,1191.0,1229.0,6.2
1969-12-01,1155.0,1327.0,6.1
1970-01-01,1062.0,1085.0,5.5
1970-02-01,1118.0,1305.0,7.2
1970-03-01,1132.0,1319.0,6.8
1970-04-01,1224.0,1264.0,6.0
1970-05-01,1328.0,1290.0,5.7
1970-06-01,1322.0,1385.0,5.5
1970-07-01,1324.0,1517.0,5.4
1970-08-01,1394.0,1399.0,5.1
1970-09-01,1426.0,1534.0,4.7
1970-10-01,1564.0,1580.0,4.8
1970-11-01,1502.0,1647.0,4.6
1970-12-01,1767.0,1893.0,4.7
1971-01-01,1643.0,1828.0,4.3
1971-02-01,1588.0,1741.0,4.4
1971-03-01,1759.0,1910.0,4.0
1971-04-01,1745.0,1986.0,4.2
1971-05-01,1972.0,2049.0,4.6
1971-06-01,1903.0,2026.0,4.7
1971-07-01,2069.0,2083.0,4.1
1971-08-01,2004.0,2158.0,4.7
1971-09-01,1996.0,2041.0,5.2
1971-10-01,2026.0,2128.0,5.0
1971-11-01,2079.0,2182.0,4.9
1971-12-01,2133.0,2295.0,5.1
1972-01-01,2238.0,2494.0,5.2
1972-02-01,2169.0,2390.0,5.4
1972-03-01,2105.0,2334.0,6.1
1972-04-01,2139.0,2249.0,5.8
1972-05-01,2067.0,2221.0,6.1
1972-06-01,2183.0,2254.0,6.3
1972-07-01,2195.0,2252.0,6.3
1972-08-01,2263.0,2382.0,6.0
1972-09-01,2393.0,2481.0,6.2
1972-10-01,2354.0,2485.0,5.7
1972-11-01,2234.0,2421.0,6.8
1972-12-01,2419.0,2366.0,6.5
1973-01-01,2271.0,2481.0,6.5
1973-02-01,2226.0,2289.0,6.8
1973-03-01,2062.0,2365.0,7.0
1973-04-01,1908.0,2084.0,7.7
1973-05-01,1931.0,2266.0,7.5
1973-06-01,2051.0,2067.0,7.8
1973-07-01,1819.0,2123.0,8.7
1973-08-01,1809.0,2051.0,9.4
1973-09-01,1704.0,1874.0,9.5
1973-10-01,1411.0,1677.0,9.4
1973-11-01,1402.0,1724.0,9.6
1973-12-01,1288.0,1526.0,10.1
1974-01-01,1331.0,1451.0,9.7
1974-02-01,1360.0,1752.0,9.6
1974-03-01,1440.0,1555.0,8.8
1974-04-01,1254.0,1607.0,9.1
1974-05-01,1138.0,1426.0,8.0
1974-06-01,1086.0,1513.0,8.9
1974-07-01,1002.0,1316.0,8.8
1974-08-01,917.0,1142.0,9.3
1974-09-01,840.0,1150.0,9.1
1974-10-01,824.0,1070.0,9.8
1974-11-01,783.0,1026.0,9.7
1974-12-01,869.0,975.0,10.3
1975-01-01,726.0,1032.0,9.9
1975-02-01,729.0,904.0,10.4
1975-03-01,709.0,993.0,8.9
1975-04-01,866.0,1005.0,7.2
1975-05-01,914.0,1121.0,6.8
1975-06-01,946.0,1087.0,7.2
1975-07-01,1020.0,1226.0,7.0
1975-08-01,994.0,1260.0,6.8
1975-09-01,1064.0,1264.0,7.3
1975-10-01,1096.0,1344.0,6.6
1975-11-01,1110.0,1360.0,5.8
1975-12-01,1091.0,1321.0,5.8
1976-01-01,1195.0,1367.0,6.4
1976-02-01,1190.0,1538.0,5.9
1976-03-01,1164.0,1421.0,6.8
1976-04-01,1132.0,1395.0,6.4
1976-05-01,1194.0,1459.0,7.0
1976-06-01,1188.0,1495.0,6.9
1976-07-01,1245.0,1401.0,6.4
1976-08-01,1309.0,1550.0,6.2
1976-09-01,1481.0,1720.0,6.2
1976-10-01,1425.0,1629.0,5.8
1976-11-01,1531.0,1641.0,6.0
1976-12-01,1511.0,1804.0,5.6
1977-01-01,1466.0,1527.0,5.3
1977-02-01,1560.0,1943.0,5.1
1977-03-01,1660.0,2063.0,5.0
1977-04-01,1660.0,1892.0,5.5
1977-05-01,1668.0,1971.0,5.4
1977-06-01,1752.0,1893.0,5.5
1977-07-01,1687.0,2058.0,6.1
1977-08-01,1780.0,2020.0,5.8
1977-09-01,1674.0,1949.0,5.9
1977-10-01,1758.0,2042.0,6.1
1977-11-01,1771.0,2042.0,6.0
1977-12-01,1754.0,2142.0,6.0
1978-01-01,1740.0,1718.0,5.9
1978-02-01,1736.0,1738.0,6.3
1978-03-01,1799.0,2032.0,6.1
1978-04-01,1948.0,2197.0,5.8
1978-05-01,1766.0,2075.0,5.9
1978-06-01,1983.0,2070.0,6.2
1978-07-01,1786.0,2092.0,6.6
1978-08-01,1691.0,1996.0,6.6
1978-09-01,1751.0,1970.0,5.9
1978-10-01,1781.0,1981.0,5.7
1978-11-01,1795.0,2094.0,6.5
1978-12-01,1818.0,2044.0,6.1
1979-01-01,1461.0,1630.0,6.6
1979-02-01,1492.0,1520.0,6.8
1979-03-01,1720.0,1847.0,6.6
1979-04-01,1597.0,1748.0,6.8
1979-05-01,1684.0,1876.0,7.1
1979-06-01,1640.0,1913.0,7.4
1979-07-01,1534.0,1760.0,7.1
1979-08-01,1591.0,1778.0,6.9
1979-09-01,1638.0,1832.0,7.4
1979-10-01,1481.0,1681.0,7.4
1979-11-01,1276.0,1524.0,8.3
1979-12-01,1254.0,1498.0,8.6
1980-01-01,1280.0,1341.0,7.9
1980-02-01,1199.0,1350.0,8.6
1980-03-01,988.0,1047.0,9.8
1980-04-01,808.0,1051.0,11.6
1980-05-01,861.0,927.0,9.2
1980-06-01,1118.0,1196.0,7.6
1980-07-01,1259.0,1269.0,6.5
1980-08-01,1367.0,1436.0,6.0
1980-09-01,1484.0,1471.0,7.3
1980-10-01,1366.0,1523.0,7.3
1980-11-01,1383.0,1510.0,7.4
1980-12-01,1249.0,1482.0,7.6
1981-01-01,1221.0,1547.0,8.0
1981-02-01,1199.0,1246.0,8.1
1981-03-01,1183.0,1306.0,7.7
1981-04-01,1190.0,1360.0,8.6
1981-05-01,1173.0,1140.0,8.4
1981-06-01,976.0,1045.0,9.2
1981-07-01,935.0,1041.0,9.0
1981-08-01,889.0,940.0,9.8
1981-09-01,847.0,911.0,11.3
1981-10-01,731.0,873.0,10.3
1981-11-01,748.0,837.0,9.1
1981-12-01,796.0,910.0,7.1
1982-01-01,794.0,843.0,8.9
1982-02-01,808.0,866.0,9.2
1982-03-01,891.0,931.0,8.7
1982-04-01,888.0,917.0,9.4
1982-05-01,953.0,1025.0,8.3
1982-06-01,913.0,902.0,8.3
1982-07-01,1044.0,1166.0,8.2
1982-08-01,926.0,1046.0,7.1
1982-09-01,1042.0,1144.0,6.7
1982-10-01,1149.0,1173.0,6.2
1982-11-01,1229.0,1372.0,5.4
1982-12-01,1351.0,1303.0,5.8
1983-01-01,1426.0,1586.0,5.4
1983-02-01,1471.0,1699.0,5.6
1983-03-01,1475.0,1606.0,5.4
1983-04-01,1566.0,1472.0,5.1
1983-05-01,1669.0,1776.0,4.9
1983-06-01,1769.0,1733.0,5.3
1983-07-01,1795.0,1785.0,5.8
1983-08-01,1713.0,1910.0,6.2
1983-09-01,1585.0,1710.0,6.2
1983-10-01,1716.0,1715.0,5.6
1983-11-01,1668.0,1785.0,5.8
1983-12-01,1627.0,1688.0,4.7
1984-01-01,1816.0,1897.0,5.3
1984-02-01,1987.0,2260.0,5.1
1984-03-01,1725.0,1663.0,6.1
1984-04-01,1776.0,1851.0,6.0
1984-05-01,1741.0,1774.0,6.7
1984-06-01,1814.0,1843.0,6.6
1984-07-01,1605.0,1732.0,6.7
1984-08-01,1530.0,1586.0,7.5
1984-09-01,1523.0,1698.0,6.5
1984-10-01,1490.0,1590.0,6.0
1984-11-01,1643.0,1689.0,7.2
1984-12-01,1626.0,1612.0,7.3
1985-01-01,1660.0,1711.0,6.7
1985-02-01,1662.0,1632.0,6.5
1985-03-01,1727.0,1800.0,6.4
1985-04-01,1664.0,1821.0,6.9
1985-05-01,1709.0,1680.0,6.4
1985-06-01,1716.0,1676.0,6.0
1985-07-01,1697.0,1684.0,5.6
1985-08-01,1808.0,1743.0,5.8
1985-09-01,1916.0,1676.0,6.3
1985-10-01,1743.0,1834.0,6.4
1985-11-01,1692.0,1698.0,5.9
1985-12-01,1794.0,1942.0,5.8
1986-01-01,1847.0,1972.0,5.7
1986-02-01,1767.0,1848.0,6.0
1986-03-01,1780.0,1876.0,4.7
1986-04-01,1858.0,1933.0,4.7
1986-05-01,1797.0,1854.0,5.2
1986-06-01,1790.0,1847.0,5.7
1986-07-01,1780.0,1782.0,6.1
1986-08-01,1726.0,1807.0,7.0
1986-09-01,1686.0,1687.0,5.8
1986-10-01,1675.0,1681.0,6.5
1986-11-01,1644.0,1623.0,6.1
1986-12-01,1903.0,1833.0,5.5
1987-01-01,1690.0,1774.0,6.0
1987-02-01,1689.0,1784.0,6.2
1987-03-01,1704.0,1726.0,6.0
1987-04-01,1601.0,1614.0,6.0
1987-05-01,1500.0,1628.0,6.7
1987-06-01,1522.0,1594.0,6.9
1987-07-01,1516.0,1575.0,6.7
1987-08-01,1511.0,1605.0,6.8
1987-09-01,1514.0,1695.0,6.8
1987-10-01,1447.0,1515.0,6.8
1987-11-01,1457.0,1656.0,7.0
1987-12-01,1345.0,1400.0,7.6
1988-01-01,1244.0,1271.0,7.5
1988-02-01,1438.0,1473.0,6.6
1988-03-01,1525.0,1532.0,6.6
1988-04-01,1429.0,1573.0,6.4
1988-05-01,1444.0,1421.0,6.6
1988-06-01,1485.0,1478.0,6.2
1988-07-01,1439.0,1467.0,6.6
1988-08-01,1460.0,1493.0,6.6
1988-09-01,1436.0,1492.0,6.5
1988-10-01,1516.0,1522.0,6.0
1988-11-01,1508.0,1569.0,7.2
1988-12-01,1501.0,1563.0,6.8
1989-01-01,1466.0,1621.0,6.2
1989-02-01,1383.0,1425.0,7.5
1989-03-01,1214.0,1422.0,8.2
1989-04-01,1376.0,1339.0,7.4
1989-05-01,1381.0,1331.0,7.1
1989-06-01,1322.0,1397.0,7.2
1989-07-01,1283.0,1427.0,6.1
1989-08-01,1334.0,1332.0,6.4
1989-09-01,1314.0,1279.0,7.1
1989-10-01,1365.0,1410.0,6.9
1989-11-01,1344.0,1351.0,6.6
1989-12-01,1422.0,1251.0,7.0
1990-01-01,1748.0,1551.0,7.0
1990-02-01,1329.0,1437.0,7.6
1990-03-01,1246.0,1289.0,7.8
1990-04-01,1136.0,1248.0,8.3
1990-05-01,1067.0,1212.0,8.2
1990-06-01,1108.0,1177.0,7.9
1990-07-01,1078.0,1171.0,7.8
1990-08-01,1069.0,1115.0,8.2
1990-09-01,976.0,1110.0,8.4
1990-10-01,925.0,1014.0,8.7
1990-11-01,941.0,1145.0,8.2
1990-12-01,861.0,969.0,8.5
1991-01-01,786.0,798.0,9.4
1991-02-01,853.0,965.0,7.9
1991-03-01,911.0,921.0,7.3
1991-04-01,916.0,1001.0,7.3
1991-05-01,991.0,996.0,7.0
1991-06-01,964.0,1036.0,7.0
1991-07-01,973.0,1063.0,7.1
1991-08-01,944.0,1049.0,6.8
1991-09-01,974.0,1015.0,7.4
1991-10-01,991.0,1079.0,6.7
1991-11-01,984.0,1103.0,6.2
1991-12-01,1061.0,1079.0,6.2
1992-01-01,1077.0,1176.0,5.2
1992-02-01,1146.0,1250.0,4.9
1992-03-01,1082.0,1297.0,6.1
1992-04-01,1054.0,1099.0,6.1
1992-05-01,1056.0,1214.0,6.0
1992-06-01,1057.0,1145.0,5.6
1992-07-01,1089.0,1139.0,5.3
1992-08-01,1075.0,1226.0,5.2
1992-09-01,1114.0,1186.0,5.0
1992-10-01,1132.0,1244.0,5.1
1992-11-01,1118.0,1214.0,5.4
1992-12-01,1176.0,1227.0,5.0
1993-01-01,1177.0,1210.0,5.4
1993-02-01,1148.0,1210.0,5.3
1993-03-01,1056.0,1083.0,5.4
1993-04-01,1104.0,1258.0,4.7
1993-05-01,1112.0,1260.0,5.3
1993-06-01,1130.0,1280.0,5.2
1993-07-01,1174.0,1254.0,5.3
1993-08-01,1230.0,1300.0,5.5
1993-09-01,1251.0,1343.0,4.9
1993-10-01,1287.0,1392.0,5.0
1993-11-01,1357.0,1376.0,4.8
1993-12-01,1461.0,1533.0,4.5
1994-01-01,1390.0,1272.0,5.9
1994-02-01,1269.0,1337.0,5.0
1994-03-01,1342.0,1564.0,4.8
1994-04-01,1392.0,1465.0,5.2
1994-05-01,1396.0,1526.0,5.3
1994-06-01,1357.0,1409.0,6.2
1994-07-01,1335.0,1439.0,6.3
1994-08-01,1377.0,1450.0,6.1
1994-09-01,1412.0,1474.0,6.0
1994-10-01,1397.0,1450.0,5.6
1994-11-01,1340.0,1511.0,6.3
1994-12-01,1396.0,1455.0,6.6
1995-01-01,1282.0,1407.0,6.8
1995-02-01,1254.0,1316.0,7.3
1995-03-01,1226.0,1249.0,6.8
1995-04-01,1259.0,1267.0,6.7
1995-05-01,1271.0,1314.0,6.3
1995-06-01,1305.0,1281.0,5.8
1995-07-01,1354.0,1461.0,5.6
1995-08-01,1386.0,1416.0,6.1
1995-09-01,1421.0,1369.0,6.3
1995-10-01,1400.0,1369.0,6.3
1995-11-01,1430.0,1452.0,6.8
1995-12-01,1442.0,1431.0,6.4
1996-01-01,1387.0,1467.0,6.4
1996-02-01,1420.0,1491.0,5.3
1996-03-01,1437.0,1424.0,6.2
1996-04-01,1463.0,1516.0,6.0
1996-05-01,1457.0,1504.0,5.9
1996-06-01,1429.0,1467.0,6.0
1996-07-01,1450.0,1472.0,5.7
1996-08-01,1413.0,1557.0,5.0
1996-09-01,1392.0,1475.0,5.2
1996-10-01,1358.0,1392.0,5.6
1996-11-01,1412.0,1489.0,5.2
1996-12-01,1411.0,1370.0,5.0
1997-01-01,1382.0,1355.0,4.7
1997-02-01,1445.0,1486.0,4.5
1997-03-01,1436.0,1457.0,4.1
1997-04-01,1421.0,1492.0,4.7
1997-05-01,1414.0,1442.0,4.6
1997-06-01,1402.0,1494.0,4.4
1997-07-01,1440.0,1437.0,4.4
1997-08-01,1449.0,1390.0,4.3
1997-09-01,1494.0,1546.0,4.2
1997-10-01,1499.0,1520.0,4.3
1997-11-01,1469.0,1510.0,3.9
1997-12-01,1456.0,1566.0,4.4
1998-01-01,1555.0,1525.0,4.0
1998-02-01,1647.0,1584.0,3.9
1998-03-01,1605.0,1567.0,4.1
1998-04-01,1547.0,1540.0,4.0
1998-05-01,1554.0,1536.0,3.9
1998-06-01,1551.0,1641.0,3.8
1998-07-01,1610.0,1698.0,4.0
1998-08-01,1654.0,1614.0,4.1
1998-09-01,1577.0,1582.0,4.1
1998-10-01,1719.0,1715.0,4.0
1998-11-01,1672.0,1660.0,3.5
1998-12-01,1742.0,1792.0,3.8
1999-01-01,1732.0,1748.0,3.9
1999-02-01,1720.0,1670.0,4.0
1999-03-01,1665.0,1710.0,4.1
1999-04-01,1600.0,1553.0,3.9
1999-05-01,1640.0,1611.0,4.0
1999-06-01,1702.0,1559.0,3.9
1999-07-01,1682.0,1669.0,4.0
1999-08-01,1671.0,1648.0,4.0
1999-09-01,1551.0,1635.0,4.5
1999-10-01,1649.0,1608.0,4.2
1999-11-01,1672.0,1648.0,4.3
1999-12-01,1683.0,1708.0,4.3
2000-01-01,1727.0,1636.0,4.3
2000-02-01,1692.0,1737.0,4.3
2000-03-01,1651.0,1604.0,4.3
2000-04-01,1597.0,1626.0,4.4
2000-05-01,1543.0,1575.0,4.4
2000-06-01,1572.0,1559.0,4.8
2000-07-01,1542.0,1463.0,4.1
2000-08-01,1552.0,1541.0,4.4
2000-09-01,1570.0,1507.0,4.0
2000-10-01,1577.0,1549.0,4.0
2000-11-01,1614.0,1551.0,4.2
2000-12-01,1543.0,1532.0,3.6
2001-01-01,1699.0,1600.0,3.8
2001-02-01,1656.0,1625.0,3.7
2001-03-01,1659.0,1590.0,3.8
2001-04-01,1666.0,1649.0,3.9
2001-05-01,1665.0,1605.0,4.0
2001-06-01,1626.0,1636.0,4.2
2001-07-01,1598.0,1670.0,4.2
2001-08-01,1615.0,1567.0,4.4
2001-09-01,1565.0,1562.0,4.4
2001-10-01,1566.0,1540.0,4.3
2001-11-01,1651.0,1602.0,4.1
2001-12-01,1680.0,1568.0,3.8
2002-01-01,1665.0,1698.0,4.2
2002-02-01,1787.0,1829.0,4.0
2002-03-01,1691.0,1642.0,4.1
2002-04-01,1669.0,1592.0,4.3
2002-05-01,1716.0,1764.0,4.0
2002-06-01,1758.0,1717.0,4.2
2002-07-01,1738.0,1655.0,4.2
2002-08-01,1695.0,1633.0,4.0
2002-09-01,1803.0,1804.0,3.9
2002-10-01,1799.0,1648.0,4.0
2002-11-01,1771.0,1753.0,4.0
2002-12-01,1896.0,1788.0,4.0
2003-01-01,1808.0,1853.0,4.0
2003-02-01,1854.0,1629.0,4.5
2003-03-01,1757.0,1726.0,4.1
2003-04-01,1803.0,1643.0,4.1
2003-05-01,1835.0,1751.0,3.9
2003-06-01,1875.0,1867.0,3.5
2003-07-01,1885.0,1897.0,3.6
2003-08-01,1966.0,1833.0,3.5
2003-09-01,1961.0,1939.0,3.8
2003-10-01,2012.0,1967.0,3.8
2003-11-01,1918.0,2083.0,4.1
2003-12-01,1987.0,2057.0,4.0
2004-01-01,1952.0,1911.0,3.8
2004-02-01,1966.0,1846.0,3.7
2004-03-01,2066.0,1998.0,3.6
2004-04-01,2070.0,2003.0,4.0
2004-05-01,2150.0,1981.0,3.8
2004-06-01,2020.0,1828.0,3.9
2004-07-01,2112.0,2002.0,4.5
2004-08-01,2056.0,2024.0,4.3
2004-09-01,2041.0,1905.0,4.1
2004-10-01,2097.0,2072.0,3.9
2004-11-01,2079.0,1782.0,4.3
2004-12-01,2082.0,2042.0,4.1
2005-01-01,2139.0,2144.0,4.4
2005-02-01,2114.0,2207.0,4.3
2005-03-01,2062.0,1864.0,4.1
2005-04-01,2150.0,2061.0,4.3
2005-05-01,2085.0,2025.0,4.2
2005-06-01,2178.0,2068.0,4.3
2005-07-01,2203.0,2054.0,4.2
2005-08-01,2219.0,2095.0,4.5
2005-09-01,2263.0,2151.0,4.7
2005-10-01,2170.0,2065.0,4.5
2005-11-01,2218.0,2147.0,5.0
2005-12-01,2120.0,1994.0,4.9
2006-01-01,2212.0,2273.0,5.3
2006-02-01,2141.0,2119.0,6.1
2006-03-01,2118.0,1969.0,5.9
2006-04-01,1998.0,1821.0,6.3
2006-05-01,1905.0,1942.0,6.2
2006-06-01,1867.0,1802.0,6.3
2006-07-01,1763.0,1737.0,7.3
2006-08-01,1722.0,1650.0,6.7
2006-09-01,1655.0,1720.0,6.7
2006-10-01,1570.0,1491.0,7.3
2006-11-01,1535.0,1570.0,6.6
2006-12-01,1638.0,1649.0,6.5
2007-01-01,1626.0,1409.0,7.2
2007-02-01,1598.0,1480.0,7.9
2007-03-01,1596.0,1495.0,7.9
2007-04-01,1470.0,1490.0,7.4
2007-05-01,1493.0,1415.0,7.8
2007-06-01,1407.0,1448.0,8.2
2007-07-01,1361.0,1354.0,8.3
2007-08-01,1321.0,1330.0,9.2
2007-09-01,1261.0,1183.0,9.2
2007-10-01,1192.0,1264.0,8.5
2007-11-01,1224.0,1197.0,9.4
2007-12-01,1149.0,1037.0,9.6
2008-01-01,1094.0,1084.0,9.3
2008-02-01,1014.0,1103.0,9.7
2008-03-01,967.0,1005.0,10.5
2008-04-01,1008.0,1013.0,10.3
2008-05-01,995.0,973.0,10.7
2008-06-01,1180.0,1046.0,10.7
2008-07-01,921.0,923.0,10.5
2008-08-01,858.0,844.0,11.3
2008-09-01,797.0,820.0,10.9
2008-10-01,736.0,777.0,11.6
2008-11-01,626.0,652.0,11.4
2008-12-01,554.0,560.0,11.2
2009-01-01,545.0,490.0,12.2
2009-02-01,558.0,582.0,10.5
2009-03-01,513.0,505.0,11.0
2009-04-01,521.0,478.0,10.7
2009-05-01,556.0,540.0,9.3
2009-06-01,601.0,585.0,8.5
2009-07-01,595.0,594.0,7.9
2009-08-01,616.0,586.0,7.5
2009-09-01,609.0,585.0,7.8
2009-10-01,583.0,534.0,7.4
2009-11-01,623.0,588.0,7.6
2009-12-01,664.0,581.0,8.0
2010-01-01,636.0,614.0,8.1
2010-02-01,650.0,604.0,8.3
2010-03-01,687.0,636.0,7.1
2010-04-01,637.0,687.0,6.2
2010-05-01,575.0,583.0,9.3
2010-06-01,587.0,536.0,8.3
2010-07-01,579.0,546.0,8.9
2010-08-01,580.0,599.0,8.8
2010-09-01,563.0,594.0,7.6
2010-10-01,558.0,543.0,8.2
2010-11-01,560.0,545.0,8.2
2010-12-01,632.0,539.0,7.0
2011-01-01,576.0,630.0,7.3
2011-02-01,542.0,517.0,8.1
2011-03-01,583.0,600.0,7.2
2011-04-01,581.0,554.0,6.7
2011-05-01,618.0,561.0,6.6
2011-06-01,636.0,608.0,6.6
2011-07-01,621.0,623.0,6.7
2011-08-01,647.0,585.0,6.5
2011-09-01,610.0,650.0,6.3
2011-10-01,671.0,610.0,6.0
2011-11-01,706.0,711.0,5.7
2011-12-01,697.0,694.0,5.3
2012-01-01,712.0,723.0,5.3
2012-02-01,738.0,704.0,4.8
2012-03-01,806.0,695.0,4.9
2012-04-01,732.0,753.0,4.9
2012-05-01,796.0,708.0,4.7
2012-06-01,794.0,757.0,4.8
2012-07-01,849.0,740.0,4.6
2012-08-01,840.0,754.0,4.6
2012-09-01,930.0,847.0,4.5
2012-10-01,887.0,915.0,4.9
2012-11-01,917.0,833.0,4.6
2012-12-01,941.0,976.0,4.5
2013-01-01,940.0,888.0,4.0
2013-02-01,980.0,962.0,4.1
2013-03-01,936.0,1010.0,4.2
2013-04-01,1012.0,835.0,4.4
2013-05-01,1003.0,930.0,4.6
2013-06-01,942.0,839.0,4.1
2013-07-01,997.0,880.0,5.5
2013-08-01,964.0,917.0,5.5
2013-09-01,1004.0,850.0,5.4
2013-10-01,1044.0,925.0,4.9
2013-11-01,1029.0,1100.0,5.0
2013-12-01,1005.0,1002.0,5.2
2014-01-01,976.0,888.0,5.1
2014-02-01,1039.0,944.0,5.3
2014-03-01,1067.0,970.0,5.6
2014-04-01,1090.0,1043.0,5.7
2014-05-01,1018.0,1007.0,5.2
2014-06-01,1010.0,911.0,5.7
2014-07-01,1076.0,1085.0,6.2
2014-08-01,1047.0,984.0,5.4
2014-09-01,1077.0,1023.0,5.4
2014-10-01,1094.0,1074.0,5.3
2014-11-01,1059.0,1001.0,5.7
2014-12-01,1072.0,1073.0,5.1
2015-01-01,1049.0,1085.0,4.8
2015-02-01,1127.0,886.0,4.5
2015-03-01,1072.0,960.0,5.1
2015-04-01,1166.0,1190.0,4.9
2015-05-01,1272.0,1079.0,5.0
2015-06-01,1379.0,1205.0,5.4
2015-07-01,1140.0,1146.0,5.2
2015-08-01,1165.0,1130.0,5.0
2015-09-01,1144.0,1224.0,5.9
2015-10-01,1160.0,1058.0,5.6
2015-11-01,1244.0,1172.0,5.5
2015-12-01,1211.0,1146.0,5.1
2016-01-01,1171.0,1092.0,5.6
2016-02-01,1172.0,1225.0,5.5
2016-03-01,1118.0,1111.0,5.5
2016-04-01,1160.0,1163.0,5.0
2016-05-01,1205.0,1148.0,5.1
2016-06-01,1208.0,1203.0,5.3
2016-07-01,1198.0,1239.0,4.5
2016-08-01,1201.0,1171.0,5.0
2016-09-01,1303.0,1068.0,5.2
2016-10-01,1254.0,1313.0,5.2
2016-11-01,1230.0,1140.0,5.2
2016-12-01,1248.0,1252.0,5.4
2017-01-01,1303.0,1190.0,5.4
2017-02-01,1234.0,1271.0,5.3
2017-03-01,1272.0,1190.0,5.0
2017-04-01,1251.0,1146.0,5.4
2017-05-01,1208.0,1157.0,5.1
2017-06-01,1353.0,1249.0,5.3
2017-07-01,1256.0,1206.0,5.8
2017-08-01,1319.0,1159.0,6.1
2017-09-01,1273.0,1181.0,5.3
2017-10-01,1356.0,1257.0,5.5
2017-11-01,1299.0,1273.0,4.8
2017-12-01,1311.0,1177.0,5.6
2018-01-01,1317.0,1299.0,6.0
2018-02-01,1321.0,1277.0,5.7
2018-03-01,1385.0,1318.0,5.2
2018-04-01,1378.0,1276.0,5.6
2018-05-01,1338.0,1357.0,5.5
2018-06-01,1345.0,1192.0,5.8
2018-07-01,1334.0,1208.0,6.0
2018-08-01,1273.0,1288.0,6.5
2018-09-01,1314.0,1250.0,6.6
2018-10-01,1272.0,1221.0,7.2
2018-11-01,1340.0,1181.0,6.4
2018-12-01,1317.0,1095.0,7.6
2019-01-01,1254.0,1226.0,7.0
2019-02-01,1286.0,1121.0,6.3
2019-03-01,1295.0,1191.0,5.6
2019-04-01,1322.0,1272.0,5.7
2019-05-01,1347.0,1293.0,6.5
2019-06-01,1299.0,1243.0,5.4
2019-07-01,1379.0,1240.0,6.1
2019-08-01,1482.0,1375.0,5.5
2019-09-01,1469.0,1311.0,5.4
2019-10-01,1523.0,1325.0,5.3
2019-11-01,1535.0,1353.0,5.4
2019-12-01,1443.0,1548.0,5.5
2020-01-01,1490.0,1581.0,5.7
2020-02-01,1461.0,1549.0,5.6
2020-03-01,1351.0,1266.0,6.4
2020-04-01,1079.0,936.0,6.8
2020-05-01,1251.0,1039.0,5.3
2020-06-01,1333.0,1266.0,4.0
2020-07-01,1539.0,1526.0,3.5
2020-08-01,1534.0,1396.0,3.4
2020-09-01,1650.0,1473.0,3.5
2020-10-01,1612.0,1543.0,3.3
2020-11-01,1692.0,1543.0,3.9
2020-12-01,1755.0,1614.0,4.1
2021-01-01,1856.0,1624.0,4.0
2021-02-01,1703.0,1398.0,4.8
2021-03-01,1756.0,1688.0,4.4
2021-04-01,1710.0,1489.0,4.7
2021-05-01,1705.0,1600.0,5.5
2021-06-01,1662.0,1664.0,5.9
2021-07-01,1666.0,1600.0,5.8
2021-08-01,1740.0,1596.0,6.6
2021-09-01,1649.0,1576.0,6.1
2021-10-01,1699.0,1587.0,6.7
2021-11-01,1770.0,1707.0,6.0
2021-12-01,1886.0,1711.0,5.7
2022-01-01,1923.0,1693.0,5.9
2022-02-01,1846.0,1730.0,6.0
2022-03-01,1899.0,1700.0,6.9
2022-04-01,1849.0,1807.0,8.5
2022-05-01,1711.0,1546.0,8.2
2022-06-01,1726.0,1556.0,9.4
2022-07-01,1707.0,1382.0,10.3
2022-08-01,1565.0,1532.0,8.8
2022-09-01,1586.0,1481.0,10.1
2022-10-01,1583.0,1446.0,9.6
2022-11-01,1424.0,1434.0,9.3
2022-12-01,1398.0,1296.0,8.8
2023-01-01,1418.0,1358.0,8.1
2023-02-01,1605.0,1395.0,8.3
2023-03-01,1472.0,1366.0,8.1
2023-04-01,1482.0,1343.0,7.8
2023-05-01,1579.0,1609.0,6.9
2023-06-01,1447.0,1420.0,7.5
2023-07-01,1530.0,1464.0,7.0
2023-08-01,1596.0,1321.0,8.0
2023-09-01,1530.0,1369.0,7.7
2023-10-01,1524.0,1380.0,7.7
2023-11-01,1513.0,1522.0,8.9
2023-12-01,1501.0,1504.0,8.6
2024-01-01,1548.0,1378.0,8.1
2024-02-01,1570.0,1555.0,8.5
2024-03-01,1477.0,1297.0,8.2
2024-04-01,1456.0,1379.0,7.9
2024-05-01,1405.0,1329.0,8.3
2024-06-01,1459.0,1318.0,8.2
2024-07-01,1448.0,1269.0,7.6
2024-08-01,1492.0,1394.0,8.2
2024-09-01,1421.0,1357.0,7.9
2024-10-01,1435.0,1370.0,9.1
2024-11-01,1512.0,1300.0,8.8
2024-12-01,1467.0,1494.0,8.4
2025-01-01,1463.0,1353.0,9.0
2025-02-01,1446.0,1491.0,9.4
2025-03-01,1492.0,1346.0,9.3
2025-04-01,1445.0,1400.0,8.6
2025-05-01,1416.0,1289.0,9.7
2025-06-01,1399.0,1379.0,9.0
2025-07-01,1400.0,1432.0,9.2
2025-08-01,1347.0,1291.0,8.5
2025-09-01,1444.0,1319.0,8.2
2025-10-01,1418.0,1273.0,9.0
2025-11-01,1414.0,1319.0,7.7
2025-12-01,1482.0,1378.0,7.9
2026-01-01,1393.0,1385.0,9.9
2026-02-01,1540.0,1346.0,9.1
2026-03-01,1363.0,1507.0,8.7
2026-04-01,1423.0,1465.0,9.4
