Date,naaim_mean,most_bullish,most_bearish
2006-07-05,19.4444,100,-100
2006-07-12,31.2,150,-50
2006-07-19,18.76,100,-100
2006-07-26,17.375,100,-50
2006-08-02,44.2333,175,-50
2006-08-09,45.0187,150,-100
2006-08-16,38.6,150,-100
2006-08-23,42.0952,100,-60
2006-08-30,42.0952,100,-60
2006-09-06,49.381,100,-70
2006-09-13,45.8,150,-100
2006-09-20,78,150,20
2006-09-27,49.9048,123,-125
2006-10-04,69.7,175,-100
2006-10-11,60.0909,120,-125
2006-10-18,84.4091,150,-20
2006-10-25,80.16,200,-100
2006-11-01,80.9583,200,-100
2006-11-08,73.9565,150,-50
2006-11-15,68.0952,150,-150
2006-11-22,92.4286,150,50
2006-11-29,86.6682,150,-25
2006-12-06,74.7308,125,-150
2006-12-13,93,125,50
2006-12-20,92.9091,150,50
2006-12-27,85.1739,150,-30
2007-01-03,100.048,200,50
2007-01-10,58.8846,125,-150
2007-01-17,84.8947,112,0
2007-01-24,72.5909,125,-50
2007-01-31,80.75,200,-50
2007-02-07,82,200,-50
2007-02-14,79.0909,200,-100
2007-02-21,73.6818,118,-150
2007-02-28,89.3333,200,-100
2007-03-07,52.4,150,-75
2007-03-14,38.0526,100,-150
2007-03-21,47.6957,200,-100
2007-03-28,44.5417,200,-120
2007-04-04,45.6538,200,-125
2007-04-11,59.32,200,-125
2007-04-18,54.1429,112,-200
2007-04-25,75.4231,200,-125
2007-05-02,82.6667,200,-125
2007-05-09,73.8333,117,-125
2007-05-16,87.375,200,-125
2007-05-23,82.5,200,-125
2007-05-30,80.5455,200,-50
2007-06-06,57.6333,200,-125
2007-06-13,53.04,150,-125
2007-06-20,61.4722,200,-125
2007-06-27,74.2258,200,-50
2007-07-05,56.0625,200,-125
2007-07-11,62.3939,200,-100
2007-07-18,74.1333,200,0
2007-07-25,40.5806,200,-125
2007-08-01,39,200,-125
2007-08-08,43.8182,200,-50
2007-08-15,21.25,200,-100
2007-08-22,38.1875,200,-15
2007-08-29,-2.11111,100,-200
2007-09-05,39.625,100,-50
2007-09-12,46.5517,200,-125
2007-09-19,63.5,200,0
2007-09-26,77.3636,200,0
2007-10-03,75.4948,200,-125
2007-10-10,66.4333,130,-125
2007-10-17,86.4643,200,-50
2007-10-24,69.1429,200,-200
2007-10-31,65.6923,200,-200
2007-11-07,84.4444,200,-20
2007-11-14,68.3462,200,0
2007-11-21,51.0417,200,-70
2007-11-28,51.0714,200,-200
2007-12-05,69.4333,200,-90
2007-12-12,73.5714,200,-200
2007-12-19,56.2692,200,-200
2007-12-26,74.7857,200,-50
2008-01-02,83.5517,200,0
2008-01-09,41.4483,200,-200
2008-01-16,12.9194,100,-200
2008-01-23,39.9118,200,-200
2008-01-30,25.6296,200,-160
2008-02-06,30.8929,200,-200
2008-02-13,15.3333,200,-200
2008-02-20,33.6667,200,-80
2008-02-27,13.963,115,-200
2008-03-05,38.3438,200,-100
2008-03-12,45.28,200,-30
2008-03-19,44,200,0
2008-03-26,26.6897,200,-200
2008-04-02,42.0714,200,-180
2008-04-09,46.92,200,-125
2008-04-16,49.8611,200,-200
2008-04-23,59.2692,200,0
2008-05-01,74.4706,200,0
2008-05-07,66.037,125,-15
2008-05-14,56.4103,200,-200
2008-05-21,68.7241,200,-125
2008-05-28,69.4848,200,-125
2008-06-04,58.1515,200,-125
2008-06-11,36.4595,200,-200
2008-06-18,44.2222,200,-160
2008-06-25,32,200,-50
2008-07-02,28.0278,200,-50
2008-07-09,2.02857,200,-200
2008-07-16,10.2162,100,-200
2008-07-23,13.8125,100,-200
2008-07-30,12.56,100,-200
2008-08-06,18.303,100,-200
2008-08-13,33.2703,200,-50
2008-08-21,39.7647,200,-50
2008-08-27,30.0286,200,-50
2008-09-03,29.9189,200,-200
2008-09-10,28.3194,200,-50
2008-09-17,16.0857,200,-125
2008-09-24,19.1111,200,-125
2008-10-01,16.2683,100,-100
2008-10-08,-2.97222,50,-200
2008-10-15,18,200,-80
2008-10-22,8.36842,100,-200
2008-10-29,10,125,-200
2008-11-05,9.61765,100,-200
2008-11-12,15.0606,200,-80
2008-11-19,11.7059,200,-100
2008-11-26,9.66667,200,-200
2008-12-03,9.64706,200,-80
2008-12-10,3.67742,100,-200
2008-12-17,14.4286,140,-200
2008-12-24,24.4118,170,-200
2008-12-31,22.0556,155,-200
2009-01-07,29.0857,100,-200
2009-01-14,26.5143,200,-200
2009-01-21,19.6667,100,-200
2009-01-28,20.2235,100,-200
2009-02-04,17.8,100,-100
2009-02-11,24.1429,200,-50
2009-02-18,25.973,200,-40
2009-02-25,13.3529,100,-200
2009-03-04,2.14706,100,-200
2009-03-11,4.22857,100,-200
2009-03-18,9.97059,100,-200
2009-03-25,47.75,200,-50
2009-04-01,18.8548,125,-200
2009-04-08,35.303,200,-200
2009-04-15,41.6111,200,-100
2009-04-22,22.6667,120,-200
2009-04-29,35.7576,200,-200
2009-05-06,33.1852,200,-200
2009-05-13,56.8158,200,-25
2009-05-20,50.4146,200,-50
2009-05-27,40.3415,150,-200
2009-06-03,51.4615,200,-200
2009-06-10,64.8125,200,0
2009-06-17,49.9231,200,-50
2009-06-24,27.9722,200,-200
2009-07-01,35.6667,200,-75
2009-07-08,21.6486,200,-200
2009-07-15,22.6061,120,-150
2009-07-22,37.3784,140,-200
2009-07-29,37.4118,150,-200
2009-08-05,69,200,0
2009-08-12,51.5625,200,-50
2009-08-19,31.2162,200,-200
2009-08-26,55.2121,200,-200
2009-09-02,54.7097,200,-200
2009-09-09,63.0606,200,-200
2009-09-16,68,200,-200
2009-09-23,80.6389,200,-50
2009-09-30,86.4091,200,20
2009-10-07,67.8571,200,-200
2009-10-14,74.3824,200,-200
2009-10-21,77.8333,200,-80
2009-10-28,74.6757,200,-50
2009-11-04,64.9444,200,-50
2009-11-11,69.2059,200,-100
2009-11-18,65.5625,150,0
2009-11-25,67.069,200,-100
2009-12-02,82.1875,200,10
2009-12-09,68.7436,200,-50
2009-12-16,75.5676,200,-50
2009-12-23,61.0833,160,-200
2009-12-30,74.5588,200,-50
2010-01-06,70.6486,200,-125
2010-01-13,72.9744,200,-125
2010-01-20,63.8333,200,-200
2010-01-27,61.9054,200,-125
2010-02-03,33.1795,160,-200
2010-02-10,21.7632,160,-200
2010-02-17,36.5143,140,-200
2010-02-24,44.5455,200,-125
2010-03-03,54.8857,200,-125
2010-03-10,51.1892,150,-200
2010-03-17,77.303,200,-100
2010-03-24,76.4516,200,-125
2010-03-31,83.2647,200,0
2010-04-07,85.9118,200,-50
2010-04-14,77.2222,150,-100
2010-04-21,81.6389,200,0
2010-04-28,83.9079,200,0
2010-05-05,67.8929,200,-125
2010-05-12,42.3864,160,-200
2010-05-19,40.3846,200,-125
2010-05-26,40.6667,200,-50
2010-06-02,27.05,110,-200
2010-06-09,34.7619,200,-125
2010-06-16,30.4167,130,-200
2010-06-23,54.2432,200,-125
2010-06-30,36.0541,200,-125
2010-07-07,13.4737,100,-200
2010-07-14,49.85,200,-125
2010-07-21,45.3333,200,-125
2010-07-28,50.2121,200,-125
2010-08-04,59.1111,200,-125
2010-08-11,54.6757,200,-125
2010-08-18,56.0789,155,-125
2010-08-25,43.9444,200,-60
2010-09-01,52.7838,200,-125
2010-09-08,48.2647,180,-200
2010-09-15,42.303,155,-200
2010-09-22,55.2941,200,-150
2010-09-29,68.2647,200,-125
2010-10-06,76.4167,200,-125
2010-10-13,67.1351,170,-125
2010-10-20,72.1714,175,-125
2010-10-27,57.6562,175,-200
2010-11-03,69.4706,200,-125
2010-11-11,71.4571,200,-200
2010-11-17,66.5897,200,-125
2010-11-24,66.6667,200,-200
2010-12-01,62.4722,200,-200
2010-12-08,63.1053,145,-125
2010-12-15,74.7436,150,-125
2010-12-22,81.825,130,-40
2010-12-29,80.2121,150,20
2011-01-05,78.5135,140,-50
2011-01-12,76.881,150,0
2011-01-19,70.8286,150,-100
2011-01-26,76.1765,150,-50
2011-02-02,82.125,160,0
2011-02-09,86.2778,165,0
2011-02-16,83.7317,160,-50
2011-02-23,68.125,160,-100
2011-03-02,70.9167,160,-100
2011-03-09,75.3421,165,-10
2011-03-16,41,160,-200
2011-03-23,50.8333,160,-100
2011-03-30,70.9189,160,0
2011-04-06,80.7879,200,0
2011-04-13,80.6341,200,0
2011-04-20,82.9524,200,0
2011-04-27,81.9,200,0
2011-05-04,76.129,175,-50
2011-05-11,74.6591,200,-125
2011-05-18,68.4103,200,-100
2011-05-25,58.9302,200,-125
2011-06-01,52.8571,170,-100
2011-06-08,42.7917,167,-125
2011-06-15,25.9524,155,-125
2011-06-22,29.275,117,-125
2011-06-29,31.9756,150,-140
2011-07-06,50.3871,150,-170
2011-07-13,53.9333,150,-125
2011-07-20,66.3077,200,-125
2011-07-27,62.6951,200,-55
2011-08-03,32.8718,150,-125
2011-08-10,21.4048,100,-125
2011-08-17,28.7778,200,-125
2011-08-24,20.1707,100,-125
2011-08-31,22.1905,100,-140
2011-09-07,25.3111,120,-125
2011-09-14,26.7778,200,-125
2011-09-21,27.9038,190,-125
2011-09-28,4.175,90,-125
2011-10-05,-3.56098,130,-200
2011-10-12,0,70,-200
2011-10-19,21.3182,100,-125
2011-10-26,38.1163,100,-125
2011-11-02,45.425,150,-125
2011-11-09,44.0513,130,-125
2011-11-16,54,150,-125
2011-11-23,34.7724,150,-125
2011-11-30,30.0217,130,-125
2011-12-07,34.8,100,-125
2011-12-14,35.6945,175,-125
2011-12-21,36.624,110,-125
2011-12-28,43.561,100,-50
2012-01-04,43.1364,140,-125
2012-01-11,49.3415,100,-125
2012-01-18,52.5,125,-100
2012-01-25,56.3333,125,-125
2012-02-01,67.5227,125,-75
2012-02-08,72.6591,150,-40
2012-02-15,73,175,-35
2012-02-22,76.275,150,-60
2012-02-29,73.7805,155,-50
2012-03-07,57.3684,150,-200
2012-03-14,71.7895,175,-125
2012-03-21,68.641,155,-125
2012-03-28,71.9714,150,-29
2012-04-04,69.8158,150,-50
2012-04-11,51.9286,150,-125
2012-04-18,46.1389,175,-125
2012-04-25,48.3068,150,-125
2012-05-02,63.6833,175,-125
2012-05-09,64.2087,200,-125
2012-05-16,58.714,200,0
2012-05-23,31.78,135,-125
2012-05-30,28.6513,110,-125
2012-06-06,49.3209,140,0
2012-06-13,43.6294,125,-10
2012-06-20,52.3319,200,-125
2012-06-27,44.8441,200,-125
2012-07-05,63.2806,180,-125
2012-07-11,61.8464,200,-125
2012-07-18,67.7351,200,-125
2012-07-25,74.3888,200,0
2012-08-01,67.8049,200,-125
2012-08-08,70.7533,163,-30
2012-08-15,76.2594,175,-75
2012-08-22,69.2055,200,-125
2012-08-29,82.894,200,-10
2012-09-05,77.4256,200,-125
2012-09-12,72.9935,170,-125
2012-09-19,81.1861,175,-125
2012-09-26,69.75,175,-125
2012-10-03,76.0294,200,-125
2012-10-10,64.5938,175,-125
2012-10-17,65.375,170,-160
2012-10-24,64.3851,170,-125
2012-10-31,75.1131,200,-125
2012-11-07,57.953,170,-125
2012-11-14,67.22,170,-125
2012-11-21,64.2,170,-25
2012-11-28,55.1892,150,-125
2012-12-05,75.7114,200,-125
2012-12-12,82.9056,200,0
2012-12-19,80.1867,200,-100
2012-12-26,88.1034,200,0
2013-01-02,75.9809,200,-125
2013-01-09,83.2667,150,-100
2013-01-16,84.6725,200,-200
2013-01-23,86.3839,190,-125
2013-01-30,104.25,180,60
2013-02-06,94.0606,190,-2
2013-02-13,89.8539,162,-2
2013-02-20,91.0666,160,-10
2013-02-27,82.7656,160,-35
2013-03-06,90.1462,170,-50
2013-03-13,85.6379,170,0
2013-03-20,79.7686,150,0
2013-03-27,80.0636,170,0
2013-04-03,72.708,170,-125
2013-04-10,77.2509,170,-125
2013-04-17,69.63,170,-125
2013-04-24,69.9032,200,-125
2013-05-01,80.6129,165,0
2013-05-08,79.1061,165,-125
2013-05-15,84.2319,166,-2
2013-05-22,82.0182,166,-125
2013-05-29,77.1926,155,-125
2013-06-05,51.5839,200,-125
2013-06-12,61.8973,200,-125
2013-06-19,51.5254,130,-125
2013-06-26,34.2143,150,-125
2013-07-03,39.9103,100,-50
2013-07-10,47.0775,200,-125
2013-07-17,61.7292,107.5,-125
2013-07-24,87.4968,200,15
2013-07-31,74.0526,150,-125
2013-08-07,75.7037,150,20
2013-08-14,69.8462,200,-70
2013-08-21,34.7647,125,-100
2013-08-28,46.9231,125,-100
2013-09-04,42.2593,100,-100
2013-09-11,66.75,125,0
2013-09-18,62.4815,100,0
2013-09-25,80.4656,150,-100
2013-10-02,73.1333,150,-150
2013-10-09,54.2609,150,-125
2013-10-16,82.0455,130,5
2013-10-23,79.3704,150,-100
2013-10-30,94.5926,150,-5
2013-11-06,84.8077,150,0
2013-11-13,80.6667,150,-100
2013-11-20,87.4286,150,-100
2013-11-27,101.449,163,50
2013-12-04,94.7488,163,0
2013-12-11,100.693,165,0
2013-12-18,94.3462,165,0
2013-12-26,98.9444,165,50
2014-01-02,95.0323,165,25
2014-01-08,92.274,170,0
2014-01-15,96.8342,170,15
2014-01-22,95.1338,170,10
2014-01-29,70.9411,120,-125
2014-02-05,50.9719,135,-125
2014-02-12,73.26,150,-125
2014-02-19,75.9479,200,-125
2014-02-26,91.6203,200,40
2014-03-05,89.0612,162,15
2014-03-12,85.2047,160,-50
2014-03-18,67.7706,200,-200
2014-03-19,89.8394,200,0
2014-03-26,91.1227,175,30
2014-04-02,91.4324,200,-50
2014-04-09,85.2086,150,0
2014-04-16,75.92,167,0
2014-04-23,76.5758,167,-50
2014-04-30,82.6261,210,-50
2014-05-07,76.8125,177,-9
2014-05-14,78.18,177,0
2014-05-21,67.2295,177,-125
2014-05-28,72.5205,200,-125
2014-06-04,90.8646,200,0
2014-06-11,87.3006,200,0
2014-06-18,88.5938,200,-50
2014-06-25,88.1547,200,-100
2014-07-02,85.4768,200,-50
2014-07-09,82.4683,150,0
2014-07-16,81.9141,150,-50
2014-07-23,82.7462,170,-50
2014-07-30,81.62,150,-50
2014-08-06,50.8679,200,-125
2014-08-13,50.6124,100,-125
2014-08-20,56.7711,200,-125
2014-08-27,78.8428,200,-50
2014-09-03,82.4914,202.2,-100
2014-09-10,63.6291,200,-125
2014-09-17,67.0778,200,-125
2014-09-24,59.7556,200,-125
2014-10-01,41.0323,200,-125
2014-10-08,33.1391,200,-150
2014-10-15,9.97419,85,-200
2014-10-22,41.3784,150,-200
2014-10-29,74.7838,200,-125
2014-11-05,77.6814,200,-125
2014-11-12,85.4321,200,-125
2014-11-19,72.0638,200,-125
2014-11-25,86.78,200,-200
2014-12-03,86.0637,200,-100
2014-12-10,89.0119,200,-100
2014-12-17,65.1166,200,-125
2014-12-24,90.5925,180,0
2014-12-31,95.8632,200,0
2015-01-07,71.1143,200,-200
2015-01-14,87.1258,200,-50
2015-01-21,89.0119,200,-100
2015-01-28,92.6223,200,0
2015-02-04,88.2423,200,0
2015-02-11,84.0544,200,0
2015-02-18,87.8114,200,0
2015-02-25,99.2265,200,-50
2015-03-04,92.1513,200,-50
2015-03-11,65.679,200,-200
2015-03-25,84.3215,175,0
2015-04-01,75.8638,200,-100
2015-04-08,86.7256,150,0
2015-04-15,86.6677,200,0
2015-04-22,75.8847,165,-200
2015-04-29,90.5967,200,0
2015-05-06,80.3043,200,-50
2015-05-13,60.3786,100,-150
2015-05-20,67.6051,200,-150
2015-05-27,65.5039,200,-150
2015-06-03,71.0697,200,-150
2015-06-10,68.7037,200,-150
2015-06-17,58.6369,100,-150
2015-06-24,58.9638,200,-150
2015-07-01,54.8429,200,-150
2015-07-08,54.9907,200,-150
2015-07-15,52.24,200,-150
2015-07-22,52.3419,200,-150
2015-07-29,50.75,200,-150
2015-08-05,63.1679,200,-150
2015-08-12,48.079,200,-150
2015-08-19,41.4803,175,-150
2015-08-26,28.3138,100,-150
2015-09-02,23.8482,150,-100
2015-09-09,26.0357,150,-67
2015-09-16,31.5735,150,-100
2015-09-23,21.3355,150,-100
2015-09-30,16.3913,200,-150
2015-10-07,38.2981,200,-50
2015-10-14,44.2692,200,-100
2015-10-21,35.6667,150,-50
2015-10-28,56.7121,200,-100
2015-11-04,69.1645,200,-100
2015-11-11,68.5828,200,-50
2015-11-18,58.4655,200,-100
2015-11-25,70.4452,150,-50
2015-12-02,68.1154,200,-50
2015-12-09,67.9162,200,-36
2015-12-16,61.3237,200,-150
2015-12-23,56.6572,200,-150
2015-12-30,47.6694,200,-150
2016-01-06,50.257,200,-150
2016-01-13,34.4963,200,-150
2016-01-27,42.25,150,0
2016-02-03,22.4074,100,-50
2016-02-10,32.8714,200,-100
2016-02-17,41.0517,150,-9
2016-02-24,31.6548,200,-100
2016-03-02,54.4364,200,-100
2016-03-09,51.0129,200,-50
2016-03-16,62.7167,200,-50
2016-03-23,59.5853,200,-100
2016-03-30,67.9412,200,-100
2016-04-06,73.2079,200,-50
2016-04-13,63.973,200,-100
2016-04-20,82.4971,200,-100
2016-04-27,74.1882,200,-50
2016-05-04,67.6588,200,-100
2016-05-11,49.5467,150,-100
2016-05-18,60.1688,200,-150
2016-05-25,64.6667,200,-150
2016-06-01,68.9412,200,-150
2016-06-08,74.8,200,-150
2016-06-15,75.9586,200,-150
2016-06-22,69.3484,200,-150
2016-06-29,74.5152,200,-150
2016-07-06,65.4333,155,-100
2016-07-13,96.5234,200,-100
2016-07-20,92.6397,200,-50
2016-07-27,101.018,200,0
2016-08-03,93.053,200,0
2016-08-10,92.8629,200,0
2016-08-17,98.7919,200,36.8
2016-08-24,97.8,200,0
2016-08-31,88.1,200,-50
2016-09-07,90.8543,200,-20
2016-09-14,68.55,200,-100
2016-09-21,79.3148,185,-50
2016-09-28,84.5167,200,-50
2016-10-05,78.4853,200,-50
2016-10-12,86.5323,200,-100
2016-10-19,63.7031,200,-150
2016-10-26,66.4697,200,-150
2016-11-02,58.0833,200,-150
2016-11-09,72.963,200,-150
2016-11-15,83.4219,200,-50
2016-11-23,86.5625,150,5
2016-11-30,98.0179,200,5
2016-12-07,101.603,200,0
2016-12-14,96.2321,200,-50
2016-12-21,101.328,200,30
2016-12-28,100.596,200,25
2017-01-04,99.4259,200,0
2017-01-11,89.2931,200,0
2017-01-18,94.0862,200,0
2017-01-25,99.2833,200,0
2017-02-01,94.0161,200,0
2017-02-08,96.2647,200,0
2017-02-15,95.8929,200,0
2017-02-22,100.828,200,0
2017-03-01,102.069,200,0
2017-03-08,87.0887,177,0
2017-03-15,80.7734,175,-25
2017-03-22,68.6827,150,-100
2017-03-29,68.2823,200,-150
2017-04-05,71.0242,200,-150
2017-04-12,82.9479,200,-150
2017-04-19,74.2045,175,-150
2017-04-26,88.0917,200,-150
2017-05-03,82.31,200,0
2017-05-10,95.1983,200,0
2017-05-17,94.6204,200,-100
2017-05-24,97.4911,200,0
2017-05-31,95.8629,200,0
2017-06-07,92.0982,200,0
2017-06-14,93.3707,200,0
2017-06-21,92.6944,200,-50
2017-06-28,97.47,200,-50
2017-07-05,93.3561,200,0
2017-07-12,90.9904,175,0
2017-07-19,85.819,200,0
2017-07-26,96.39,200,0
2017-08-02,90.9479,200,0
2017-08-09,83.819,200,0
2017-08-16,85.1917,180,0
2017-08-23,87.9342,190,0
2017-08-30,84.0833,200,0
2017-09-06,88.6562,200,0
2017-09-13,97.125,200,0
2017-09-20,102.042,200,40
2017-09-27,106.625,170,85
2017-10-04,109.2,175,80
2017-10-11,95.8375,200,0
2017-10-18,95.375,175,0
2017-10-25,91.369,200,-100
2017-11-01,83.0795,200,-100
2017-11-08,87.23,160,0
2017-11-15,78.51,200,-150
2017-11-22,88.369,133.75,0
2017-11-29,97.337,200,0
2017-12-06,89.8365,200,-100
2017-12-13,120.556,200,75
2017-12-20,101.845,200,55
2017-12-27,96.2935,200,0
2018-01-03,90.3977,133.75,0
2018-01-10,88.8816,133,0
2018-01-17,86.34,133,0
2018-01-24,95.38,175,0
2018-01-31,84.93,200,-100
2018-02-07,75.9,200,0
2018-02-14,65.43,200,-100
2018-02-21,62.69,100,-100
2018-02-28,81,200,0
2018-03-07,72.05,200,-100
2018-03-14,85.35,200,0
2018-03-21,77.28,200,-50
2018-03-28,49.36,200,-100
2018-04-04,55.57,200,-100
2018-04-11,65.12,200,0
2018-04-18,77.64,200,0
2018-04-25,64.2,200,-100
2018-05-02,52.56,200,-100
2018-05-09,69.82,200,0
2018-05-16,85.43,200,-100
2018-05-23,83.95,200,-100
2018-05-30,82.24,200,0
2018-06-06,91.67,200,11
2018-06-13,103.93,200,35
2018-06-20,89.2,200,0
2018-06-27,85.06,200,0
2018-07-04,76.38,200,0
2018-07-11,88.56,200,0
2018-07-18,82.01,200,0
2018-07-25,84.96,200,0
2018-08-01,76.36,200,0
2018-08-08,87.68,200,28
2018-08-15,78.27,200,0
2018-08-22,86.46,200,40
2018-08-29,98.3,200,30
2018-09-05,85.01,200,0
2018-09-12,90.19,200,20
2018-09-19,83.92,200,0
2018-09-26,90.73,200,0
2018-10-03,84.49,200,0
2018-10-10,52.86,200,-133
2018-10-18,67.76,200,-5
2018-10-24,51.49,150,-200
2018-10-31,61.47,130,0
2018-11-07,64.96,100,0
2018-11-14,35.13,107,-100
2018-11-21,30.55,130,-200
2018-11-28,53.21,120,0
2018-12-05,61.96,200,-100
2018-12-12,55.51,200,0
2018-12-19,31.96,200,-100
2018-12-26,47.59,200,0
2019-01-02,59.43,200,-25
2019-01-09,66.8,200,0
2019-01-16,75.51,200,0
2019-01-23,72.84,200,-5
2019-01-30,76.33,200,0
2019-02-06,83.39,200,-8
2019-02-13,82.01,200,-20
2019-02-20,77.86,200,-20
2019-02-27,79.33,200,-24
2019-03-06,73.9,200,-30
2019-03-13,77.4,200,-30
2019-03-20,78.25,200,-50
2019-03-27,61.69,200,-50
2019-04-03,91.92,200,9
2019-04-10,88.9,200,-30
2019-04-17,93.37,200,40
2019-04-24,92.43,200,-30
2019-05-01,89.8,200,-30
2019-05-08,82.02,200,-150
2019-05-15,72.82,200,-100
2019-05-22,70.07,100,-50
2019-05-29,59.69,200,-200
2019-06-05,54.99,134,-150
2019-06-12,74.26,150,-30
2019-06-19,74.91,100,0
2019-06-26,72.28,200,-100
2019-07-03,79.36,150,-30
2019-07-10,87.34,200,0
2019-07-17,81.85,200,-100
2019-07-24,95.75,200,-20
2019-07-31,91.41,200,0
2019-08-07,56.59,200,-100
2019-08-14,58.08,134,-50
2019-08-21,70.18,200,-100
2019-08-28,59.99,200,-100
2019-09-04,56.15,134,-100
2019-09-11,75.76,200,-50
2019-09-18,77.09,200,-50
2019-09-25,64.85,200,-50
2019-10-02,57.39,200,-200
2019-10-09,57.32,200,-100
2019-10-16,57.08,100,-200
2019-10-23,65.67,125,-15
2019-10-30,88.94,200,-30
2019-11-06,92.26,200,0
2019-11-13,72.25,200,-30
2019-11-20,78.23,200,-30
2019-11-27,76.66,150,0
2019-12-04,77.8,200,-30
2019-12-11,78.71,200,-30
2019-12-18,98.9,200,13
2019-12-25,97.44,140,0
2020-01-01,86.99,137,17
2020-01-08,94.16,200,0
2020-01-15,89.47,150,0
2020-01-22,93.75,150,39
2020-01-29,77.07,200,-100
2020-02-05,62.49,150,-100
2020-02-12,86.08,200,0
2020-02-19,87.91,200,0
2020-02-26,65.03,200,-100
2020-03-04,29.03,120,-200
2020-03-11,16.59,100,-200
2020-03-18,10.65,100,-150
2020-03-25,25.87,100,-32
2020-04-01,23.67,100,-100
2020-04-08,26.74,100,-100
2020-04-15,28.71,100,-100
2020-04-22,45.34,200,-100
2020-04-29,78.55,200,-32
2020-05-06,67.95,200,0
2020-05-13,57.71,200,-9
2020-05-20,63.22,200,-50
2020-05-27,81.65,200,0
2020-06-03,91.6,150,-20
2020-06-10,77.48,200,-75
2020-06-17,88.25,200,11
2020-06-24,76.57,200,-15
2020-07-01,71.47,200,-50
2020-07-08,85.09,200,0
2020-07-15,90.53,200,0
2020-07-22,97.88,200,50
2020-07-29,97.44,200,17
2020-08-05,94.55,200,-5
2020-08-12,101.2,200,50
2020-08-19,100.13,200,0
2020-08-26,106.56,200,50
2020-09-02,94.71,200,50
2020-09-09,53.09,200,-100
2020-09-16,59.3,200,-100
2020-09-23,55.3,200,-200
2020-09-30,58.25,200,-100
2020-10-07,73.05,200,-100
2020-10-14,102.93,200,0
2020-10-21,87.07,200,-6
2020-10-28,77.87,200,0
2020-11-04,69.2,200,0
2020-11-11,96.3,200,0
2020-11-18,106.41,200,-12
2020-11-25,106.74,200,0
2020-12-02,103.17,200,0
2020-12-09,106.11,200,0
2020-12-16,101.47,200,0
2020-12-23,89.11,200,0
2020-12-30,82.97,200,0
2021-01-06,94.51,200,0
2021-01-13,106.76,200,50
2021-01-20,112.93,200,75
2021-01-27,83.51,200,-50
2021-02-03,79.15,200,0
2021-02-10,110.28,200,80
2021-02-17,108.32,200,0
2021-02-24,84.99,200,0
2021-03-03,65.37,200,-100
2021-03-10,48.62,100,-100
2021-03-17,78.55,100,0
2021-03-24,57.52,119.75,0
2021-03-31,52.02,100,0
2021-04-07,89.85,200,50
2021-04-14,96.57,200,0
2021-04-21,95.6,200,0
2021-04-28,103.72,200,0
2021-05-05,87.79,200,0
2021-05-12,46.86,106.25,-50
2021-05-19,44.21,110.75,0
2021-05-26,68.3,100,0
2021-06-02,82.27,150,0
2021-06-09,79.65,150,0
2021-06-16,98.52,200,50
2021-06-23,70.86,130,-50
2021-06-30,91.72,200,0
2021-07-07,82.54,200,0
2021-07-14,93.27,200,25
2021-07-21,71.04,200,0
2021-07-28,78.39,150,-50
2021-08-04,97.72,200,25
2021-08-11,97.55,200,25
2021-08-18,70.57,200,-50
2021-08-25,92.83,200,20
2021-09-01,93.95,200,25
2021-09-08,84.68,200,20
2021-09-15,87.02,200,0
2021-09-22,77.7,200,0
2021-09-29,55.02,200,-100
2021-10-06,68.6,200,0
2021-10-13,64.46,115.25,-100
2021-10-20,98.02,200,50
2021-10-27,103.35,200,65
2021-11-03,107.99,200,50
2021-11-10,103.69,200,15
2021-11-17,102.54,200,0
2021-11-24,103.14,200,0
2021-12-01,87.87,200,-17
2021-12-08,69.46,200,-100
2021-12-15,52.22,200,-100
2021-12-22,67.02,200,0
2021-12-29,85.71,150,0
2022-01-05,89.54,200,0
2022-01-12,74.78,150,-150
2022-01-19,56.73,200,-125
2022-01-26,53.39,200,-100
2022-02-02,62.54,200,0
2022-02-09,66.8,121.25,0
2022-02-16,53.49,200,-200
2022-02-23,44.41,200,-150
2022-03-02,30.3,100,-200
2022-03-09,42.58,200,-200
2022-03-16,46.68,200,-100
2022-03-23,52.69,125,-150
2022-03-30,79.72,105,40
2022-04-06,83.41,200,22
2022-04-13,63.29,100,-8
2022-04-20,74.05,112,16
2022-04-27,46.25,200,-100
2022-05-04,31.76,100,-70
2022-05-11,24.31,200,-100
2022-05-18,19.51,86.75,-100
2022-05-25,33.19,100,0
2022-06-01,34.33,100,-200
2022-06-08,50,100,0
2022-06-15,32.18,200,-22
2022-06-22,19.86,200,-100
2022-06-29,30.66,200,-25
2022-07-06,27.85,200,-100
2022-07-13,26.74,200,-100
2022-07-20,44.48,200,-53
2022-07-27,47.21,200,-7
2022-08-03,55.28,200,-10
2022-08-10,71.59,200,-50
2022-08-17,64.44,200,-50
2022-08-24,54.86,200,-100
2022-08-31,32.36,200,-100
2022-09-07,27.33,200,-122
2022-09-14,33.86,200,-122
2022-09-21,29.59,200,-100
2022-09-28,12.61,200,-150
2022-10-05,38.11,200,-80
2022-10-12,19.84,200,-100
2022-10-19,43.28,200,-40
2022-10-26,53.91,200,-50
2022-11-02,55.22,200,-100
2022-11-09,53.33,200,-100
2022-11-16,64.96,200,-100
2022-11-23,60.29,200,-100
2022-11-30,64.36,200,-25
2022-12-07,55.69,200,-0.08
2022-12-14,71.6,200,-0.09
2022-12-21,39.35,200,-100
2022-12-28,43.48,200,-0.13
2023-01-04,38.79,200,-50
2023-01-11,45.31,160,-25
2023-01-18,65.07,200,-60
2023-01-25,75.23,200,-25
2023-02-01,78.37,200,-25
2023-02-08,85.4,200,0.8
2023-02-15,81.43,200,-50
2023-02-22,57.09,200,-200
2023-03-01,47.41,200,-175
2023-03-08,60.11,200,-150
2023-03-15,41.92,200,-150
2023-03-22,53.21,200,-100
2023-03-29,65.15,200,-50
2023-04-05,72.89,200,-50
2023-04-12,58.71,200,-150
2023-04-19,78.26,200,0
2023-04-26,50.81,200,-50
2023-05-03,67.01,200,0
2023-05-10,65.22,200,-50
2023-05-17,59,200,-50
2023-05-24,65.51,200,0
2023-05-31,53.92,200,-100
2023-06-07,90.07,200,31.25
2023-06-14,81.66,200,-50
2023-06-21,83.6,200,0
2023-06-28,75.93,200,-50
2023-07-05,83.11,200,-50
2023-07-12,93.34,200,0.15
2023-07-19,99.05,200,0.75
2023-07-26,101.82,200,31.25
2023-08-02,78.46,200,-200
2023-08-09,65.49,200,-100
2023-08-16,59.87,200,-100
2023-08-23,34.36,200,-200
2023-08-30,61.19,200,-200
2023-09-06,49.73,200,-200
2023-09-13,57.98,200,-200
2023-09-20,54.33,200,-50
2023-09-27,43.01,200,-150
2023-10-04,36.21,200,-150
2023-10-11,45.8,200,-200
2023-10-18,66.67,200,-50
2023-10-25,24.82,200,-200
2023-11-01,29.17,200,-200
2023-11-08,61.76,200,0
2023-11-15,72.06,200,-200
2023-11-22,77.95,200,-200
2023-11-29,81.38,200,-200
2023-12-06,76.09,200,-200
2023-12-13,77.97,200,-200
2023-12-20,97.32,200,1
2023-12-27,102.71,200,0
2024-01-03,70.95,200,-200
2024-01-10,80.18,200,0
2024-01-17,53.54,200,-200
2024-01-24,84.13,200,-200
2024-01-31,87.36,200,-200
2024-02-07,93.77,200,0
2024-02-14,95.58,200,-50
2024-02-21,74.7,200,-200
2024-02-28,88.99,200,-200
2024-03-06,93.99,200,-50
2024-03-13,104.75,200,0
2024-03-20,93.22,200,-200
2024-03-27,103.88,200,50
2024-04-03,84.24,200,-200
2024-04-10,81.92,200,-200
2024-04-17,62.98,200,-200
2024-04-24,59.48,200,-200
2024-05-01,61.97,200,-200
2024-05-08,91.55,200,-100
2024-05-15,89.25,200,-200
2024-05-22,94.45,200,-200
2024-05-29,92.21,200,-200
2024-06-05,68.65,200,-200
2024-06-12,86.3,200,-50
2024-06-19,85.26,200,-200
2024-06-26,85.44,200,-100
2024-07-03,103.66,200,0
2024-07-10,93.84,200,-200
2024-07-17,87.94,200,-200
2024-07-24,76.7,200,-100
2024-07-31,83.93,200,-100
2024-08-07,75.33,200,-150
2024-08-14,56.57,200,-200
2024-08-21,74.68,200,-200
2024-08-28,81.34,200,-200
2024-09-04,70.65,200,-200
2024-09-11,71.93,200,-200
2024-09-18,87.46,200,-200
2024-09-25,86.64,200,-200
2024-10-02,86.93,200,-100
2024-10-09,90.26,200,-75
2024-10-16,81.68,200,-200
2024-10-23,79.13,200,-200
2024-10-30,82.53,200,-100
2024-11-06,88.31,200,-100
2024-11-13,91.6,200,-100
2024-11-20,91.33,200,-67
2024-11-27,98.93,200,0
2024-12-04,85.49,200,-100
2024-12-11,99.24,200,-75
2024-12-18,82.5,200,-100
2024-12-25,80.39,200,-200
2025-01-01,64.1,200,-200
2025-01-08,65.38,200,-100
2025-01-15,70.21,200,-100
2025-01-22,86.08,200,0
2025-01-29,68.28,200,-200
2025-02-05,84.91,200,-50
2025-02-12,75.62,200,-100
2025-02-19,91.48,200,-50
2025-02-26,87.87,200,0
2025-03-05,74.96,200,-200
2025-03-12,68.8,200,-200
2025-03-19,64.64,200,-66
2025-03-26,57.55,143.61,-100
2025-04-02,49.37,200,-200
2025-04-09,56.96,200,0
2025-04-16,35.16,200,-200
2025-04-23,40.67,107.16,-100
2025-04-30,59.92,200,-200
2025-05-07,81.06,200,-50
2025-05-14,70.56,200,-200
2025-05-21,80.87,200,-100
2025-05-28,88.41,200,-75
2025-06-04,81.62,200,-200
2025-06-11,82.66,200,-200
2025-06-18,94.09,200,-75
2025-06-25,81.41,200,-200
2025-07-02,99.3,200,-40
2025-07-09,86.28,200,-200
2025-07-16,83.69,200,-125
2025-07-23,81.07,200,-200
2025-07-30,76.85,200,-200
2025-08-06,96.26,200,0
2025-08-13,85.66,200,-200
2025-08-20,98.15,200,0
2025-08-27,92.94,200,0
2025-09-03,81.58,200,-200
2025-09-10,86.11,200,-200
2025-09-17,84.76,200,-200
2025-09-24,86.24,200,-100
2025-10-01,80.66,200,-200
2025-10-08,84.57,200,-200
2025-10-15,84.87,200,-100
2025-10-22,90.35,200,-100
2025-10-29,100.83,200,-100
2025-11-05,90.06,200,0
2025-11-12,87.87,200,0
2025-11-19,86.56,200,-100
2025-11-26,89.92,200,0
2025-12-03,98.57,200,0
2025-12-10,97.13,200,-50
2025-12-17,100.7,200,0
2025-12-24,95.08,200,0
2025-12-31,92.93,200,0
2026-01-07,97.72,200,0
2026-01-14,96.01,200,0
2026-01-21,88.46,200,-200
2026-01-28,92.58,200,0
2026-02-04,84.93,200,-200
2026-02-11,80.61,200,-200
2026-02-18,82.87,200,0
2026-02-25,74.93,200,-200
2026-03-04,79.29,200,0
2026-03-11,66.99,200,-200
2026-03-18,60.24,200,-200
2026-03-25,68.52,200,-0.14
2026-04-01,68.36,200,-100
2026-04-08,69.38,200,-0.04
2026-04-15,79.49,200,-200
2026-04-22,94.15,200,0
2026-04-29,93.79,200,-50
2026-05-06,96.67,200,0
2026-05-13,77.34,200,-200
2026-05-20,82.02,200,-100
2026-05-27,98.39,200,0
2026-06-03,86.82,200,-200
