date,personal_income,real_disposable_income,personal_saving_rate_pct
1959-01-01,391.8,2318.4,11.3
1959-02-01,393.7,2325.4,10.6
1959-03-01,396.5,2338.7,10.3
1959-04-01,399.9,2353.8,11.2
1959-05-01,402.4,2366.6,10.6
1959-06-01,404.8,2374.5,10.5
1959-07-01,405.4,2370.8,10.7
1959-08-01,403.7,2356.8,9.6
1959-09-01,405.1,2357.8,8.7
1959-10-01,406.6,2359.5,9.4
1959-11-01,409.9,2376.6,10.1
1959-12-01,414.6,2399.7,11.0
1960-01-01,415.7,2404.9,10.9
1960-02-01,416.6,2405.3,10.6
1960-03-01,417.6,2408.1,9.4
1960-04-01,420.6,2417.3,8.4
1960-05-01,422.1,2422.6,10.4
1960-06-01,422.6,2424.9,10.4
1960-07-01,424.1,2428.8,10.4
1960-08-01,424.1,2423.3,10.3
1960-09-01,424.9,2426.7,10.0
1960-10-01,426.7,2435.6,9.8
1960-11-01,426.3,2425.5,9.8
1960-12-01,424.4,2414.6,10.4
1961-01-01,428.3,2437.9,11.1
1961-02-01,430.3,2448.1,11.1
1961-03-01,431.9,2458.4,10.4
1961-04-01,432.5,2463.4,10.6
1961-05-01,436.1,2483.5,10.8
1961-06-01,440.5,2509.1,11.5
1961-07-01,442.7,2517.6,12.0
1961-08-01,443.3,2517.7,11.7
1961-09-01,444.3,2519.9,11.3
1961-10-01,448.7,2546.6,11.7
1961-11-01,452.7,2570.1,11.6
1961-12-01,455.6,2585.8,11.6
1962-01-01,456.0,2579.4,11.3
1962-02-01,459.1,2590.9,11.8
1962-03-01,462.9,2608.1,11.6
1962-04-01,465.8,2619.6,11.7
1962-05-01,466.8,2621.1,11.1
1962-06-01,467.7,2621.6,11.5
1962-07-01,469.7,2633.0,11.6
1962-08-01,471.1,2635.5,11.4
1962-09-01,473.7,2636.3,10.4
1962-10-01,475.7,2649.3,11.3
1962-11-01,477.8,2656.5,10.4
1962-12-01,479.8,2669.0,10.3
1963-01-01,484.0,2688.2,10.9
1963-02-01,481.9,2672.3,10.7
1963-03-01,483.7,2683.6,10.6
1963-04-01,485.0,2694.6,10.7
1963-05-01,487.9,2705.0,10.9
1963-06-01,491.3,2718.6,10.5
1963-07-01,492.5,2721.6,10.1
1963-08-01,494.9,2732.5,10.2
1963-09-01,498.2,2752.9,11.0
1963-10-01,501.9,2768.9,11.5
1963-11-01,503.6,2774.7,11.0
1963-12-01,508.4,2797.1,10.7
1964-01-01,511.3,2806.4,10.7
1964-02-01,514.1,2815.3,10.4
1964-03-01,517.0,2882.1,12.1
1964-04-01,520.6,2897.7,12.4
1964-05-01,523.8,2912.9,11.7
1964-06-01,526.3,2922.5,11.5
1964-07-01,529.9,2936.4,11.2
1964-08-01,533.3,2949.4,11.1
1964-09-01,536.3,2961.1,11.8
1964-10-01,536.9,2960.2,11.2
1964-11-01,541.3,2979.4,12.5
1964-12-01,547.5,3008.0,12.5
1965-01-01,551.5,3013.8,12.1
1965-02-01,552.0,3014.5,10.7
1965-03-01,555.4,3024.6,10.8
1965-04-01,558.6,3027.8,10.2
1965-05-01,562.9,3061.4,11.2
1965-06-01,566.2,3065.8,12.1
1965-07-01,570.4,3097.8,11.9
1965-08-01,572.9,3113.1,11.7
1965-09-01,587.2,3194.5,12.5
1965-10-01,584.9,3178.9,10.9
1965-11-01,590.2,3201.4,11.5
1965-12-01,595.5,3214.6,11.7
1966-01-01,597.7,3216.8,11.2
1966-02-01,603.1,3230.2,11.0
1966-03-01,607.9,3242.8,10.7
1966-04-01,609.5,3230.5,10.3
1966-05-01,612.2,3235.7,11.2
1966-06-01,616.7,3249.2,11.4
1966-07-01,620.4,3260.4,10.9
1966-08-01,625.9,3277.2,11.2
1966-09-01,631.7,3296.6,11.0
1966-10-01,636.0,3307.3,11.6
1966-11-01,640.9,3322.5,11.8
1966-12-01,642.0,3319.6,11.6
1967-01-01,648.0,3353.7,12.1
1967-02-01,649.6,3360.2,12.6
1967-03-01,653.9,3385.5,12.8
1967-04-01,654.4,3384.5,11.9
1967-05-01,656.9,3391.3,12.0
1967-06-01,661.6,3403.8,11.9
1967-07-01,667.2,3417.4,12.6
1967-08-01,672.5,3429.7,12.6
1967-09-01,675.0,3429.3,11.9
1967-10-01,677.8,3434.5,12.9
1967-11-01,684.4,3455.3,12.8
1967-12-01,687.4,3461.6,11.8
1968-01-01,694.3,3480.2,11.7
1968-02-01,702.5,3505.4,12.3
1968-03-01,710.8,3538.4,11.7
1968-04-01,716.2,3550.7,12.3
1968-05-01,722.6,3565.2,12.0
1968-06-01,728.3,3581.3,11.7
1968-07-01,735.0,3573.9,10.7
1968-08-01,741.4,3578.5,10.5
1968-09-01,747.4,3578.9,10.6
1968-10-01,752.0,3591.7,10.8
1968-11-01,758.0,3605.1,10.6
1968-12-01,762.6,3617.6,11.1
1969-01-01,766.3,3611.0,10.3
1969-02-01,771.8,3611.8,9.7
1969-03-01,779.0,3618.3,10.2
1969-04-01,784.3,3613.0,9.7
1969-05-01,790.5,3654.1,10.1
1969-06-01,797.1,3679.9,11.1
1969-07-01,805.0,3705.6,11.8
1969-08-01,812.2,3728.3,11.5
1969-09-01,817.7,3736.6,11.6
1969-10-01,822.0,3745.4,11.4
1969-11-01,826.4,3751.9,11.6
1969-12-01,831.9,3758.6,11.8
1970-01-01,836.4,3778.6,11.8
1970-02-01,841.8,3790.5,11.7
1970-03-01,847.1,3805.0,12.4
1970-04-01,859.9,3846.0,13.3
1970-05-01,857.7,3830.3,12.4
1970-06-01,862.6,3838.2,12.3
1970-07-01,870.6,3892.6,13.5
1970-08-01,875.1,3905.1,13.4
1970-09-01,878.4,3900.8,12.9
1970-10-01,879.7,3888.1,13.1
1970-11-01,882.3,3882.3,13.6
1970-12-01,889.2,3900.0,13.2
1971-01-01,898.8,3959.8,13.3
1971-02-01,903.2,3965.2,13.3
1971-03-01,909.0,3978.2,13.5
1971-04-01,915.0,3986.5,13.2
1971-05-01,922.4,4002.6,13.6
1971-06-01,943.8,4087.3,14.7
1971-07-01,934.8,4029.1,13.8
1971-08-01,940.8,4043.3,13.6
1971-09-01,947.7,4067.3,13.3
1971-10-01,951.8,4080.4,13.3
1971-11-01,958.6,4090.0,13.1
1971-12-01,967.4,4110.9,13.0
1972-01-01,976.1,4090.1,12.5
1972-02-01,987.9,4115.2,12.8
1972-03-01,995.6,4132.3,11.8
1972-04-01,998.5,4130.6,11.5
1972-05-01,1004.9,4160.9,11.7
1972-06-01,1009.2,4174.2,11.7
1972-07-01,1019.0,4204.5,11.7
1972-08-01,1031.4,4243.5,12.0
1972-09-01,1040.0,4260.0,12.2
1972-10-01,1065.1,4366.9,13.0
1972-11-01,1079.2,4415.4,13.6
1972-12-01,1086.6,4435.1,13.7
1973-01-01,1085.6,4411.9,12.4
1973-02-01,1095.3,4444.7,12.5
1973-03-01,1104.4,4461.0,12.7
1973-04-01,1114.7,4466.7,13.2
1973-05-01,1125.1,4475.0,13.2
1973-06-01,1134.7,4488.3,13.6
1973-07-01,1142.2,4499.0,13.2
1973-08-01,1152.0,4484.4,13.9
1973-09-01,1163.4,4507.3,13.1
1973-10-01,1180.2,4546.9,14.4
1973-11-01,1192.6,4554.1,14.4
1973-12-01,1199.2,4537.2,14.8
1974-01-01,1200.4,4504.1,14.3
1974-02-01,1207.1,4470.2,14.2
1974-03-01,1213.1,4438.2,13.4
1974-04-01,1220.9,4435.1,13.1
1974-05-01,1234.1,4430.6,12.8
1974-06-01,1243.7,4421.7,12.8
1974-07-01,1257.8,4438.7,12.8
1974-08-01,1268.8,4432.6,12.1
1974-09-01,1280.7,4428.0,12.9
1974-10-01,1294.0,4442.6,13.4
1974-11-01,1296.0,4419.0,13.8
1974-12-01,1305.4,4419.7,14.0
1975-01-01,1312.3,4417.4,13.2
1975-02-01,1318.8,4420.1,12.5
1975-03-01,1324.2,4424.1,12.7
1975-04-01,1330.3,4505.1,14.2
1975-05-01,1343.8,4765.1,17.3
1975-06-01,1375.8,4604.9,14.3
1975-07-01,1372.3,4533.9,12.6
1975-08-01,1388.5,4564.1,13.0
1975-09-01,1398.7,4575.2,13.0
1975-10-01,1413.4,4594.3,13.4
1975-11-01,1422.4,4590.9,12.7
1975-12-01,1432.3,4595.3,12.0
1976-01-01,1447.2,4625.1,11.7
1976-02-01,1457.5,4653.7,12.3
1976-03-01,1463.6,4667.6,12.2
1976-04-01,1472.5,4673.7,11.7
1976-05-01,1481.2,4673.8,12.3
1976-06-01,1489.9,4678.3,11.4
1976-07-01,1506.7,4705.1,11.7
1976-08-01,1519.3,4714.6,11.7
1976-09-01,1529.2,4715.6,11.4
1976-10-01,1536.7,4707.4,11.1
1976-11-01,1557.2,4749.8,11.4
1976-12-01,1570.7,4767.9,10.6
1977-01-01,1572.2,4758.3,10.6
1977-02-01,1589.6,4716.2,9.3
1977-03-01,1604.7,4782.4,10.5
1977-04-01,1620.9,4789.7,10.5
1977-05-01,1633.2,4790.6,10.3
1977-06-01,1644.9,4810.5,10.6
1977-07-01,1662.6,4841.6,10.5
1977-08-01,1676.9,4861.2,10.9
1977-09-01,1693.7,4887.8,11.1
1977-10-01,1716.3,4923.4,11.0
1977-11-01,1739.8,4962.7,11.2
1977-12-01,1756.0,4983.5,11.4
1978-01-01,1760.1,4962.0,11.9
1978-02-01,1776.2,4991.5,11.1
1978-03-01,1797.9,5033.0,11.0
1978-04-01,1821.9,5050.5,10.8
1978-05-01,1837.0,5047.2,10.3
1978-06-01,1855.8,5047.5,10.0
1978-07-01,1876.2,5072.8,10.9
1978-08-01,1894.2,5094.2,10.5
1978-09-01,1907.5,5095.8,10.6
1978-10-01,1929.7,5109.5,10.7
1978-11-01,1944.0,5114.1,10.5
1978-12-01,1964.2,5139.6,10.4
1979-01-01,1985.6,5164.0,11.1
1979-02-01,2004.1,5184.7,11.0
1979-03-01,2025.9,5198.5,11.2
1979-04-01,2030.6,5156.1,11.0
1979-05-01,2044.6,5132.2,10.3
1979-06-01,2060.4,5118.9,9.8
1979-07-01,2091.8,5156.2,10.6
1979-08-01,2111.2,5163.7,9.7
1979-09-01,2129.7,5159.3,9.4
1979-10-01,2147.1,5156.6,9.7
1979-11-01,2168.9,5171.2,9.7
1979-12-01,2192.7,5182.2,10.1
1980-01-01,2218.8,5218.8,9.9
1980-02-01,2232.6,5191.3,10.1
1980-03-01,2248.1,5159.0,10.3
1980-04-01,2257.2,5153.4,11.4
1980-05-01,2267.7,5134.3,11.5
1980-06-01,2287.5,5145.1,11.3
1980-07-01,2322.4,5189.8,11.4
1980-08-01,2346.7,5194.8,11.4
1980-09-01,2378.6,5216.6,11.7
1980-10-01,2418.3,5257.1,11.3
1980-11-01,2443.9,5264.5,11.6
1980-12-01,2471.7,5288.4,11.4
1981-01-01,2487.4,5267.1,10.9
1981-02-01,2505.5,5250.2,10.8
1981-03-01,2531.0,5264.4,10.8
1981-04-01,2537.4,5249.0,10.8
1981-05-01,2556.4,5258.8,10.9
1981-06-01,2580.7,5287.2,10.8
1981-07-01,2635.3,5370.5,12.3
1981-08-01,2661.8,5386.1,12.0
1981-09-01,2674.0,5376.3,12.3
1981-10-01,2675.8,5382.3,12.9
1981-11-01,2693.3,5385.0,13.0
1981-12-01,2699.9,5377.6,12.4
1982-01-01,2709.9,5384.7,12.6
1982-02-01,2729.5,5399.5,12.0
1982-03-01,2734.7,5398.9,12.1
1982-04-01,2755.1,5452.7,12.8
1982-05-01,2771.4,5430.3,12.2
1982-06-01,2782.1,5400.9,12.2
1982-07-01,2798.8,5450.4,12.5
1982-08-01,2813.0,5459.3,12.5
1982-09-01,2819.6,5457.7,11.7
1982-10-01,2833.7,5452.2,11.2
1982-11-01,2853.2,5474.3,10.9
1982-12-01,2872.4,5500.9,10.9
1983-01-01,2882.6,5520.0,11.1
1983-02-01,2889.6,5522.6,11.2
1983-03-01,2907.3,5549.2,10.7
1983-04-01,2922.9,5561.3,10.3
1983-05-01,2946.1,5572.5,9.9
1983-06-01,2961.2,5576.8,9.2
1983-07-01,2986.3,5647.0,9.7
1983-08-01,2994.7,5635.9,9.2
1983-09-01,3025.6,5676.2,9.6
1983-10-01,3059.6,5726.4,9.7
1983-11-01,3088.1,5775.0,10.3
1983-12-01,3116.8,5825.9,10.1
1984-01-01,3140.7,5851.3,9.9
1984-02-01,3179.4,5884.8,11.6
1984-03-01,3208.7,5922.6,11.4
1984-04-01,3241.3,5962.5,11.4
1984-05-01,3252.3,5971.0,11.0
1984-06-01,3282.4,6010.3,11.0
1984-07-01,3301.4,6017.6,11.4
1984-08-01,3333.2,6058.5,11.7
1984-09-01,3363.3,6101.7,11.7
1984-10-01,3361.4,6079.2,11.6
1984-11-01,3383.8,6105.7,10.7
1984-12-01,3416.4,6143.3,11.1
1985-01-01,3429.7,6141.6,10.2
1985-02-01,3448.3,6085.2,8.9
1985-03-01,3476.5,6057.8,8.6
1985-04-01,3475.1,6159.5,9.8
1985-05-01,3490.9,6310.8,11.0
1985-06-01,3512.8,6178.9,9.6
1985-07-01,3526.6,6192.8,9.1
1985-08-01,3538.1,6189.0,8.1
1985-09-01,3560.4,6216.2,7.3
1985-10-01,3583.4,6247.8,9.1
1985-11-01,3599.4,6258.1,9.0
1985-12-01,3633.5,6296.4,8.6
1986-01-01,3647.9,6308.5,8.7
1986-02-01,3665.9,6341.7,9.3
1986-03-01,3692.4,6406.5,9.9
1986-04-01,3697.0,6430.4,9.7
1986-05-01,3707.8,6435.8,9.3
1986-06-01,3722.7,6429.8,9.4
1986-07-01,3741.3,6461.8,9.3
1986-08-01,3753.9,6469.4,8.9
1986-09-01,3769.6,6472.9,7.1
1986-10-01,3777.3,6466.0,8.3
1986-11-01,3790.1,6466.7,8.6
1986-12-01,3808.6,6473.8,6.8
1987-01-01,3820.2,6494.2,9.4
1987-02-01,3845.0,6525.0,8.2
1987-03-01,3863.8,6530.5,8.1
1987-04-01,3875.4,6282.3,4.1
1987-05-01,3908.6,6537.0,7.8
1987-06-01,3919.7,6527.6,7.3
1987-07-01,3942.1,6545.8,7.1
1987-08-01,3978.6,6574.0,6.8
1987-09-01,3995.6,6575.3,7.2
1987-10-01,4034.7,6619.6,7.9
1987-11-01,4062.1,6648.1,8.2
1987-12-01,4115.7,6711.5,8.4
1988-01-01,4128.2,6730.2,7.9
1988-02-01,4153.0,6773.5,8.4
1988-03-01,4178.3,6804.3,8.0
1988-04-01,4209.5,6830.1,8.7
1988-05-01,4225.9,6841.7,8.3
1988-06-01,4258.9,6868.5,8.4
1988-07-01,4298.8,6898.2,8.6
1988-08-01,4323.0,6918.4,8.4
1988-09-01,4352.5,6932.4,8.8
1988-10-01,4391.1,6969.9,8.6
1988-11-01,4402.5,6971.9,8.4
1988-12-01,4438.6,7005.2,8.3
1989-01-01,4501.5,7033.4,8.5
1989-02-01,4529.6,7052.7,8.9
1989-03-01,4570.2,7087.1,9.4
1989-04-01,4582.5,7050.0,8.3
1989-05-01,4579.4,7017.2,8.0
1989-06-01,4602.2,7036.7,8.1
1989-07-01,4628.5,7061.3,8.1
1989-08-01,4639.1,7080.0,7.5
1989-09-01,4662.3,7101.4,7.9
1989-10-01,4703.0,7136.8,8.4
1989-11-01,4718.1,7144.0,8.5
1989-12-01,4735.7,7144.7,7.7
1990-01-01,4783.8,7187.4,7.9
1990-02-01,4819.8,7203.3,8.5
1990-03-01,4842.7,7206.1,8.3
1990-04-01,4883.8,7253.4,8.7
1990-05-01,4889.5,7245.8,8.7
1990-06-01,4919.3,7257.3,8.6
1990-07-01,4948.2,7283.7,8.7
1990-08-01,4949.9,7239.1,8.1
1990-09-01,4978.6,7236.8,8.1
1990-10-01,4966.5,7178.7,7.9
1990-11-01,4973.5,7181.9,8.0
1990-12-01,5004.1,7224.7,8.8
1991-01-01,4990.4,7205.7,9.4
1991-02-01,4997.1,7216.8,9.0
1991-03-01,5005.8,7229.1,8.1
1991-04-01,5034.3,7258.0,8.7
1991-05-01,5055.9,7259.5,8.5
1991-06-01,5090.8,7296.7,9.0
1991-07-01,5087.0,7282.0,8.4
1991-08-01,5108.4,7298.3,8.7
1991-09-01,5141.5,7317.7,8.9
1991-10-01,5157.7,7328.0,9.4
1991-11-01,5177.0,7338.4,9.1
1991-12-01,5233.0,7403.6,9.8
1992-01-01,5264.8,7474.8,9.5
1992-02-01,5303.2,7507.2,9.8
1992-03-01,5323.8,7513.8,9.7
1992-04-01,5357.4,7535.0,9.8
1992-05-01,5392.4,7570.2,9.8
1992-06-01,5424.0,7601.6,10.0
1992-07-01,5437.1,7595.9,9.5
1992-08-01,5465.1,7622.6,9.6
1992-09-01,5452.8,7586.9,8.6
1992-10-01,5444.9,7537.9,7.9
1992-11-01,5467.4,7549.3,7.9
1992-12-01,5676.8,7818.6,10.5
1993-01-01,5534.1,7648.1,8.5
1993-02-01,5568.0,7684.5,8.8
1993-03-01,5565.0,7660.8,8.8
1993-04-01,5621.8,7700.6,8.7
1993-05-01,5637.9,7689.4,8.2
1993-06-01,5632.9,7675.1,7.7
1993-07-01,5660.1,7694.3,7.5
1993-08-01,5682.0,7705.4,7.6
1993-09-01,5675.1,7684.4,6.8
1993-10-01,5669.1,7646.9,6.2
1993-11-01,5694.4,7668.1,6.2
1993-12-01,5893.8,7929.4,9.0
1994-01-01,5779.0,7780.4,7.0
1994-02-01,5798.0,7795.0,6.4
1994-03-01,5829.4,7820.5,6.7
1994-04-01,5890.5,7820.4,6.3
1994-05-01,5911.1,7910.6,7.5
1994-06-01,5917.5,7898.1,6.8
1994-07-01,5946.4,7905.0,6.9
1994-08-01,5968.7,7914.4,6.4
1994-09-01,6001.5,7949.0,6.7
1994-10-01,6065.3,8024.4,7.0
1994-11-01,6075.4,8023.9,6.9
1994-12-01,6108.1,8060.2,7.0
1995-01-01,6148.6,8086.0,7.3
1995-02-01,6173.3,8102.0,7.7
1995-03-01,6200.3,8124.2,7.4
1995-04-01,6223.9,8064.0,6.8
1995-05-01,6238.3,8145.6,7.0
1995-06-01,6267.4,8169.8,6.5
1995-07-01,6296.3,8187.8,6.9
1995-08-01,6319.0,8193.0,6.6
1995-09-01,6347.7,8219.4,6.6
1995-10-01,6373.5,8228.4,7.0
1995-11-01,6394.0,8250.5,6.4
1995-12-01,6417.8,8261.3,6.0
1996-01-01,6453.9,8272.1,6.5
1996-02-01,6517.8,8335.8,6.6
1996-03-01,6560.4,8362.4,6.4
1996-04-01,6597.3,8311.8,5.5
1996-05-01,6637.3,8416.8,6.5
1996-06-01,6681.3,8467.1,6.9
1996-07-01,6681.6,8444.0,6.5
1996-08-01,6709.4,8464.7,6.4
1996-09-01,6747.4,8483.9,6.4
1996-10-01,6768.8,8482.7,6.1
1996-11-01,6802.4,8505.1,6.2
1996-12-01,6836.6,8533.1,6.1
1997-01-01,6884.8,8556.4,5.9
1997-02-01,6920.9,8579.2,6.0
1997-03-01,6960.8,8619.0,6.1
1997-04-01,6972.8,8624.5,6.2
1997-05-01,7001.3,8661.9,6.5
1997-06-01,7035.8,8689.7,6.3
1997-07-01,7071.7,8723.1,5.8
1997-08-01,7119.4,8768.6,5.7
1997-09-01,7158.1,8791.5,5.9
1997-10-01,7205.1,8834.8,5.9
1997-11-01,7257.0,8892.2,6.1
1997-12-01,7300.0,8944.3,6.1
1998-01-01,7368.9,9022.9,7.0
1998-02-01,7416.5,9081.2,7.0
1998-03-01,7464.0,9134.4,7.1
1998-04-01,7501.7,9164.1,6.9
1998-05-01,7547.0,9202.0,6.6
1998-06-01,7584.4,9254.2,6.5
1998-07-01,7616.9,9270.0,6.6
1998-08-01,7656.2,9299.3,6.5
1998-09-01,7678.1,9325.5,6.1
1998-10-01,7708.8,9337.5,5.9
1998-11-01,7745.7,9374.6,6.0
1998-12-01,7771.8,9391.7,5.5
1999-01-01,7813.1,9444.1,6.1
1999-02-01,7840.9,9476.2,6.0
1999-03-01,7855.9,9484.1,5.6
1999-04-01,7871.1,9453.0,4.7
1999-05-01,7894.2,9469.3,4.4
1999-06-01,7925.1,9501.3,4.3
1999-07-01,7965.8,9519.0,4.4
1999-08-01,8016.9,9559.1,4.3
1999-09-01,8041.2,9546.7,3.7
1999-10-01,8102.4,9598.7,4.0
1999-11-01,8165.3,9660.9,4.1
1999-12-01,8251.2,9735.9,3.7
2000-01-01,8348.0,9799.9,4.5
2000-02-01,8408.8,9837.9,4.0
2000-03-01,8468.3,9864.0,3.8
2000-04-01,8506.8,9913.7,4.3
2000-05-01,8544.5,9954.5,4.3
2000-06-01,8597.8,9982.3,4.3
2000-07-01,8665.3,10035.9,4.7
2000-08-01,8712.2,10098.3,4.8
2000-09-01,8757.7,10110.3,4.1
2000-10-01,8792.1,10139.2,4.3
2000-11-01,8809.9,10143.5,4.3
2000-12-01,8844.0,10164.3,4.1
2001-01-01,8940.9,10211.7,4.5
2001-02-01,8975.8,10223.4,4.6
2001-03-01,9009.4,10254.4,4.9
2001-04-01,9008.9,10233.1,4.8
2001-05-01,9011.1,10214.7,4.3
2001-06-01,9017.1,10218.1,4.2
2001-07-01,9014.6,10370.7,5.4
2001-08-01,9001.4,10543.1,6.5
2001-09-01,8975.3,10452.8,6.9
2001-10-01,8987.3,10267.7,2.9
2001-11-01,8985.1,10279.7,3.4
2001-12-01,8990.7,10298.9,3.7
2002-01-01,9015.6,10514.7,5.6
2002-02-01,9031.9,10531.6,5.4
2002-03-01,9050.7,10539.0,5.5
2002-04-01,9099.9,10574.2,5.4
2002-05-01,9131.0,10616.5,6.1
2002-06-01,9164.8,10648.2,6.1
2002-07-01,9157.5,10621.0,5.3
2002-08-01,9175.3,10623.0,5.2
2002-09-01,9197.1,10633.6,5.8
2002-10-01,9229.6,10661.8,5.6
2002-11-01,9258.8,10690.9,5.6
2002-12-01,9288.3,10719.9,5.3
2003-01-01,9290.1,10710.4,5.3
2003-02-01,9296.2,10674.0,5.2
2003-03-01,9333.8,10696.5,4.9
2003-04-01,9356.4,10752.7,5.0
2003-05-01,9414.4,10832.0,5.3
2003-06-01,9455.3,10860.6,5.1
2003-07-01,9491.6,10991.1,5.9
2003-08-01,9538.8,11066.7,5.7
2003-09-01,9582.5,10940.8,4.9
2003-10-01,9620.4,10982.3,5.0
2003-11-01,9688.2,11048.4,5.0
2003-12-01,9713.2,11057.2,5.0
2004-01-01,9731.8,11051.2,4.6
2004-02-01,9765.4,11071.0,4.6
2004-03-01,9815.8,11115.6,4.5
2004-04-01,9865.8,11153.3,4.9
2004-05-01,9950.0,11208.9,4.8
2004-06-01,9988.4,11215.8,5.4
2004-07-01,10033.0,11240.5,4.7
2004-08-01,10078.2,11274.6,4.7
2004-09-01,10110.5,11279.6,4.1
2004-10-01,10159.3,11282.5,3.9
2004-11-01,10171.5,11246.1,3.4
2004-12-01,10520.8,11659.0,6.2
2005-01-01,10247.0,11226.5,2.7
2005-02-01,10282.7,11229.0,2.3
2005-03-01,10347.9,11268.8,2.5
2005-04-01,10412.1,11304.2,2.1
2005-05-01,10464.1,11352.7,2.6
2005-06-01,10498.0,11375.5,2.0
2005-07-01,10558.3,11387.1,1.4
2005-08-01,10619.6,11405.3,2.0
2005-09-01,10687.7,11365.2,2.0
2005-10-01,10767.3,11428.7,2.3
2005-11-01,10815.4,11500.1,2.6
2005-12-01,10853.1,11535.2,2.5
2006-01-01,11038.6,11651.8,3.0
2006-02-01,11102.6,11702.8,3.2
2006-03-01,11171.8,11747.5,3.3
2006-04-01,11229.5,11744.4,3.1
2006-05-01,11251.1,11736.8,2.9
2006-06-01,11292.8,11751.9,2.9
2006-07-01,11322.1,11746.9,2.3
2006-08-01,11346.8,11737.0,2.5
2006-09-01,11383.9,11800.1,2.4
2006-10-01,11417.8,11853.7,2.4
2006-11-01,11479.3,11901.9,2.7
2006-12-01,11587.6,11958.6,2.6
2007-01-01,11647.1,11956.6,2.4
2007-02-01,11734.2,11996.0,2.8
2007-03-01,11821.4,12035.1,3.0
2007-04-01,11868.1,12052.8,3.0
2007-05-01,11908.7,12059.9,2.8
2007-06-01,11929.2,12053.3,2.7
2007-07-01,11955.7,12066.4,2.6
2007-08-01,11963.1,12070.9,2.2
2007-09-01,12025.5,12089.6,2.3
2007-10-01,12046.8,12080.4,2.2
2007-11-01,12102.8,12070.1,1.9
2007-12-01,12182.7,12120.5,2.4
2008-01-01,12227.8,12137.1,2.6
2008-02-01,12264.9,12141.8,3.0
2008-03-01,12314.7,12145.9,2.9
2008-04-01,12302.6,12100.8,2.4
2008-05-01,12879.3,12696.2,6.8
2008-06-01,12661.0,12376.6,4.6
2008-07-01,12514.8,12188.7,3.6
2008-08-01,12426.0,12120.6,3.1
2008-09-01,12445.0,12149.0,3.9
2008-10-01,12446.5,12240.5,4.9
2008-11-01,12387.1,12345.9,6.0
2008-12-01,12238.5,12288.8,5.8
2009-01-01,12125.6,12361.5,5.9
2009-02-01,12007.4,12241.9,5.4
2009-03-01,11965.3,12242.7,5.8
2009-04-01,12009.4,12320.0,6.5
2009-05-01,12179.6,12500.1,7.8
2009-06-01,12042.9,12273.2,6.1
2009-07-01,11998.4,12218.7,5.4
2009-08-01,12011.2,12194.8,4.4
2009-09-01,12061.1,12230.6,5.5
2009-10-01,12069.4,12193.2,5.1
2009-11-01,12129.6,12224.4,5.5
2009-12-01,12188.2,12280.2,5.4
2010-01-01,12267.7,12285.8,5.6
2010-02-01,12267.6,12292.0,5.3
2010-03-01,12330.9,12340.3,5.3
2010-04-01,12441.8,12447.1,6.0
2010-05-01,12543.7,12540.3,6.4
2010-06-01,12550.7,12544.3,6.2
2010-07-01,12588.7,12554.2,6.1
2010-08-01,12652.9,12591.4,6.2
2010-09-01,12673.4,12589.9,6.1
2010-10-01,12723.6,12592.5,5.9
2010-11-01,12765.5,12605.1,5.8
2010-12-01,12873.1,12680.6,6.2
2011-01-01,13080.7,12740.1,6.6
2011-02-01,13155.6,12776.6,6.9
2011-03-01,13178.2,12742.7,6.3
2011-04-01,13212.8,12721.3,6.3
2011-05-01,13239.1,12705.3,6.3
2011-06-01,13295.7,12756.9,6.5
2011-07-01,13375.8,12805.6,6.7
2011-08-01,13400.3,12799.7,6.7
2011-09-01,13401.5,12781.7,6.4
2011-10-01,13406.4,12791.9,6.3
2011-11-01,13419.7,12782.7,6.4
2011-12-01,13548.9,12898.5,7.2
2012-01-01,13631.6,12967.5,7.4
2012-02-01,13731.1,13029.6,7.3
2012-03-01,13798.5,13066.4,7.6
2012-04-01,13868.1,13116.5,7.9
2012-05-01,13850.3,13112.5,7.9
2012-06-01,13837.1,13097.2,7.9
2012-07-01,13752.9,12999.8,7.0
2012-08-01,13768.5,12961.6,6.7
2012-09-01,13914.1,13053.1,7.2
2012-10-01,14049.2,13142.0,7.8
2012-11-01,14230.7,13315.7,8.7
2012-12-01,14581.4,13642.7,10.9
2013-01-01,13880.4,12845.5,4.9
2013-02-01,13902.0,12813.9,4.7
2013-03-01,13932.2,12852.1,4.8
2013-04-01,13974.9,12893.4,5.1
2013-05-01,14052.5,12954.2,5.3
2013-06-01,14083.9,12955.7,5.4
2013-07-01,14072.0,12941.8,5.2
2013-08-01,14117.3,12969.6,5.2
2013-09-01,14181.7,13027.5,5.3
2013-10-01,14152.3,12974.6,4.7
2013-11-01,14209.6,12998.9,4.5
2013-12-01,14266.5,13019.1,4.5
2014-01-01,14369.2,13079.5,5.2
2014-02-01,14456.4,13148.0,5.3
2014-03-01,14555.0,13219.9,5.2
2014-04-01,14624.5,13270.2,5.4
2014-05-01,14689.5,13312.9,5.6
2014-06-01,14760.1,13360.4,5.6
2014-07-01,14821.1,13386.8,5.5
2014-08-01,14894.2,13445.9,5.3
2014-09-01,14951.2,13486.3,5.5
2014-10-01,15022.7,13550.7,5.4
2014-11-01,15094.0,13624.4,5.6
2014-12-01,15170.9,13719.1,6.0
2015-01-01,15230.8,13797.7,6.3
2015-02-01,15313.3,13848.0,6.4
2015-03-01,15314.2,13811.3,5.9
2015-04-01,15373.5,13842.0,5.9
2015-05-01,15442.7,13865.6,5.8
2015-06-01,15479.0,13874.1,5.7
2015-07-01,15518.6,13905.7,5.6
2015-08-01,15550.5,13935.8,5.6
2015-09-01,15570.5,13972.2,5.8
2015-10-01,15608.0,13996.9,5.8
2015-11-01,15615.4,13993.4,5.6
2015-12-01,15668.4,14060.2,5.8
2016-01-01,15695.5,14121.1,6.1
2016-02-01,15695.9,14135.3,5.6
2016-03-01,15731.6,14135.4,5.9
2016-04-01,15758.9,14106.2,5.5
2016-05-01,15777.2,14095.5,5.3
2016-06-01,15821.4,14104.9,4.9
2016-07-01,15891.5,14160.1,5.1
2016-08-01,15931.3,14176.7,5.1
2016-09-01,15999.1,14209.1,5.1
2016-10-01,16059.4,14235.4,5.3
2016-11-01,16107.6,14273.6,5.4
2016-12-01,16182.5,14313.7,5.0
2017-01-01,16293.3,14373.7,5.3
2017-02-01,16363.5,14416.8,5.6
2017-03-01,16415.1,14476.3,5.6
2017-04-01,16476.0,14509.3,5.7
2017-05-01,16573.2,14610.7,6.3
2017-06-01,16604.0,14618.7,6.0
2017-07-01,16665.9,14660.2,6.0
2017-08-01,16733.7,14678.3,6.1
2017-09-01,16841.9,14706.0,5.9
2017-10-01,16930.8,14748.6,6.0
2017-11-01,16997.5,14771.1,5.6
2017-12-01,17058.2,14797.9,5.0
2018-01-01,17141.7,14886.6,5.7
2018-02-01,17204.1,14921.1,5.8
2018-03-01,17268.2,14974.8,5.9
2018-04-01,17328.7,15007.2,6.0
2018-05-01,17404.4,15057.8,6.0
2018-06-01,17488.4,15119.3,6.3
2018-07-01,17587.6,15184.7,6.5
2018-08-01,17664.0,15238.6,6.6
2018-09-01,17693.5,15237.5,6.8
2018-10-01,17749.8,15274.1,6.7
2018-11-01,17795.7,15315.2,6.5
2018-12-01,18012.4,15506.5,8.4
2019-01-01,18078.6,15536.3,8.4
2019-02-01,18152.9,15560.4,8.5
2019-03-01,18226.6,15566.5,7.9
2019-04-01,18266.8,15534.2,7.6
2019-05-01,18286.9,15532.4,7.3
2019-06-01,18324.3,15562.1,7.1
2019-07-01,18342.4,15581.4,6.8
2019-08-01,18432.4,15664.3,6.9
2019-09-01,18477.3,15697.5,7.0
2019-10-01,18546.3,15718.1,7.1
2019-11-01,18629.5,15766.9,6.9
2019-12-01,18594.0,15683.8,6.2
2020-01-01,18808.1,15842.8,6.8
2020-02-01,18904.6,15900.3,7.5
2020-03-01,18591.4,15702.3,12.4
2020-04-01,20752.1,18015.3,31.8
2020-05-01,19893.3,17110.0,22.6
2020-06-01,19949.4,17050.2,18.3
2020-07-01,20199.6,17202.9,17.9
2020-08-01,19597.4,16542.0,13.9
2020-09-01,19758.2,16633.7,13.3
2020-10-01,19763.6,16573.6,12.8
2020-11-01,19620.7,16381.8,12.0
2020-12-01,19741.5,16397.7,11.8
2021-01-01,21826.1,18194.0,19.5
2021-02-01,20313.1,16697.3,13.0
2021-03-01,24535.1,20520.0,26.2
2021-04-01,21372.5,17420.7,12.4
2021-05-01,20970.3,16922.4,10.0
2021-06-01,21008.4,16838.1,8.8
2021-07-01,21234.4,16949.3,9.5
2021-08-01,21285.2,16917.1,8.7
2021-09-01,21164.2,16728.5,7.6
2021-10-01,21330.9,16733.5,7.0
2021-11-01,21439.1,16686.4,6.6
2021-12-01,21507.6,16610.8,6.6
2022-01-01,21503.8,16206.1,4.2
2022-02-01,21649.2,16207.6,4.1
2022-03-01,21747.5,16127.2,3.2
2022-04-01,21821.7,16125.5,2.6
2022-05-01,21907.2,16103.0,2.6
2022-06-01,22011.1,16062.9,2.2
2022-07-01,22218.4,16270.4,3.3
2022-08-01,22357.1,16367.3,3.2
2022-09-01,22487.0,16423.8,3.4
2022-10-01,22636.4,16476.3,3.4
2022-11-01,22705.7,16502.7,3.8
2022-12-01,22800.5,16578.2,4.2
2023-01-01,22965.0,16906.9,4.9
2023-02-01,23113.0,16998.2,5.5
2023-03-01,23248.0,17098.8,6.0
2023-04-01,23359.9,17135.3,5.8
2023-05-01,23468.5,17196.7,6.1
2023-06-01,23556.2,17216.3,5.8
2023-07-01,23635.2,17250.6,5.5
2023-08-01,23737.7,17275.3,5.6
2023-09-01,23833.1,17282.2,5.3
2023-10-01,23919.7,17341.3,5.4
2023-11-01,24038.2,17427.1,5.6
2023-12-01,24145.9,17481.7,5.6
2024-01-01,24363.4,17575.4,6.4
2024-02-01,24475.0,17596.2,6.1
2024-03-01,24597.8,17617.0,5.9
2024-04-01,24690.5,17638.6,5.8
2024-05-01,24807.7,17713.3,5.8
2024-06-01,24904.1,17751.1,5.7
2024-07-01,24950.8,17743.2,5.3
2024-08-01,25013.0,17752.9,5.2
2024-09-01,25101.3,17769.9,4.8
2024-10-01,25226.6,17810.5,5.0
2024-11-01,25322.1,17851.4,4.9
2024-12-01,25418.6,17867.9,4.3
2025-01-01,25570.5,17889.8,5.1
2025-02-01,25705.4,17910.5,5.2
2025-03-01,25877.3,18029.1,5.1
2025-04-01,26061.1,18132.9,5.5
2025-05-01,25925.8,17980.9,4.9
2025-06-01,25975.7,17962.1,4.6
2025-07-01,26149.6,18040.9,4.5
2025-08-01,26278.1,18076.9,4.4
2025-09-01,26381.0,18094.6,4.3
2025-10-01,26365.1,18037.3,3.9
2025-11-01,26426.3,18035.1,3.8
2025-12-01,26483.2,18018.5,3.6
2026-01-01,26603.4,18132.2,4.3
2026-02-01,26590.3,18048.5,3.6
2026-03-01,26722.5,18019.6,3.2
2026-04-01,26722.5,17932.6,2.6
