date,total_pc,index_pc,etp_pc,equity_pc,call_volume,put_volume
2019-10-07,1.05,1.05,1.89,0.7,1456874.0,1534921.0
2019-10-08,1.01,1.12,1.39,0.65,2024459.0,2042975.0
2019-10-09,1.03,1.35,1.23,0.59,1485876.0,1528717.0
2019-10-10,0.99,1.44,1.14,0.58,1793569.0,1784523.0
2019-10-11,0.94,1.44,0.83,0.56,3146912.0,2954207.0
2019-10-14,1.15,1.51,1.44,0.61,1719061.0,1982125.0
2019-10-15,1.01,1.6,0.98,0.55,2404579.0,2430997.0
2019-10-16,0.92,1.29,0.74,0.63,2197093.0,2010830.0
2019-10-17,0.91,1.16,1.2,0.6,2212160.0,2010796.0
2019-10-18,1.14,1.33,2.13,0.69,2393394.0,2726507.0
2019-10-21,0.94,1.41,1.16,0.61,1874419.0,1752638.0
2019-10-22,0.95,1.49,1.39,0.61,1830373.0,1745667.0
2019-10-23,0.87,1.12,0.94,0.69,1855272.0,1605345.0
2019-10-24,0.78,0.99,0.75,0.68,2079538.0,1614734.0
2019-10-25,0.82,1.04,1.1,0.56,2459422.0,2027933.0
2019-10-28,0.79,1.14,0.65,0.51,2120174.0,1672719.0
2019-10-29,0.85,1.26,1.01,0.55,2116830.0,1789135.0
2019-10-30,0.97,1.26,1.37,0.6,2360840.0,2292241.0
2019-10-31,1.16,1.26,2.16,0.71,2506758.0,2904060.0
2019-11-01,0.74,1.01,0.76,0.53,2907311.0,2144200.0
2019-11-04,0.65,0.75,0.72,0.54,3367065.0,2183769.0
2019-11-05,0.85,1.05,1.37,0.58,2293813.0,1960547.0
2019-11-06,0.93,1.36,1.15,0.63,2111640.0,1968039.0
2019-11-07,0.66,0.82,0.71,0.54,2964545.0,1957857.0
2019-11-08,0.94,1.36,1.4,0.59,2209608.0,2071254.0
2019-11-11,0.91,1.34,1.04,0.61,1872489.0,1697766.0
2019-11-12,0.88,1.15,1.26,0.59,2239910.0,1973569.0
2019-11-13,1.0,1.45,1.68,0.58,2108495.0,2109083.0
2019-11-14,0.92,1.19,2.16,0.47,2378203.0,2198900.0
2019-11-15,0.84,1.16,1.32,0.49,3173529.0,2664666.0
2019-11-18,0.84,1.14,1.2,0.55,2474914.0,2069328.0
2019-11-19,1.08,1.86,1.32,0.58,2073734.0,2231330.0
2019-11-20,1.0,1.27,1.39,0.64,2472733.0,2472522.0
2019-11-21,1.21,2.16,1.97,0.59,1717349.0,2081338.0
2019-11-22,0.96,1.71,1.02,0.58,2006140.0,1917112.0
2019-11-25,0.94,1.19,1.24,0.63,2168997.0,2043711.0
2019-11-26,1.05,1.05,2.37,0.57,1943828.0,2031752.0
2019-11-27,0.94,1.03,1.83,0.58,2148686.0,2027870.0
2019-11-28,,,,,,
2019-11-29,0.96,1.3,1.15,0.59,1227956.0,1182411.0
2019-12-02,0.99,1.34,0.92,0.66,2451302.0,2416259.0
2019-12-03,1.13,1.41,1.58,0.7,2224134.0,2502157.0
2019-12-04,0.98,1.45,1.26,0.54,1811749.0,1767740.0
2019-12-05,1.08,1.62,1.63,0.65,1395287.0,1513342.0
2019-12-06,0.88,1.23,1.14,0.53,2512997.0,2208461.0
2019-12-09,1.02,1.54,1.06,0.64,1889868.0,1933135.0
2019-12-10,0.98,1.3,0.83,0.76,1794181.0,1754761.0
2019-12-11,0.98,1.45,1.33,0.52,2152740.0,2101299.0
2019-12-12,0.72,1.11,0.72,0.45,3312635.0,2370809.0
2019-12-13,1.1,1.79,0.89,0.55,2980348.0,3274905.0
2019-12-16,0.87,1.09,0.91,0.61,3331330.0,2889222.0
2019-12-17,0.63,0.7,0.71,0.53,2736829.0,1736425.0
2019-12-18,1.06,1.21,2.56,0.49,2346720.0,2492299.0
2019-12-19,0.78,1.14,0.95,0.54,2830902.0,2217432.0
2019-12-20,0.79,1.1,1.33,0.46,3294760.0,2607601.0
2019-12-23,0.8,1.2,0.98,0.54,2119968.0,1688761.0
2019-12-24,0.8,1.88,0.71,0.52,999960.0,801458.0
2019-12-25,,,,,,
2019-12-26,0.79,1.67,1.1,0.43,1806265.0,1422695.0
2019-12-27,0.87,1.29,0.91,0.6,2304017.0,1998438.0
2019-12-30,0.9,1.25,0.94,0.59,2072906.0,1865914.0
2019-12-31,0.96,1.22,1.22,0.56,1920266.0,1835081.0
2020-01-01,,,,,,
2020-01-02,0.83,1.3,0.99,0.54,2489657.0,2076903.0
2020-01-03,0.85,1.36,0.75,0.55,2724124.0,2320609.0
2020-01-06,0.83,1.28,0.78,0.54,2322154.0,1920922.0
2020-01-07,0.83,1.21,1.66,0.44,2253162.0,1874087.0
2020-01-08,0.76,1.01,1.06,0.47,3062921.0,2332557.0
2020-01-09,0.66,0.85,0.71,0.49,3193445.0,2099569.0
2020-01-10,0.86,1.39,0.92,0.52,2999755.0,2593642.0
2020-01-13,0.76,1.11,1.09,0.47,2909182.0,2214071.0
2020-01-14,0.76,1.2,1.0,0.47,2694541.0,2049092.0
2020-01-15,0.75,1.11,0.95,0.44,2940400.0,2191944.0
2020-01-16,0.71,0.84,0.99,0.47,3362348.0,2403188.0
2020-01-17,0.66,0.78,0.93,0.48,4126341.0,2725376.0
2020-01-20,,,,,,
2020-01-21,0.83,1.18,0.91,0.59,2747608.0,2276073.0
2020-01-22,0.82,1.14,1.11,0.52,2977011.0,2439964.0
2020-01-23,0.76,1.09,0.86,0.54,2651871.0,2027665.0
2020-01-24,1.1,1.59,1.29,0.7,3323862.0,3667082.0
2020-01-27,1.01,1.3,1.19,0.64,2952841.0,2972306.0
2020-01-28,0.8,1.03,1.05,0.55,2456128.0,1957067.0
2020-01-29,0.83,1.44,1.26,0.5,2599868.0,2167168.0
2020-01-30,0.86,1.22,0.99,0.61,2562472.0,2206570.0
2020-01-31,1.07,1.15,1.46,0.74,3770271.0,4025707.0
2020-02-03,0.72,1.15,0.62,0.5,2913627.0,2098863.0
2020-02-04,0.82,1.35,1.15,0.46,2907506.0,2392886.0
2020-02-05,0.94,1.23,1.77,0.51,3008422.0,2829725.0
2020-02-06,0.71,0.93,1.07,0.47,3017865.0,2138322.0
2020-02-07,0.95,1.34,1.6,0.56,2737318.0,2604429.0
2020-02-10,0.84,1.36,1.25,0.46,2504831.0,2094032.0
2020-02-11,0.72,0.93,0.95,0.45,3217512.0,2322892.0
2020-02-12,0.7,1.02,0.74,0.48,3236890.0,2272198.0
2020-02-13,0.8,1.15,0.95,0.55,2645172.0,2116312.0
2020-02-14,0.83,1.1,1.14,0.58,2808718.0,2333789.0
2020-02-17,,,,,,
2020-02-18,0.78,1.06,0.84,0.51,3334848.0,2604381.0
2020-02-19,0.81,1.35,0.92,0.45,3025910.0,2456517.0
2020-02-20,0.84,1.22,1.11,0.51,3276778.0,2762421.0
2020-02-21,1.15,1.6,1.45,0.73,3117703.0,3582465.0
2020-02-24,1.09,1.18,1.47,0.7,4420289.0,4830164.0
2020-02-25,1.31,1.3,1.99,0.8,4059385.0,5311204.0
2020-02-26,1.23,1.49,1.75,0.65,3307484.0,4058825.0
2020-02-27,1.31,1.59,1.48,0.86,4082621.0,5332358.0
2020-02-28,1.27,1.51,1.33,0.85,4421620.0,5630270.0
2020-03-02,1.29,1.7,1.32,0.76,3041390.0,3911421.0
2020-03-03,0.8,0.71,1.12,0.73,3776836.0,3018461.0
2020-03-04,1.25,1.17,2.6,0.64,2899504.0,3638704.0
2020-03-05,0.88,0.83,1.1,0.78,3608907.0,3159294.0
2020-03-06,1.18,1.4,1.1,0.89,4373771.0,5158320.0
2020-03-09,1.83,2.3,1.79,1.12,2977650.0,5446851.0
2020-03-10,1.19,1.6,1.05,0.75,3088424.0,3670541.0
2020-03-11,1.36,1.59,1.23,1.02,3133495.0,4253234.0
2020-03-12,1.46,1.41,1.79,1.28,3781589.0,5506916.0
2020-03-13,1.27,1.36,1.4,1.0,4086565.0,5209749.0
2020-03-16,1.28,1.25,1.53,1.1,2933865.0,3751361.0
2020-03-17,1.01,0.99,1.35,0.86,3332360.0,3381433.0
2020-03-18,1.33,1.58,1.3,0.98,3087377.0,4120286.0
2020-03-19,1.12,1.33,1.08,0.88,2729926.0,3045043.0
2020-03-20,1.23,1.47,1.42,0.83,2820379.0,3460418.0
2020-03-23,1.09,1.66,1.07,0.62,2799891.0,3038055.0
2020-03-24,0.88,1.07,1.02,0.63,3194702.0,2824119.0
2020-03-25,0.95,1.06,1.25,0.65,3102706.0,2949215.0
2020-03-26,0.97,1.32,1.31,0.58,2780604.0,2703289.0
2020-03-27,1.07,1.36,1.29,0.7,2594627.0,2771738.0
2020-03-30,1.07,1.35,1.21,0.68,2219519.0,2383060.0
2020-03-31,1.14,1.32,1.35,0.7,2324304.0,2647356.0
2020-04-01,1.19,1.49,1.31,0.86,2273980.0,2707125.0
2020-04-02,1.21,1.57,1.51,0.82,2016964.0,2440960.0
2020-04-03,1.08,1.39,1.13,0.83,2570971.0,2787754.0
2020-04-06,0.97,1.23,1.07,0.69,2839558.0,2752265.0
2020-04-07,0.95,1.22,1.16,0.65,2863150.0,2729147.0
2020-04-08,1.0,1.31,1.16,0.65,2413012.0,2405331.0
2020-04-09,0.98,1.19,1.22,0.65,3242059.0,3181499.0
2020-04-10,,,,,,
2020-04-13,0.91,1.19,1.02,0.65,2222994.0,2031334.0
2020-04-14,0.99,1.48,1.15,0.58,2765161.0,2740867.0
2020-04-15,0.99,1.13,1.38,0.7,2576475.0,2550706.0
2020-04-16,0.91,1.41,1.25,0.59,2538955.0,2300118.0
2020-04-17,0.92,1.23,1.22,0.6,2943229.0,2695903.0
2020-04-20,0.93,1.55,1.07,0.55,2412160.0,2239970.0
2020-04-21,1.09,1.35,1.45,0.69,2180391.0,2366437.0
2020-04-22,0.91,1.36,1.06,0.66,2199947.0,1994791.0
2020-04-23,0.87,1.33,1.13,0.59,2359829.0,2052960.0
2020-04-24,1.02,1.61,1.35,0.6,2419487.0,2473973.0
2020-04-27,1.05,1.74,1.36,0.58,2317304.0,2431116.0
2020-04-28,0.96,1.65,1.31,0.56,2142987.0,2060110.0
2020-04-29,1.02,1.62,1.54,0.53,2925326.0,2997589.0
2020-04-30,0.96,1.41,1.24,0.68,2566714.0,2476718.0
2020-05-01,1.18,1.67,1.41,0.83,2648181.0,3115328.0
2020-05-04,0.97,1.24,1.26,0.69,2047026.0,1978318.0
2020-05-05,0.89,1.6,1.05,0.59,2233992.0,1992764.0
2020-05-06,0.85,1.32,1.0,0.59,2180231.0,1844203.0
2020-05-07,0.83,1.16,1.14,0.59,2416761.0,1995387.0
2020-05-08,0.86,1.45,1.18,0.53,2879914.0,2484385.0
2020-05-11,0.86,1.37,1.12,0.5,2431545.0,2081833.0
2020-05-12,0.88,1.4,1.17,0.6,2651184.0,2327416.0
2020-05-13,1.17,1.58,1.61,0.72,3142430.0,3674455.0
2020-05-14,0.96,1.27,1.25,0.64,2720021.0,2599728.0
2020-05-15,0.8,0.9,1.15,0.57,3273088.0,2627348.0
2020-05-18,0.72,1.1,0.94,0.47,3376638.0,2423439.0
2020-05-19,0.72,1.1,1.0,0.46,2771571.0,1982605.0
2020-05-20,0.81,1.29,1.19,0.49,2775599.0,2257987.0
2020-05-21,0.84,1.5,1.1,0.55,2185404.0,1844183.0
2020-05-22,0.82,1.32,1.1,0.57,2450940.0,2020977.0
2020-05-25,,,,,,
2020-05-26,0.81,1.16,1.26,0.5,3013256.0,2430376.0
2020-05-27,0.86,1.33,1.34,0.51,2980203.0,2550779.0
2020-05-28,0.85,1.13,1.34,0.54,2729604.0,2331564.0
2020-05-29,0.92,1.41,1.2,0.58,2806628.0,2573539.0
2020-06-01,0.83,1.34,1.49,0.46,2194623.0,1826340.0
2020-06-02,0.79,1.36,1.18,0.47,2535805.0,2010139.0
2020-06-03,0.69,1.07,1.04,0.4,3937166.0,2722484.0
2020-06-04,0.74,1.76,1.25,0.43,3270342.0,2425062.0
2020-06-05,0.65,1.16,0.85,0.41,5351126.0,3488365.0
2020-06-08,0.6,1.16,0.89,0.37,4071529.0,2440592.0
2020-06-09,0.7,1.8,0.9,0.4,3235650.0,2255356.0
2020-06-10,0.7,1.33,0.91,0.45,3506543.0,2440869.0
2020-06-11,1.01,1.34,1.22,0.7,4299681.0,4321819.0
2020-06-12,0.98,1.08,1.35,0.71,4029034.0,3953756.0
2020-06-15,0.88,1.22,1.16,0.51,3022527.0,2649655.0
2020-06-16,0.76,1.21,1.0,0.45,2916430.0,2225758.0
2020-06-17,0.77,1.2,0.86,0.51,2681707.0,2071897.0
2020-06-18,0.87,1.73,1.23,0.5,2178916.0,1903812.0
2020-06-19,0.91,1.8,1.2,0.57,3364095.0,3062596.0
2020-06-22,0.79,1.53,0.94,0.47,2583610.0,2037579.0
2020-06-23,0.77,1.54,1.29,0.45,2214756.0,1715844.0
2020-06-24,0.99,1.38,1.41,0.62,2662020.0,2642950.0
2020-06-25,0.89,1.79,1.15,0.54,2175340.0,1940678.0
2020-06-26,1.07,1.56,1.25,0.74,2597073.0,2780114.0
2020-06-29,0.97,1.86,1.12,0.55,2120100.0,2047666.0
2020-06-30,0.88,1.28,1.06,0.52,2667332.0,2346933.0
2020-07-01,0.83,1.7,0.9,0.46,2290121.0,1911664.0
2020-07-02,0.87,1.59,1.0,0.51,2598275.0,2259939.0
2020-07-03,,,,,,
2020-07-06,0.73,1.22,1.18,0.42,2561797.0,1864316.0
2020-07-07,0.83,1.87,1.13,0.45,2106563.0,1743706.0
2020-07-08,0.76,1.62,1.08,0.4,2430024.0,1856055.0
2020-07-09,0.77,1.4,1.24,0.44,2537165.0,1961890.0
2020-07-10,0.83,1.64,1.13,0.46,2701755.0,2242426.0
2020-07-13,0.77,1.52,0.91,0.41,3387726.0,2606417.0
2020-07-14,0.85,1.46,1.66,0.43,2490189.0,2110539.0
2020-07-15,0.63,1.09,0.82,0.38,3198446.0,1999551.0
2020-07-16,0.72,1.43,0.84,0.47,2476413.0,1792194.0
2020-07-17,0.74,1.34,0.92,0.46,3210165.0,2362729.0
2020-07-20,0.77,1.49,0.96,0.45,2750933.0,2130290.0
2020-07-21,0.71,1.39,0.79,0.39,2844467.0,2012526.0
2020-07-22,0.75,1.45,0.79,0.49,2445540.0,1834161.0
2020-07-23,0.78,1.66,0.85,0.53,2797917.0,2176436.0
2020-07-24,0.91,1.58,1.16,0.6,2656555.0,2409960.0
2020-07-27,0.63,1.16,0.69,0.44,2462841.0,1559718.0
2020-07-28,0.83,1.71,1.16,0.5,1977263.0,1639387.0
2020-07-29,0.73,1.32,0.84,0.51,2358115.0,1718235.0
2020-07-30,0.77,1.27,0.92,0.55,2381627.0,1823299.0
2020-07-31,0.82,1.53,0.98,0.54,3047295.0,2507065.0
2020-08-03,0.67,1.16,0.88,0.44,2933059.0,1963340.0
2020-08-04,0.74,1.24,1.41,0.42,2703894.0,1998381.0
2020-08-05,0.67,1.09,0.94,0.41,3193130.0,2136082.0
2020-08-06,0.61,1.25,0.75,0.42,3062290.0,1870337.0
2020-08-07,0.73,1.24,0.85,0.51,3355684.0,2447169.0
2020-08-10,0.67,1.51,0.76,0.41,2894087.0,1925553.0
2020-08-11,0.7,1.42,0.84,0.45,3150113.0,2208562.0
2020-08-12,0.77,1.44,0.95,0.47,2542341.0,1968805.0
2020-08-13,0.68,1.51,0.68,0.46,2518227.0,1715809.0
2020-08-14,0.78,1.33,0.89,0.54,2589881.0,2014333.0
2020-08-17,0.76,1.56,0.81,0.49,2352490.0,1781917.0
2020-08-18,0.71,1.11,0.89,0.46,2497240.0,1761837.0
2020-08-19,0.76,1.23,1.16,0.43,2755479.0,2082879.0
2020-08-20,0.75,1.26,1.09,0.46,2560101.0,1917493.0
2020-08-21,0.69,1.23,0.97,0.45,3065502.0,2124620.0
2020-08-24,0.74,1.52,0.97,0.42,2550688.0,1884684.0
2020-08-25,0.62,1.4,0.58,0.42,2481394.0,1538498.0
2020-08-26,0.65,1.0,0.83,0.39,3106973.0,2010524.0
2020-08-27,0.62,0.96,0.88,0.38,3102153.0,1934244.0
2020-08-28,0.71,1.38,0.68,0.42,2920908.0,2069838.0
2020-08-31,0.78,1.53,0.99,0.45,2693307.0,2097005.0
2020-09-01,0.62,0.99,0.98,0.4,2783566.0,1722490.0
2020-09-02,0.74,1.2,1.19,0.4,3409745.0,2531721.0
2020-09-03,0.95,1.02,1.68,0.58,3638596.0,3455586.0
2020-09-04,1.03,1.38,1.35,0.67,3418879.0,3520101.0
2020-09-07,,,,,,
2020-09-08,0.88,1.36,1.04,0.57,2782953.0,2456078.0
2020-09-09,0.86,1.23,1.05,0.62,2592268.0,2238260.0
2020-09-10,0.81,1.13,1.13,0.54,2494347.0,2031181.0
2020-09-11,1.0,1.46,1.35,0.67,2793313.0,2805700.0
2020-09-14,0.83,1.58,0.95,0.49,2523444.0,2083304.0
2020-09-15,0.69,1.08,0.91,0.46,2501021.0,1723260.0
2020-09-16,0.81,1.4,1.05,0.51,2670333.0,2155753.0
2020-09-17,0.96,1.7,1.17,0.58,2522410.0,2411100.0
2020-09-18,0.94,1.56,1.21,0.63,3102839.0,2910434.0
2020-09-21,0.94,1.68,1.25,0.49,2775177.0,2616183.0
2020-09-22,0.87,1.82,1.0,0.54,2044119.0,1769918.0
2020-09-23,0.89,1.36,1.27,0.51,2714294.0,2417817.0
2020-09-24,1.0,1.67,1.26,0.63,2149790.0,2150519.0
2020-09-25,0.88,1.53,0.89,0.56,2497183.0,2202347.0
2020-09-28,0.77,1.5,0.87,0.45,2165028.0,1675779.0
2020-09-29,0.8,1.45,1.04,0.49,1877697.0,1493245.0
2020-09-30,0.83,1.29,1.14,0.45,2650280.0,2186739.0
2020-10-01,0.78,1.33,1.04,0.5,2422910.0,1900731.0
2020-10-02,0.9,1.61,1.07,0.54,2542676.0,2285803.0
2020-10-05,0.79,1.37,0.88,0.49,2344289.0,1841579.0
2020-10-06,0.84,1.57,1.14,0.46,2572789.0,2170085.0
2020-10-07,0.76,1.48,0.89,0.42,2319575.0,1770101.0
2020-10-08,0.8,2.19,1.02,0.39,2428558.0,1936445.0
2020-10-09,0.85,1.71,0.86,0.44,3154857.0,2695728.0
2020-10-12,0.66,1.05,0.86,0.41,3236278.0,2126123.0
2020-10-13,0.75,2.03,0.99,0.39,2469013.0,1859807.0
2020-10-14,0.71,1.11,1.03,0.47,2792313.0,1993834.0
2020-10-15,0.75,1.29,0.93,0.46,2750656.0,2072612.0
2020-10-16,0.85,2.0,1.01,0.45,3118925.0,2655494.0
2020-10-19,0.78,1.41,1.18,0.43,2714875.0,2127713.0
2020-10-20,0.82,1.53,0.87,0.52,2250402.0,1842700.0
2020-10-21,0.87,1.62,1.19,0.5,2367120.0,2059643.0
2020-10-22,0.8,1.67,1.17,0.48,2344623.0,1872323.0
2020-10-23,0.84,1.87,0.92,0.53,2382637.0,1998342.0
2020-10-26,1.11,1.79,1.31,0.59,2518657.0,2789755.0
2020-10-27,0.8,1.41,1.04,0.48,2028294.0,1613654.0
2020-10-28,1.11,1.48,1.53,0.65,2977205.0,3305980.0
2020-10-29,0.9,1.49,1.26,0.52,2682818.0,2423433.0
2020-10-30,1.03,1.16,1.39,0.77,3235673.0,3343702.0
2020-11-02,0.98,1.56,1.08,0.62,2359445.0,2321860.0
2020-11-03,1.03,1.52,1.72,0.45,2501450.0,2584992.0
2020-11-04,0.98,1.58,1.22,0.45,3042313.0,2971591.0
2020-11-05,0.8,1.57,0.96,0.44,3056481.0,2457017.0
2020-11-06,0.85,2.0,1.0,0.41,3137694.0,2676367.0
2020-11-09,0.74,1.36,0.99,0.37,4519381.0,3340961.0
2020-11-10,0.85,1.64,1.0,0.52,2921745.0,2472802.0
2020-11-11,1.02,1.61,2.0,0.46,2479689.0,2519271.0
2020-11-12,0.93,1.8,1.34,0.52,2615776.0,2439980.0
2020-11-13,0.81,1.4,1.05,0.5,3156163.0,2544295.0
2020-11-16,0.73,1.44,0.92,0.43,3414869.0,2492127.0
2020-11-17,0.87,1.38,1.32,0.49,2886262.0,2496881.0
2020-11-18,0.73,1.25,1.1,0.42,3350563.0,2442548.0
2020-11-19,0.76,1.14,1.36,0.46,3072196.0,2323890.0
2020-11-20,0.71,1.61,0.97,0.4,3422182.0,2415066.0
2020-11-23,0.65,1.38,1.0,0.42,3607193.0,2327469.0
2020-11-24,0.64,1.43,0.93,0.38,3771784.0,2415092.0
2020-11-25,0.72,1.81,0.97,0.4,2850493.0,2039090.0
2020-11-26,,,,,,
2020-11-27,0.74,2.06,0.84,0.41,2220989.0,1632600.0
2020-11-30,0.8,1.61,1.46,0.43,3200247.0,2554065.0
2020-12-01,0.65,1.14,1.0,0.37,3462114.0,2239004.0
2020-12-02,0.68,1.34,0.91,0.41,3160501.0,2144152.0
2020-12-03,0.65,1.38,1.09,0.35,3113516.0,2019415.0
2020-12-04,0.68,1.57,0.89,0.39,3557377.0,2416036.0
2020-12-07,0.65,1.41,0.94,0.37,3076974.0,2004513.0
2020-12-08,0.65,1.35,1.0,0.38,2822794.0,1848479.0
2020-12-09,0.84,1.48,1.32,0.42,3387087.0,2836861.0
2020-12-10,0.7,1.15,1.21,0.4,2662262.0,1875650.0
2020-12-11,0.97,1.67,1.4,0.5,3124687.0,3023481.0
2020-12-14,0.81,1.59,0.89,0.42,3122380.0,2528790.0
2020-12-15,0.91,1.78,1.28,0.43,2908909.0,2651088.0
2020-12-16,0.77,1.68,0.89,0.42,2762084.0,2128762.0
2020-12-17,0.69,1.46,0.96,0.37,2986293.0,2070989.0
2020-12-18,0.75,1.46,0.94,0.46,3644829.0,2727372.0
2020-12-21,0.76,1.04,1.22,0.47,3329987.0,2530669.0
2020-12-22,0.6,1.2,1.06,0.37,2819159.0,1688098.0
2020-12-23,0.78,1.71,0.99,0.41,2726210.0,2124096.0
2020-12-24,0.8,1.42,1.19,0.54,1671871.0,1344077.0
2020-12-25,,,,,,
2020-12-28,0.72,1.18,1.16,0.44,2765205.0,1978975.0
2020-12-29,0.78,1.43,1.27,0.45,2519060.0,1969834.0
2020-12-30,0.81,1.53,1.27,0.47,2345514.0,1902066.0
2020-12-31,0.86,1.28,1.01,0.56,3109073.0,2665133.0
2021-01-01,,,,,,
2021-01-04,0.86,1.43,1.05,0.47,3682096.0,3182654.0
2021-01-05,0.73,1.16,0.86,0.45,3206371.0,2343556.0
2021-01-06,0.78,1.48,0.97,0.39,4374985.0,3414197.0
2021-01-07,0.68,1.14,1.17,0.38,3510380.0,2375903.0
2021-01-08,0.73,1.44,0.78,0.44,4194651.0,3069743.0
2021-01-11,0.79,1.73,1.01,0.41,3300290.0,2605917.0
2021-01-12,0.69,1.43,1.22,0.34,3390635.0,2349917.0
2021-01-13,0.85,1.35,1.65,0.34,3717820.0,3145358.0
2021-01-14,0.66,1.4,0.83,0.36,4227871.0,2786403.0
2021-01-15,0.8,1.47,1.21,0.45,4416093.0,3552629.0
2021-01-18,,,,,,
2021-01-19,0.69,1.22,1.23,0.37,3757762.0,2579153.0
2021-01-20,0.71,1.21,0.99,0.4,3962292.0,2821203.0
2021-01-21,0.74,1.74,1.41,0.4,3363699.0,2500491.0
2021-01-22,0.63,1.37,0.98,0.4,3870675.0,2446151.0
2021-01-25,0.72,1.63,1.27,0.38,4215516.0,3051553.0
2021-01-26,0.71,1.81,1.18,0.4,3112421.0,2221363.0
2021-01-27,0.73,1.15,1.27,0.4,5102011.0,3723903.0
2021-01-28,0.75,1.28,1.0,0.4,4222565.0,3151752.0
2021-01-29,0.93,1.33,1.22,0.58,4207511.0,3911309.0
2021-02-01,0.77,1.46,0.94,0.42,3862844.0,2973781.0
2021-02-02,0.78,1.84,0.94,0.4,3562583.0,2768004.0
2021-02-03,0.85,1.5,1.73,0.43,3258887.0,2773476.0
2021-02-04,0.73,1.32,1.31,0.41,3391815.0,2487260.0
2021-02-05,0.75,1.54,1.07,0.42,3697438.0,2782080.0
2021-02-08,0.69,1.3,1.04,0.39,3560677.0,2459423.0
2021-02-09,0.67,1.36,1.19,0.36,3591324.0,2398216.0
2021-02-10,0.75,1.52,1.13,0.37,3574883.0,2698616.0
2021-02-11,0.74,1.82,1.08,0.38,3690726.0,2733375.0
2021-02-12,0.82,1.6,1.11,0.45,4005090.0,3275628.0
2021-02-15,,,,,,
2021-02-16,0.77,1.65,0.84,0.42,4089463.0,3168996.0
2021-02-17,0.71,1.28,0.92,0.39,3852365.0,2745524.0
2021-02-18,0.82,1.39,1.12,0.51,3230663.0,2655588.0
2021-02-19,0.75,1.57,0.96,0.43,4296571.0,3202063.0
2021-02-22,0.66,1.32,0.82,0.43,3882303.0,2560016.0
2021-02-23,0.76,1.28,1.15,0.44,3637677.0,2760344.0
2021-02-24,0.7,1.39,0.91,0.35,3776156.0,2625903.0
2021-02-25,0.8,1.5,0.93,0.47,3967022.0,3192445.0
2021-02-26,0.92,1.21,1.15,0.63,3925165.0,3626302.0
2021-03-01,0.97,1.39,2.13,0.38,3097625.0,2990243.0
2021-03-02,0.77,1.64,0.98,0.44,2606155.0,2006743.0
2021-03-03,0.83,1.25,1.33,0.48,3208784.0,2660637.0
2021-03-04,0.89,1.17,1.3,0.54,4096407.0,3652745.0
2021-03-05,0.95,1.44,1.26,0.6,3858630.0,3678221.0
2021-03-08,0.79,1.24,1.11,0.46,3112151.0,2453147.0
2021-03-09,0.92,1.8,1.4,0.42,2837696.0,2622901.0
2021-03-10,0.72,1.05,1.03,0.42,3102932.0,2235369.0
2021-03-11,0.74,1.29,0.95,0.44,3297112.0,2423593.0
2021-03-12,0.77,1.37,1.07,0.44,3330427.0,2568559.0
2021-03-15,0.75,1.33,0.96,0.38,3416891.0,2575973.0
2021-03-16,0.89,1.62,1.37,0.43,3036281.0,2717121.0
2021-03-17,0.73,1.07,0.97,0.44,3087727.0,2262377.0
2021-03-18,0.75,1.2,1.05,0.47,3278445.0,2450172.0
2021-03-19,0.82,1.39,1.13,0.51,3417614.0,2817026.0
2021-03-22,0.72,1.4,0.92,0.39,2847842.0,2056791.0
2021-03-23,0.81,1.36,1.22,0.44,2805778.0,2285897.0
2021-03-24,0.89,1.47,1.13,0.57,3087163.0,2745011.0
2021-03-25,0.88,1.43,1.1,0.58,3272002.0,2870729.0
2021-03-26,0.89,1.36,1.15,0.58,3645646.0,3233570.0
2021-03-29,0.85,1.34,1.11,0.51,2920163.0,2483321.0
2021-03-30,0.77,1.51,1.0,0.48,2533935.0,1953076.0
2021-03-31,0.74,1.08,1.21,0.42,3491988.0,2599332.0
2021-04-01,0.72,1.36,0.95,0.42,3708482.0,2665873.0
2021-04-02,,,,,,
2021-04-05,0.69,1.27,0.83,0.38,3734529.0,2584350.0
2021-04-06,0.67,1.24,0.93,0.41,2850680.0,1907680.0
2021-04-07,0.8,1.41,0.97,0.47,2780476.0,2219571.0
2021-04-08,0.72,0.95,1.08,0.45,3081781.0,2220773.0
2021-04-09,0.75,1.17,0.87,0.5,3375721.0,2546976.0
2021-04-12,0.73,1.12,0.9,0.48,2908465.0,2125608.0
2021-04-13,0.69,1.24,0.86,0.44,3068390.0,2112122.0
2021-04-14,0.78,1.44,0.96,0.43,3207832.0,2505501.0
2021-04-15,0.76,1.37,0.9,0.48,3258939.0,2487986.0
2021-04-16,0.77,1.47,0.83,0.44,3743712.0,2866828.0
2021-04-19,0.84,1.42,1.2,0.45,2988276.0,2512450.0
2021-04-20,0.79,1.07,1.26,0.48,3030104.0,2408677.0
2021-04-21,0.71,1.17,0.89,0.43,2777118.0,1977942.0
2021-04-22,0.79,1.48,0.89,0.52,2940246.0,2337231.0
2021-04-23,0.8,1.25,0.88,0.55,3163082.0,2524243.0
2021-04-26,0.65,1.23,0.61,0.43,2670769.0,1746053.0
2021-04-27,0.7,1.12,0.93,0.5,2278200.0,1589172.0
2021-04-28,0.81,1.54,1.26,0.43,2577772.0,2082719.0
2021-04-29,0.71,1.17,0.92,0.47,2967602.0,2101754.0
2021-04-30,0.95,1.41,1.35,0.59,2657547.0,2534494.0
2021-05-03,0.75,1.29,0.73,0.51,2568017.0,1931113.0
2021-05-04,0.86,1.13,1.19,0.56,2922433.0,2511582.0
2021-05-05,0.88,1.64,1.24,0.46,2444214.0,2150455.0
2021-05-06,0.87,1.45,1.16,0.57,2623102.0,2294936.0
2021-05-07,0.86,1.42,0.98,0.51,3273546.0,2805639.0
2021-05-10,0.9,1.43,0.95,0.59,3072663.0,2778333.0
2021-05-11,0.99,1.23,1.52,0.57,3152264.0,3107229.0
2021-05-12,0.98,1.04,1.5,0.63,3744322.0,3660033.0
2021-05-13,1.0,1.58,1.09,0.63,2855471.0,2862963.0
2021-05-14,0.9,1.37,0.93,0.54,3404115.0,3063867.0
2021-05-17,0.92,1.54,0.98,0.55,2647420.0,2435064.0
2021-05-18,0.85,1.47,0.94,0.48,2606508.0,2209779.0
2021-05-19,1.07,1.52,1.21,0.58,2903687.0,3113736.0
2021-05-20,0.84,1.56,0.93,0.48,2794432.0,2333735.0
2021-05-21,0.85,1.7,0.9,0.53,3289311.0,2786446.0
2021-05-24,0.76,1.37,1.06,0.41,3015797.0,2297038.0
2021-05-25,0.82,1.46,1.17,0.49,2361630.0,1941400.0
2021-05-26,0.76,1.54,0.85,0.44,2933546.0,2215315.0
2021-05-27,0.71,1.32,1.07,0.41,3188857.0,2267072.0
2021-05-28,0.73,1.4,1.05,0.45,3505641.0,2571891.0
2021-05-31,,,,,,
2021-06-01,0.66,1.28,0.63,0.42,3234149.0,2144304.0
2021-06-02,0.69,1.37,1.46,0.37,3209038.0,2221416.0
2021-06-03,0.67,1.36,1.22,0.41,3320555.0,2231787.0
2021-06-04,0.84,1.82,0.97,0.44,3537566.0,2987016.0
2021-06-07,0.68,1.4,0.93,0.43,2876895.0,1967865.0
2021-06-08,0.65,1.52,0.99,0.35,3053929.0,1988447.0
2021-06-09,0.65,1.37,1.12,0.36,3308839.0,2157850.0
2021-06-10,0.78,1.38,1.18,0.43,3296426.0,2577512.0
2021-06-11,0.85,1.6,0.96,0.48,3551090.0,3006188.0
2021-06-14,0.71,1.54,1.04,0.36,3449678.0,2460194.0
2021-06-15,0.71,1.21,0.84,0.45,2844368.0,2024013.0
2021-06-16,0.97,1.85,1.0,0.55,3048773.0,2952958.0
2021-06-17,0.84,1.75,0.95,0.49,3662821.0,3086086.0
2021-06-18,0.9,1.67,1.02,0.56,4227949.0,3817544.0
2021-06-21,0.8,1.58,1.05,0.42,3314990.0,2636924.0
2021-06-22,0.78,1.61,1.05,0.47,2756993.0,2152952.0
2021-06-23,0.7,1.35,1.05,0.39,3109746.0,2164049.0
2021-06-24,0.68,1.39,1.24,0.4,3384958.0,2308357.0
2021-06-25,0.74,1.39,0.97,0.48,3655467.0,2695381.0
2021-06-28,0.76,1.59,1.31,0.42,3213925.0,2426886.0
2021-06-29,0.66,1.38,1.0,0.43,2909789.0,1916060.0
2021-06-30,0.74,1.34,1.06,0.4,3233488.0,2402718.0
2021-07-01,0.65,0.84,1.05,0.44,3584648.0,2343845.0
2021-07-02,0.78,1.3,0.99,0.51,3639390.0,2846041.0
2021-07-05,,,,,,
2021-07-06,0.89,1.53,1.24,0.51,3587137.0,3187044.0
2021-07-07,0.83,1.64,0.92,0.52,3182829.0,2655997.0
2021-07-08,0.86,1.37,0.92,0.59,3183787.0,2729592.0
2021-07-09,0.87,1.26,1.29,0.53,3342216.0,2896480.0
2021-07-12,0.88,1.73,1.02,0.49,2852547.0,2502410.0
2021-07-13,0.81,1.73,0.82,0.48,3035618.0,2470317.0
2021-07-14,0.81,1.39,1.06,0.49,3385957.0,2738765.0
2021-07-15,0.89,1.29,1.31,0.59,3218977.0,2880354.0
2021-07-16,0.98,1.53,1.08,0.69,3794487.0,3724583.0
2021-07-19,0.98,1.22,1.5,0.53,4478746.0,4379920.0
2021-07-20,0.78,1.18,1.02,0.44,3106713.0,2410294.0
2021-07-21,0.86,1.62,1.2,0.46,2643343.0,2275340.0
2021-07-22,0.87,1.43,1.23,0.57,2133943.0,1846165.0
2021-07-23,0.88,1.43,0.9,0.61,3231330.0,2848186.0
2021-07-26,0.86,1.59,0.95,0.54,2481085.0,2135332.0
2021-07-27,1.0,1.46,1.69,0.59,2312936.0,2309292.0
2021-07-28,0.8,1.42,0.99,0.52,2566075.0,2043528.0
2021-07-29,0.67,1.35,0.64,0.48,3052996.0,2049829.0
2021-07-30,0.83,1.53,0.98,0.56,3693450.0,3060593.0
2021-08-02,0.89,1.82,0.91,0.51,2691366.0,2406164.0
2021-08-03,0.76,1.35,1.27,0.47,2641497.0,2018366.0
2021-08-04,0.84,1.7,1.14,0.52,2582289.0,2164567.0
2021-08-05,0.82,1.76,1.19,0.52,2519792.0,2066188.0
2021-08-06,0.95,1.71,1.33,0.55,3008063.0,2843001.0
2021-08-09,0.86,1.57,1.2,0.49,2717720.0,2336942.0
2021-08-10,0.72,1.4,1.2,0.43,2651666.0,1920097.0
2021-08-11,0.98,1.55,1.69,0.52,2766991.0,2705068.0
2021-08-12,0.88,1.52,1.35,0.53,2852830.0,2521442.0
2021-08-13,0.93,1.84,1.01,0.57,2986071.0,2789457.0
2021-08-16,0.87,1.45,1.11,0.54,3165258.0,2756380.0
2021-08-17,0.92,1.33,1.12,0.58,3333546.0,3054778.0
2021-08-18,0.91,1.71,0.82,0.52,3221091.0,2918036.0
2021-08-19,1.04,1.61,1.32,0.61,3441593.0,3563114.0
2021-08-20,0.91,1.75,1.06,0.57,3428996.0,3111873.0
2021-08-23,0.78,1.61,0.95,0.41,3374755.0,2632296.0
2021-08-24,0.69,1.64,1.05,0.39,2835521.0,1950980.0
2021-08-25,0.8,1.75,1.08,0.42,2761194.0,2201416.0
2021-08-26,0.86,1.48,1.07,0.55,3071066.0,2642701.0
2021-08-27,0.88,1.88,0.98,0.49,3285908.0,2880452.0
2021-08-30,0.77,1.34,1.28,0.42,3248185.0,2507525.0
2021-08-31,0.89,1.65,1.33,0.46,2559854.0,2269912.0
2021-09-01,0.81,1.79,0.94,0.45,3075767.0,2494599.0
2021-09-02,0.68,1.51,0.86,0.42,3059125.0,2077757.0
2021-09-03,0.89,1.8,1.05,0.5,3045844.0,2701638.0
2021-09-06,,,,,,
2021-09-07,0.87,1.83,1.19,0.43,3073537.0,2681244.0
2021-09-08,0.86,1.57,1.19,0.42,3148116.0,2708582.0
2021-09-09,0.82,1.62,0.97,0.47,2908799.0,2371460.0
2021-09-10,0.99,1.74,1.23,0.53,3628519.0,3584149.0
2021-09-13,0.91,1.46,1.23,0.46,3665396.0,3342532.0
2021-09-14,0.9,1.17,1.54,0.55,3255757.0,2930470.0
2021-09-15,0.85,1.21,1.04,0.49,3558533.0,3031638.0
2021-09-16,0.84,1.58,0.98,0.49,2906804.0,2450635.0
2021-09-17,0.92,1.69,1.05,0.56,4095752.0,3772461.0
2021-09-20,1.08,1.65,1.25,0.54,4201777.0,4530018.0
2021-09-21,0.89,1.69,1.03,0.44,2766489.0,2449066.0
2021-09-22,0.98,1.68,1.34,0.48,2937434.0,2865626.0
2021-09-23,0.79,1.39,0.86,0.43,3544535.0,2795252.0
2021-09-24,1.0,2.01,1.09,0.57,2945032.0,2945080.0
2021-09-27,0.82,2.14,0.74,0.43,3015443.0,2458823.0
2021-09-28,1.08,1.78,1.29,0.55,3218056.0,3480280.0
2021-09-29,0.93,1.48,1.28,0.51,2865825.0,2675793.0
2021-09-30,1.07,1.5,1.31,0.58,3307446.0,3549022.0
2021-10-01,0.94,1.36,1.1,0.56,3595158.0,3366095.0
2021-10-04,0.97,1.49,1.09,0.59,3107322.0,3026483.0
2021-10-05,0.86,1.47,1.13,0.45,2732311.0,2341481.0
2021-10-06,0.99,1.22,1.63,0.48,3222831.0,3205642.0
2021-10-07,0.95,1.63,1.26,0.52,2951652.0,2810348.0
2021-10-08,1.04,2.07,1.16,0.55,2955262.0,3063617.0
2021-10-11,0.97,1.75,1.31,0.5,2760033.0,2683868.0
2021-10-12,0.8,1.62,1.2,0.41,2620863.0,2099011.0
2021-10-13,0.89,1.53,1.22,0.48,3036362.0,2715149.0
2021-10-14,0.83,1.46,1.02,0.45,3491045.0,2910609.0
2021-10-15,0.86,1.5,1.27,0.48,4269813.0,3683187.0
2021-10-18,0.76,1.55,0.86,0.42,3684235.0,2804539.0
2021-10-19,0.76,1.44,0.97,0.4,3535022.0,2684519.0
2021-10-20,0.78,1.42,0.97,0.42,3389785.0,2634432.0
2021-10-21,0.74,1.58,0.97,0.44,2865471.0,2132489.0
2021-10-22,0.83,1.36,0.93,0.53,3575434.0,2979190.0
2021-10-25,0.71,1.38,0.95,0.41,3353272.0,2388187.0
2021-10-26,0.83,1.78,1.07,0.43,3565787.0,2964587.0
2021-10-27,0.85,1.53,1.14,0.51,3283218.0,2804191.0
2021-10-28,0.66,1.39,1.35,0.36,3257351.0,2158438.0
2021-10-29,0.87,1.58,1.42,0.46,3810023.0,3301581.0
2021-11-01,0.76,1.64,1.01,0.4,3480844.0,2652211.0
2021-11-02,0.71,1.76,0.96,0.37,3116160.0,2216732.0
2021-11-03,0.69,1.26,0.98,0.39,3848329.0,2661016.0
2021-11-04,0.69,1.61,0.71,0.39,4373490.0,3001748.0
2021-11-05,0.78,1.41,0.93,0.44,4942025.0,3837842.0
2021-11-08,0.66,1.65,0.91,0.36,3863375.0,2559707.0
2021-11-09,0.73,1.42,1.0,0.44,3426782.0,2516639.0
2021-11-10,0.87,1.49,1.13,0.48,3833102.0,3329858.0
2021-11-11,0.73,1.34,1.25,0.44,2881679.0,2115218.0
2021-11-12,0.75,1.46,0.66,0.47,4085806.0,3060696.0
2021-11-15,0.78,1.71,0.85,0.42,3338486.0,2619735.0
2021-11-16,0.79,1.57,0.95,0.44,3301077.0,2603111.0
2021-11-17,0.8,1.34,1.26,0.45,3401366.0,2711969.0
2021-11-18,0.7,1.33,0.95,0.45,3981689.0,2767526.0
2021-11-19,0.76,1.88,1.06,0.42,4648861.0,3546218.0
2021-11-22,0.77,1.52,1.11,0.4,4402175.0,3401098.0
2021-11-23,0.84,1.46,1.04,0.53,3386582.0,2833817.0
2021-11-24,0.9,1.78,1.05,0.5,2997855.0,2699559.0
2021-11-25,,,,,,
2021-11-26,0.92,1.17,1.07,0.56,3724103.0,3415312.0
2021-11-29,0.87,1.61,1.02,0.42,3570187.0,3119033.0
2021-11-30,0.94,1.54,1.21,0.48,3999621.0,3756239.0
2021-12-01,0.99,1.43,1.39,0.52,4181956.0,4134656.0
2021-12-02,1.08,1.89,1.27,0.62,3059421.0,3318319.0
2021-12-03,1.15,1.43,1.4,0.74,4373547.0,5022231.0
2021-12-06,1.01,1.53,1.17,0.54,3360275.0,3406913.0
2021-12-07,0.95,1.68,1.13,0.43,3407123.0,3226652.0
2021-12-08,0.88,1.48,1.18,0.45,2983863.0,2640005.0
2021-12-09,0.91,1.58,1.26,0.53,2735920.0,2477019.0
2021-12-10,1.08,2.04,1.2,0.61,3107427.0,3343485.0
2021-12-13,0.98,1.89,1.0,0.56,2899718.0,2835004.0
2021-12-14,0.97,1.41,1.19,0.6,2676584.0,2596354.0
2021-12-15,0.92,1.4,0.91,0.59,3320113.0,3066740.0
2021-12-16,0.86,1.31,0.95,0.55,3457172.0,2960354.0
2021-12-17,0.87,1.18,1.1,0.59,3917044.0,3402106.0
2021-12-20,0.85,1.32,0.98,0.47,3445029.0,2911883.0
2021-12-21,0.87,1.59,0.96,0.49,3329846.0,2904050.0
2021-12-22,0.82,1.25,1.11,0.47,3056639.0,2500534.0
2021-12-23,0.79,1.36,1.01,0.49,3445239.0,2738027.0
2021-12-24,,,,,,
2021-12-27,0.79,1.22,1.04,0.45,3175904.0,2502320.0
2021-12-28,0.73,1.34,0.78,0.46,2802598.0,2047646.0
2021-12-29,0.92,1.35,1.26,0.55,2532652.0,2331989.0
2021-12-30,0.83,1.27,1.32,0.49,2918548.0,2435293.0
2021-12-31,0.81,1.29,0.81,0.55,3288021.0,2651121.0
2022-01-03,0.76,1.44,0.95,0.43,3278340.0,2491539.0
2022-01-04,0.8,1.5,1.11,0.47,3039708.0,2426611.0
2022-01-05,1.05,1.85,1.21,0.57,3364418.0,3524453.0
2022-01-06,0.97,1.52,1.26,0.6,2756291.0,2668750.0
2022-01-07,0.95,1.54,1.17,0.59,3039551.0,2882210.0
2022-01-10,1.0,1.49,1.15,0.56,3356592.0,3362661.0
2022-01-11,0.76,1.32,0.88,0.44,2872274.0,2194512.0
2022-01-12,0.83,1.3,0.85,0.49,3119836.0,2586209.0
2022-01-13,0.96,1.49,1.34,0.6,2885189.0,2776912.0
2022-01-14,1.09,1.67,1.34,0.64,3027317.0,3291764.0
2022-01-17,,,,,,
2022-01-18,1.0,1.4,1.29,0.52,3471703.0,3461250.0
2022-01-19,0.91,1.32,1.05,0.55,3397111.0,3106440.0
2022-01-20,0.99,1.41,1.25,0.62,3485820.0,3461849.0
2022-01-21,1.26,1.63,1.53,0.82,4619679.0,5835060.0
2022-01-24,1.17,1.58,1.25,0.67,4880951.0,5711288.0
2022-01-25,0.89,1.19,0.79,0.61,3501516.0,3104235.0
2022-01-26,1.0,1.65,1.01,0.56,3660524.0,3668840.0
2022-01-27,1.06,1.59,1.23,0.7,3054959.0,3252356.0
2022-01-28,1.03,1.19,1.39,0.72,3881007.0,3997351.0
2022-01-31,1.06,1.59,1.33,0.53,3291780.0,3479073.0
2022-02-01,0.95,1.44,1.19,0.53,2754570.0,2607552.0
2022-02-02,0.97,1.47,1.23,0.52,3006168.0,2924853.0
2022-02-03,1.09,1.43,1.43,0.75,2599817.0,2845982.0
2022-02-04,0.95,1.28,1.25,0.61,3274837.0,3108617.0
2022-02-07,0.93,1.38,1.12,0.53,2760270.0,2571231.0
2022-02-08,0.99,1.65,1.13,0.58,2539303.0,2515572.0
2022-02-09,0.91,1.53,1.25,0.44,3441652.0,3135707.0
2022-02-10,0.88,1.26,1.29,0.49,3516474.0,3110443.0
2022-02-11,1.12,1.51,1.49,0.64,3799606.0,4270689.0
2022-02-14,1.09,1.22,1.61,0.66,3141496.0,3426175.0
2022-02-15,0.93,1.21,1.37,0.5,2820520.0,2609570.0
2022-02-16,0.96,1.1,1.55,0.59,2920361.0,2811246.0
2022-02-17,1.04,1.42,1.2,0.68,2900068.0,3028941.0
2022-02-18,1.12,1.45,1.49,0.73,3379054.0,3784607.0
2022-02-21,,,,,,
2022-02-22,0.99,1.27,1.36,0.55,3117730.0,3097753.0
2022-02-23,0.96,1.08,1.2,0.66,3288558.0,3143465.0
2022-02-24,1.03,1.32,1.27,0.67,3838309.0,3962661.0
2022-02-25,0.97,1.32,1.28,0.57,3888013.0,3773855.0
2022-02-28,0.95,1.38,1.2,0.49,3068931.0,2901451.0
2022-03-01,0.89,1.29,1.19,0.5,3167546.0,2831412.0
2022-03-02,0.95,1.34,1.24,0.55,2974210.0,2824342.0
2022-03-03,0.94,1.22,1.36,0.59,2853859.0,2674066.0
2022-03-04,0.95,1.21,1.12,0.67,3598570.0,3433611.0
2022-03-07,0.92,1.36,1.03,0.57,3612087.0,3325164.0
2022-03-08,0.96,1.37,1.3,0.52,3478650.0,3335797.0
2022-03-09,1.14,1.67,1.56,0.54,2841017.0,3231024.0
2022-03-10,0.94,1.17,1.27,0.6,2605391.0,2452251.0
2022-03-11,1.05,1.44,1.27,0.66,3032693.0,3192805.0
2022-03-14,1.0,1.16,1.37,0.63,3288232.0,3291619.0
2022-03-15,1.06,1.39,1.3,0.7,2541619.0,2706579.0
2022-03-16,1.01,1.5,1.19,0.56,3335329.0,3382396.0
2022-03-17,0.91,1.33,1.07,0.56,3081116.0,2813963.0
2022-03-18,0.78,1.07,1.14,0.45,4378445.0,3413251.0
2022-03-21,0.83,1.3,1.0,0.46,3338930.0,2784561.0
2022-03-22,0.93,1.27,1.53,0.49,2942961.0,2728833.0
2022-03-23,0.85,1.23,1.27,0.48,3088098.0,2638770.0
2022-03-24,0.84,1.54,1.1,0.47,2712293.0,2272349.0
2022-03-25,0.87,1.21,1.22,0.5,3649696.0,3168323.0
2022-03-28,0.9,1.47,1.18,0.45,2988495.0,2702054.0
2022-03-29,0.93,1.65,1.26,0.41,3485996.0,3241238.0
2022-03-30,0.86,1.47,1.16,0.42,3193650.0,2754129.0
2022-03-31,1.0,1.44,1.24,0.55,2936751.0,2944980.0
2022-04-01,1.02,1.61,1.24,0.59,3110290.0,3175663.0
2022-04-04,0.81,1.23,1.01,0.48,2985024.0,2421089.0
2022-04-05,0.95,1.47,1.14,0.58,2594062.0,2463670.0
2022-04-06,0.94,1.01,1.42,0.6,3571460.0,3347867.0
2022-04-07,0.88,1.2,1.2,0.6,2684033.0,2373790.0
2022-04-08,0.95,1.45,1.17,0.57,2894295.0,2752120.0
2022-04-11,1.01,1.38,1.38,0.55,2762475.0,2782410.0
2022-04-12,0.94,1.52,1.06,0.52,2730429.0,2572568.0
2022-04-13,0.91,1.28,1.16,0.51,2946418.0,2686150.0
2022-04-14,0.9,1.34,1.23,0.5,3292799.0,2966338.0
2022-04-15,,,,,,
2022-04-18,0.95,1.47,1.34,0.45,2818144.0,2672438.0
2022-04-19,0.96,1.28,1.47,0.51,2487195.0,2380595.0
2022-04-20,0.95,1.22,1.23,0.61,2728775.0,2593041.0
2022-04-21,1.11,1.45,1.47,0.72,2919377.0,3236171.0
2022-04-22,1.3,1.61,1.48,0.87,3294506.0,4275974.0
2022-04-25,1.16,1.36,1.63,0.63,3371365.0,3919062.0
2022-04-26,1.07,1.31,1.22,0.72,2959686.0,3173030.0
2022-04-27,1.16,1.52,1.32,0.68,2877802.0,3331201.0
2022-04-28,1.16,1.69,1.46,0.71,2670085.0,3093674.0
2022-04-29,1.33,1.79,1.55,0.78,3094497.0,4114738.0
2022-05-02,1.22,1.52,1.48,0.65,3122247.0,3798570.0
2022-05-03,1.05,1.53,1.22,0.54,2455834.0,2588027.0
2022-05-04,1.05,1.41,1.33,0.58,2974305.0,3126142.0
2022-05-05,1.14,1.72,1.26,0.63,3015090.0,3423463.0
2022-05-06,1.15,1.51,1.33,0.72,3170341.0,3642237.0
2022-05-09,1.27,1.69,1.36,0.78,3164764.0,4025820.0
2022-05-10,1.0,1.21,1.15,0.68,3177617.0,3166769.0
2022-05-11,1.16,1.32,1.42,0.82,3111350.0,3600366.0
2022-05-12,1.23,1.52,1.56,0.81,3199089.0,3927700.0
2022-05-13,0.99,1.17,1.32,0.66,3746924.0,3704028.0
2022-05-16,0.92,1.17,0.93,0.64,3115657.0,2859429.0
2022-05-17,1.02,1.15,1.44,0.69,3007054.0,3070666.0
2022-05-18,1.19,1.36,1.42,0.83,3410957.0,4069943.0
2022-05-19,1.21,1.46,1.44,0.8,3137786.0,3794193.0
2022-05-20,1.17,1.47,1.35,0.8,4000043.0,4693572.0
2022-05-23,0.95,1.31,1.07,0.59,3069556.0,2929309.0
2022-05-24,1.01,1.17,1.17,0.77,2659481.0,2698798.0
2022-05-25,0.89,1.15,0.93,0.63,2803825.0,2508001.0
2022-05-26,0.93,1.14,1.18,0.63,3499866.0,3237849.0
2022-05-27,0.9,1.19,1.18,0.49,3924173.0,3515571.0
2022-05-30,,,,,,
2022-05-31,0.96,1.16,1.1,0.64,3246878.0,3102900.0
2022-06-01,1.05,1.41,1.03,0.67,2856477.0,2985468.0
2022-06-02,0.93,1.11,1.27,0.62,2903709.0,2713046.0
2022-06-03,1.05,1.38,1.02,0.77,2752544.0,2883147.0
2022-06-06,1.02,1.4,1.28,0.6,2583535.0,2643448.0
2022-06-07,0.99,1.29,1.22,0.59,2572549.0,2550421.0
2022-06-08,0.92,1.26,0.97,0.57,2961724.0,2725165.0
2022-06-09,1.05,1.43,1.06,0.69,2807837.0,2958911.0
2022-06-10,1.28,1.58,1.37,0.89,3741180.0,4804947.0
2022-06-13,1.3,1.31,1.97,0.84,3965112.0,5165768.0
2022-06-14,1.13,1.2,1.41,0.83,3114436.0,3532758.0
2022-06-15,1.03,1.17,1.24,0.7,3149135.0,3243533.0
2022-06-16,1.24,1.5,1.31,0.86,3384592.0,4207589.0
2022-06-17,1.13,1.09,1.9,0.72,3736919.0,4205211.0
2022-06-20,,,,,,
2022-06-21,0.85,1.15,1.04,0.48,3160541.0,2694868.0
2022-06-22,1.04,1.35,1.14,0.63,2909803.0,3020776.0
2022-06-23,0.94,1.24,1.0,0.67,2867033.0,2705569.0
2022-06-24,0.86,1.22,0.96,0.51,4018165.0,3463869.0
2022-06-27,0.95,1.25,0.96,0.62,2526283.0,2409570.0
2022-06-28,0.99,1.29,0.97,0.66,3011135.0,2987696.0
2022-06-29,1.24,1.22,1.92,0.78,2503470.0,3097473.0
2022-06-30,0.96,0.91,1.35,0.74,3610635.0,3454484.0
2022-07-01,0.96,1.23,0.95,0.69,3029795.0,2905475.0
2022-07-04,,,,,,
2022-07-05,0.9,1.12,0.94,0.62,3088655.0,2792291.0
2022-07-06,0.87,0.91,1.1,0.65,2826080.0,2458016.0
2022-07-07,0.81,0.91,1.12,0.57,3245959.0,2639536.0
2022-07-08,0.92,1.27,1.04,0.56,3142437.0,2899507.0
2022-07-11,0.91,1.17,0.9,0.64,2636551.0,2410311.0
2022-07-12,0.97,1.15,1.05,0.68,2519306.0,2436556.0
2022-07-13,1.04,1.07,1.41,0.73,2951854.0,3070105.0
2022-07-14,0.94,0.9,1.36,0.75,3495256.0,3287999.0
2022-07-15,0.88,1.01,1.23,0.59,3622175.0,3179104.0
2022-07-18,0.99,1.41,1.28,0.54,3204046.0,3167125.0
2022-07-19,0.96,1.09,1.37,0.59,3165186.0,3038878.0
2022-07-20,0.96,1.23,1.07,0.62,3364279.0,3239051.0
2022-07-21,0.96,1.22,1.18,0.63,3026595.0,2893506.0
2022-07-22,1.08,1.34,1.37,0.73,3324248.0,3604570.0
2022-07-25,1.01,1.25,1.17,0.7,2417825.0,2450492.0
2022-07-26,1.0,1.26,1.04,0.76,2502886.0,2501785.0
2022-07-27,1.05,1.17,1.51,0.66,3185922.0,3345775.0
2022-07-28,0.94,1.2,1.02,0.67,3549868.0,3353929.0
2022-07-29,0.99,1.22,1.38,0.61,4112554.0,4052205.0
2022-08-01,1.02,1.27,1.37,0.67,3233110.0,3309226.0
2022-08-02,0.99,1.26,1.49,0.57,3117361.0,3079938.0
2022-08-03,0.89,1.09,1.29,0.56,3430650.0,3061372.0
2022-08-04,0.86,1.21,1.17,0.55,3151940.0,2706343.0
2022-08-05,0.86,1.04,1.18,0.58,3890002.0,3334837.0
2022-08-08,0.99,1.32,1.39,0.56,3272084.0,3225495.0
2022-08-09,0.95,1.16,1.11,0.7,2585895.0,2444692.0
2022-08-10,0.97,1.21,1.3,0.58,3557618.0,3441971.0
2022-08-11,0.92,1.22,1.35,0.51,3602575.0,3329024.0
2022-08-12,0.94,1.33,1.27,0.5,3794696.0,3552030.0
2022-08-15,0.9,1.09,1.2,0.57,3503563.0,3148125.0
2022-08-16,0.85,0.98,1.39,0.53,3877006.0,3285334.0
2022-08-17,0.91,1.07,1.17,0.61,3642261.0,3330518.0
2022-08-18,0.92,1.14,1.39,0.58,3060411.0,2817923.0
2022-08-19,1.01,1.3,1.2,0.74,3792452.0,3829801.0
2022-08-22,1.08,1.39,1.42,0.65,3315758.0,3572030.0
2022-08-23,0.98,1.16,1.33,0.65,2579414.0,2538046.0
2022-08-24,0.91,1.2,0.96,0.63,2742139.0,2485703.0
2022-08-25,0.89,1.09,1.26,0.59,3041736.0,2718111.0
2022-08-26,1.1,1.39,1.17,0.76,3797567.0,4164882.0
2022-08-29,1.22,1.56,1.46,0.74,2975638.0,3617954.0
2022-08-30,1.2,1.33,1.56,0.8,3054082.0,3659910.0
2022-08-31,1.11,1.32,1.24,0.78,3024467.0,3359112.0
2022-09-01,1.03,0.98,1.41,0.84,3826052.0,3928733.0
2022-09-02,1.13,1.34,1.22,0.81,3664912.0,4152952.0
2022-09-05,,,,,,
2022-09-06,1.13,1.32,1.39,0.72,2939070.0,3325986.0
2022-09-07,1.0,1.09,1.25,0.75,3467962.0,3457218.0
2022-09-08,0.97,1.07,1.3,0.65,3321945.0,3211895.0
2022-09-09,0.93,1.17,1.39,0.52,4039360.0,3776048.0
2022-09-12,1.05,1.41,1.21,0.57,3329306.0,3489117.0
2022-09-13,1.15,1.34,1.46,0.73,3718681.0,4271004.0
2022-09-14,1.08,1.17,1.48,0.75,3421832.0,3709296.0
2022-09-15,1.07,1.31,1.27,0.73,3376254.0,3617264.0
2022-09-16,1.17,1.22,1.72,0.81,3817145.0,4476684.0
2022-09-19,0.88,1.06,1.21,0.54,3475503.0,3071251.0
2022-09-20,0.98,1.05,1.3,0.67,3192955.0,3117029.0
2022-09-21,1.05,1.26,1.19,0.71,3299840.0,3463127.0
2022-09-22,1.16,1.38,1.27,0.83,3791024.0,4385568.0
2022-09-23,1.36,1.43,1.67,1.02,4579222.0,6207221.0
2022-09-26,0.97,0.88,1.41,0.8,4041699.0,3904663.0
2022-09-27,1.15,1.37,1.09,0.78,3466541.0,3974910.0
2022-09-28,1.09,1.31,1.09,0.75,3528959.0,3837825.0
2022-09-29,1.12,1.19,1.26,0.91,3510852.0,3941856.0
2022-09-30,1.12,1.35,1.15,0.77,3998828.0,4475916.0
2022-10-03,0.96,1.01,1.21,0.71,3579387.0,3452472.0
2022-10-04,0.99,1.15,1.13,0.64,3726209.0,3692455.0
2022-10-05,0.89,0.88,1.14,0.72,3468135.0,3102579.0
2022-10-06,0.91,0.98,1.04,0.71,3365369.0,3050186.0
2022-10-07,1.04,1.09,1.14,0.88,4194810.0,4347165.0
2022-10-10,1.05,1.12,1.44,0.65,3335178.0,3498765.0
2022-10-11,0.97,0.97,1.2,0.77,3648115.0,3525283.0
2022-10-12,1.02,1.19,1.03,0.74,2858155.0,2926445.0
2022-10-13,0.9,0.99,0.98,0.66,5152008.0,4630971.0
2022-10-14,0.91,0.99,1.16,0.63,4504947.0,4119487.0
2022-10-17,0.97,1.16,1.08,0.61,3477218.0,3365634.0
2022-10-18,0.96,1.07,1.1,0.66,4017329.0,3853200.0
2022-10-19,1.02,1.18,1.1,0.74,3486513.0,3573651.0
2022-10-20,1.05,1.27,1.21,0.7,3847027.0,4030507.0
2022-10-21,0.92,1.14,1.09,0.58,4760153.0,4378930.0
2022-10-24,0.92,1.24,1.02,0.55,3758915.0,3440476.0
2022-10-25,0.9,1.07,1.03,0.62,3668412.0,3311305.0
2022-10-26,0.94,1.15,1.03,0.65,4276554.0,4002157.0
2022-10-27,1.08,1.2,1.3,0.85,3628248.0,3909534.0
2022-10-28,0.93,1.01,1.23,0.66,4517823.0,4182269.0
2022-10-31,0.94,1.08,1.15,0.61,3492002.0,3268514.0
2022-11-01,0.95,1.13,1.18,0.63,3155377.0,2986657.0
2022-11-02,1.18,1.23,1.19,1.14,3523552.0,4173134.0
2022-11-03,1.06,1.28,1.33,0.69,3625934.0,3851500.0
2022-11-04,1.02,1.33,0.96,0.74,4568238.0,4637143.0
2022-11-07,0.88,1.04,0.94,0.67,3354566.0,2948507.0
2022-11-08,1.15,1.11,1.03,1.3,4036886.0,4643642.0
2022-11-09,1.01,0.99,1.12,0.96,3886163.0,3933128.0
2022-11-10,0.88,1.11,0.94,0.6,5353032.0,4687818.0
2022-11-11,0.75,0.92,0.83,0.55,6039392.0,4512318.0
2022-11-14,0.88,0.99,1.13,0.61,4326222.0,3790183.0
2022-11-15,0.84,1.03,0.95,0.58,5116273.0,4300612.0
2022-11-16,1.22,1.07,1.34,1.33,3341719.0,4064623.0
2022-11-17,0.97,1.15,1.05,0.73,3947607.0,3821342.0
2022-11-18,0.87,1.24,0.91,0.61,4217561.0,3676734.0
2022-11-21,0.86,1.11,1.04,0.64,3680966.0,3173840.0
2022-11-22,1.17,1.05,1.07,1.35,3502679.0,4081571.0
2022-11-23,1.07,1.14,1.2,0.88,3651092.0,3898767.0
2022-11-24,,,,,,
2022-11-25,0.94,1.27,1.0,0.63,1881784.0,1762090.0
2022-11-28,1.05,1.28,1.1,0.76,3273444.0,3422749.0
2022-11-29,1.03,1.35,1.0,0.72,3070059.0,3172403.0
2022-11-30,1.2,1.14,1.18,1.27,4335120.0,5184281.0
2022-12-01,0.96,1.14,0.94,0.81,4219313.0,4051734.0
2022-12-02,0.84,1.11,0.83,0.58,4325503.0,3652876.0
2022-12-05,0.93,1.18,0.97,0.66,3996856.0,3736662.0
2022-12-06,1.04,1.28,1.05,0.73,3902927.0,4065914.0
2022-12-07,1.22,1.2,0.97,1.46,3107372.0,3802031.0
2022-12-08,0.92,1.19,0.83,0.68,3132654.0,2884815.0
2022-12-09,1.15,1.32,1.18,0.95,3363281.0,3855933.0
2022-12-12,1.01,1.21,1.15,0.64,3355834.0,3400536.0
2022-12-13,0.93,1.08,0.92,0.7,4470720.0,4146554.0
2022-12-14,1.26,1.21,1.24,1.33,3873614.0,4867780.0
2022-12-15,1.15,1.4,1.27,0.73,4125750.0,4748513.0
2022-12-16,1.28,1.29,1.4,1.19,4073631.0,5220147.0
2022-12-19,0.98,1.3,1.12,0.62,3612806.0,3551807.0
2022-12-20,0.97,1.03,1.1,0.78,3516934.0,3408825.0
2022-12-21,1.5,1.01,1.76,2.03,3425183.0,5140421.0
2022-12-22,1.27,1.17,1.34,1.35,3758748.0,4778409.0
2022-12-23,1.01,1.19,1.05,0.77,3054513.0,3079972.0
2022-12-26,,,,,,
2022-12-27,1.0,1.11,1.1,0.82,2629608.0,2619512.0
2022-12-28,1.91,1.24,2.29,2.4,3165217.0,6032891.0
2022-12-29,1.25,1.12,1.31,1.33,3417680.0,4277677.0
2022-12-30,1.19,1.43,1.21,0.84,3216799.0,3815263.0
2023-01-02,,,,,,
2023-01-03,0.99,1.24,1.1,0.63,3439244.0,3394804.0
2023-01-04,1.12,1.32,1.34,0.76,3660915.0,4102800.0
2023-01-05,1.02,1.15,1.05,0.86,3214420.0,3287037.0
2023-01-06,0.99,1.01,1.09,0.91,4734301.0,4695116.0
2023-01-09,0.89,1.09,1.03,0.58,4382638.0,3879389.0
2023-01-10,0.98,1.15,1.15,0.64,3300483.0,3219599.0
2023-01-11,0.96,1.02,1.33,0.7,4185211.0,4030172.0
2023-01-12,0.96,1.18,1.03,0.65,4297630.0,4143635.0
2023-01-13,0.93,1.07,1.13,0.69,4431300.0,4132435.0
2023-01-16,,,,,,
2023-01-17,0.97,1.27,1.12,0.59,3791365.0,3676384.0
2023-01-18,1.22,1.08,1.37,1.31,4281193.0,5231049.0
2023-01-19,0.99,1.05,1.2,0.76,3909564.0,3873910.0
2023-01-20,0.85,1.12,1.05,0.54,4334744.0,3675409.0
2023-01-23,0.87,1.2,0.95,0.53,4820503.0,4191064.0
2023-01-24,1.03,1.24,1.2,0.68,3110391.0,3199343.0
2023-01-25,0.99,1.08,1.14,0.75,3906766.0,3871519.0
2023-01-26,0.89,1.0,0.99,0.68,3951986.0,3512350.0
2023-01-27,0.84,1.23,1.02,0.51,5348947.0,4505859.0
2023-01-30,0.91,1.16,1.06,0.56,3490388.0,3183236.0
2023-01-31,0.92,1.03,1.13,0.66,3550678.0,3281878.0
2023-02-01,0.9,1.04,1.11,0.59,3968476.0,3577337.0
2023-02-02,0.8,0.91,1.17,0.49,6182810.0,4934721.0
2023-02-03,0.91,1.12,1.21,0.57,4958659.0,4498617.0
2023-02-06,0.85,0.87,1.0,0.71,3974133.0,3359388.0
2023-02-07,0.91,1.08,1.08,0.6,3810737.0,3486485.0
2023-02-08,0.9,1.14,0.94,0.63,3710536.0,3351056.0
2023-02-09,0.88,1.01,1.05,0.63,4186221.0,3670385.0
2023-02-10,1.03,1.17,1.32,0.69,3780857.0,3878953.0
2023-02-13,0.92,1.05,1.13,0.6,3622961.0,3331834.0
2023-02-14,0.96,1.05,1.19,0.61,4001678.0,3826467.0
2023-02-15,0.93,1.08,1.22,0.58,3779178.0,3508236.0
2023-02-16,0.89,1.0,1.08,0.6,4346237.0,3879149.0
2023-02-17,1.03,1.4,1.07,0.67,3896377.0,4010931.0
2023-02-20,,,,,,
2023-02-21,0.98,1.12,1.15,0.68,3718536.0,3650654.0
2023-02-22,1.13,1.41,1.2,0.8,3032513.0,3429854.0
2023-02-23,1.04,1.19,1.18,0.76,3684371.0,3826903.0
2023-02-24,1.11,1.23,1.25,0.82,3729848.0,4126318.0
2023-02-27,1.04,1.31,1.09,0.66,3184993.0,3297576.0
2023-02-28,1.02,1.21,1.14,0.69,3180663.0,3235835.0
2023-03-01,1.13,1.24,1.16,0.97,3219231.0,3650029.0
2023-03-02,1.09,1.21,1.23,0.81,3276139.0,3558541.0
2023-03-03,0.91,1.02,1.21,0.59,4043046.0,3686979.0
2023-03-06,1.0,1.13,1.16,0.67,3312477.0,3296021.0
2023-03-07,0.87,0.8,1.21,0.74,3818873.0,3326861.0
2023-03-08,0.99,1.06,1.15,0.73,3071907.0,3039394.0
2023-03-09,1.04,1.08,1.2,0.81,4305822.0,4474341.0
2023-03-10,1.23,1.11,1.7,1.11,5469530.0,6708448.0
2023-03-13,1.02,1.05,1.3,0.76,4572786.0,4681415.0
2023-03-14,1.07,1.14,1.37,0.75,4122683.0,4430931.0
2023-03-15,1.0,0.97,1.35,0.8,4403934.0,4390470.0
2023-03-16,0.98,1.12,1.15,0.66,4614404.0,4506332.0
2023-03-17,0.98,1.18,1.14,0.65,4410498.0,4300938.0
2023-03-20,0.8,0.94,0.98,0.5,4161156.0,3331764.0
2023-03-21,1.03,1.23,1.18,0.62,3831845.0,3933960.0
2023-03-22,0.92,1.0,1.15,0.63,3902657.0,3583974.0
2023-03-23,1.12,1.27,1.35,0.77,3781807.0,4249071.0
2023-03-24,1.1,1.25,1.38,0.73,3490430.0,3853749.0
2023-03-27,0.94,1.15,0.97,0.67,3215180.0,3016584.0
2023-03-28,1.09,1.27,1.22,0.74,2857470.0,3102939.0
2023-03-29,0.98,0.99,1.49,0.64,3450557.0,3386289.0
2023-03-30,0.95,1.08,1.11,0.66,3567974.0,3384978.0
2023-03-31,1.04,1.12,1.46,0.59,4599471.0,4764977.0
2023-04-03,0.94,1.02,1.28,0.61,3666732.0,3447396.0
2023-04-04,1.11,1.11,1.52,0.77,3399723.0,3788046.0
2023-04-05,1.0,1.14,1.27,0.66,3183064.0,3191877.0
2023-04-06,1.0,1.12,1.24,0.69,3456362.0,3443201.0
2023-04-07,,,,,,
2023-04-10,1.06,1.33,1.23,0.63,2884302.0,3044138.0
2023-04-11,1.02,1.26,1.3,0.56,3139815.0,3200424.0
2023-04-12,1.0,1.06,1.24,0.7,3568658.0,3570353.0
2023-04-13,0.92,0.99,1.16,0.62,3996839.0,3670266.0
2023-04-14,0.91,1.01,1.07,0.65,4209463.0,3838586.0
2023-04-17,1.02,1.28,1.03,0.65,3302299.0,3369763.0
2023-04-18,0.92,1.02,1.06,0.64,3842348.0,3542579.0
2023-04-19,1.02,1.07,1.3,0.8,3960870.0,4043174.0
2023-04-20,0.99,1.07,1.21,0.74,4111349.0,4072016.0
2023-04-21,0.89,1.03,1.16,0.61,4024688.0,3581876.0
2023-04-24,0.87,1.07,1.01,0.57,3477765.0,3036370.0
2023-04-25,1.01,1.07,1.02,0.9,3986610.0,4042565.0
2023-04-26,1.07,1.09,1.31,0.87,3470424.0,3698665.0
2023-04-27,1.01,1.12,1.28,0.7,4060000.0,4087109.0
2023-04-28,0.98,1.06,1.17,0.76,4279617.0,4213248.0
2023-05-01,0.98,1.12,1.14,0.7,3440454.0,3361239.0
2023-05-02,1.02,1.05,1.22,0.78,4179608.0,4268184.0
2023-05-03,1.11,1.31,1.38,0.75,3111150.0,3468700.0
2023-05-04,0.91,0.82,1.31,0.82,4757996.0,4321243.0
2023-05-05,0.95,1.11,1.1,0.69,4451633.0,4245890.0
2023-05-08,1.04,1.25,1.27,0.73,3188671.0,3328652.0
2023-05-09,0.93,1.07,1.16,0.67,3119660.0,2908742.0
2023-05-10,0.96,1.04,1.16,0.68,4356055.0,4178884.0
2023-05-11,0.9,1.01,1.07,0.67,3857549.0,3486480.0
2023-05-12,0.92,1.12,0.94,0.7,4413058.0,4057328.0
2023-05-15,0.94,1.17,1.08,0.56,3555627.0,3326751.0
2023-05-16,0.94,1.0,1.23,0.68,3710335.0,3474331.0
2023-05-17,0.99,1.1,1.26,0.68,4409283.0,4380070.0
2023-05-18,0.82,0.82,1.09,0.65,5204153.0,4281616.0
2023-05-19,0.9,1.07,1.2,0.56,4722222.0,4251146.0
2023-05-22,0.82,0.89,1.24,0.54,4107176.0,3387629.0
2023-05-23,1.0,1.18,1.27,0.59,3693148.0,3682052.0
2023-05-24,1.06,1.22,1.12,0.77,3671664.0,3876758.0
2023-05-25,0.9,1.22,1.01,0.56,3760584.0,3402633.0
2023-05-26,0.88,1.14,1.1,0.53,4305215.0,3800611.0
2023-05-29,,,,,,
2023-05-30,0.9,1.1,1.26,0.51,3893888.0,3489007.0
2023-05-31,1.06,1.19,1.28,0.81,3606675.0,3807398.0
2023-06-01,0.88,1.0,1.13,0.58,4771437.0,4187289.0
2023-06-02,0.76,0.79,1.06,0.52,6160499.0,4686169.0
2023-06-05,0.97,1.11,1.42,0.57,3971157.0,3836975.0
2023-06-06,0.93,1.15,1.15,0.55,4296861.0,3996798.0
2023-06-07,0.9,1.13,1.09,0.59,4976919.0,4466453.0
2023-06-08,0.87,0.95,1.24,0.58,4639979.0,4023376.0
2023-06-09,0.84,1.12,1.01,0.5,5059093.0,4266146.0
2023-06-12,0.88,1.06,1.17,0.52,4558197.0,4027234.0
2023-06-13,0.82,0.97,1.02,0.56,5397031.0,4408043.0
2023-06-14,1.01,0.96,1.61,0.74,4859030.0,4893317.0
2023-06-15,0.88,1.02,1.22,0.52,5601671.0,4953319.0
2023-06-16,0.82,1.24,0.92,0.46,5619952.0,4605867.0
2023-06-19,,,,,,
2023-06-20,0.84,1.05,1.02,0.5,5036915.0,4230021.0
2023-06-21,0.91,1.12,1.16,0.53,4241162.0,3852994.0
2023-06-22,0.83,0.92,1.01,0.64,4192179.0,3490513.0
2023-06-23,0.89,1.04,1.11,0.64,4243931.0,3776666.0
2023-06-26,0.9,1.13,1.07,0.55,3753512.0,3365890.0
2023-06-27,0.92,1.08,1.34,0.52,3914564.0,3609320.0
2023-06-28,0.84,0.92,1.1,0.59,4032409.0,3379518.0
2023-06-29,0.87,1.08,1.03,0.58,3760495.0,3259580.0
2023-06-30,0.88,1.11,1.04,0.53,5448447.0,4820506.0
2023-07-03,0.84,1.31,1.02,0.52,2217399.0,1869145.0
2023-07-04,,,,,,
2023-07-05,0.95,1.26,1.25,0.58,3495412.0,3325689.0
2023-07-06,0.93,1.05,1.25,0.57,4503522.0,4205881.0
2023-07-07,0.83,1.05,0.99,0.52,4578447.0,3807214.0
2023-07-10,0.86,1.15,1.06,0.51,3583536.0,3099696.0
2023-07-11,0.74,1.04,0.93,0.39,4498091.0,3308226.0
2023-07-12,0.86,1.01,1.13,0.52,5026014.0,4297600.0
2023-07-13,0.83,1.23,0.93,0.48,4818480.0,3977306.0
2023-07-14,0.84,1.24,1.06,0.48,5105467.0,4263089.0
2023-07-17,0.84,1.15,0.99,0.56,4511956.0,3792925.0
2023-07-18,0.78,1.01,1.02,0.5,5585485.0,4359672.0
2023-07-19,0.83,1.13,0.9,0.48,5287814.0,4376461.0
2023-07-20,0.87,1.09,1.06,0.61,5460957.0,4748460.0
2023-07-21,0.85,1.18,1.09,0.56,4745633.0,4027776.0
2023-07-24,0.82,1.03,1.19,0.5,4075413.0,3340982.0
2023-07-25,0.87,1.11,1.09,0.58,3707133.0,3235097.0
2023-07-26,0.96,1.44,1.09,0.55,3670482.0,3506391.0
2023-07-27,0.96,1.29,1.11,0.56,5254373.0,5031368.0
2023-07-28,0.92,1.1,1.1,0.71,4899596.0,4516154.0
2023-07-31,0.9,1.22,1.05,0.56,3796833.0,3411257.0
2023-08-01,0.84,0.96,1.12,0.58,3819874.0,3202403.0
2023-08-02,0.97,1.22,1.01,0.62,5082074.0,4947306.0
2023-08-03,0.88,1.09,0.91,0.62,4516601.0,3988060.0
2023-08-04,1.01,1.29,1.17,0.66,4885917.0,4941219.0
2023-08-07,1.03,1.31,1.34,0.65,3578274.0,3685885.0
2023-08-08,1.0,1.16,1.29,0.65,3988305.0,4007696.0
2023-08-09,0.98,1.13,1.17,0.68,4288236.0,4191441.0
2023-08-10,1.07,1.29,1.18,0.7,4425898.0,4734059.0
2023-08-11,1.0,1.15,1.13,0.8,4456609.0,4450751.0
2023-08-14,0.97,1.1,1.15,0.7,4064257.0,3926890.0
2023-08-15,1.05,1.2,1.18,0.75,4269096.0,4461268.0
2023-08-16,1.26,1.24,1.57,1.03,4360736.0,5473559.0
2023-08-17,1.09,1.12,1.21,0.97,5022562.0,5498628.0
2023-08-18,1.12,1.38,1.25,0.76,4564868.0,5133837.0
2023-08-21,0.91,1.17,1.12,0.55,4091709.0,3713387.0
2023-08-22,0.95,1.1,1.06,0.68,3731746.0,3553777.0
2023-08-23,1.18,1.26,1.48,0.89,3615022.0,4272844.0
2023-08-24,1.12,1.32,1.26,0.79,3675398.0,4112268.0
2023-08-25,1.11,1.16,1.2,0.97,4160623.0,4601512.0
2023-08-28,1.04,1.17,1.14,0.77,3483630.0,3609931.0
2023-08-29,0.96,1.03,1.29,0.69,4652099.0,4480995.0
2023-08-30,1.09,1.17,1.31,0.86,4029871.0,4412684.0
2023-08-31,0.95,1.04,1.23,0.67,4132648.0,3941007.0
2023-09-01,1.04,1.37,1.16,0.65,3879016.0,4015584.0
2023-09-04,,,,,,
2023-09-05,1.05,1.26,1.23,0.74,3242676.0,3400430.0
2023-09-06,1.23,1.27,1.5,0.98,3598095.0,4408095.0
2023-09-07,1.12,1.28,1.38,0.81,3604988.0,4024726.0
2023-09-08,1.05,1.29,1.21,0.75,3703367.0,3896498.0
2023-09-11,1.01,1.21,1.3,0.7,3605671.0,3644459.0
2023-09-12,0.99,1.05,1.15,0.84,3701621.0,3663882.0
2023-09-13,1.27,1.23,1.62,1.14,3798927.0,4835092.0
2023-09-14,1.07,1.2,1.14,0.85,4023015.0,4300169.0
2023-09-15,0.94,1.04,1.08,0.7,5181783.0,4845844.0
2023-09-18,1.03,1.19,1.52,0.61,3358121.0,3445560.0
2023-09-19,0.91,0.94,1.02,0.76,4127071.0,3767367.0
2023-09-20,1.08,1.12,1.38,0.79,3362824.0,3629937.0
2023-09-21,1.15,1.25,1.23,0.88,4515122.0,5182617.0
2023-09-22,1.16,1.28,1.3,0.85,4013652.0,4653435.0
2023-09-25,1.09,1.19,1.34,0.71,3291364.0,3597337.0
2023-09-26,1.14,1.17,1.3,0.88,4234103.0,4834523.0
2023-09-27,1.29,1.2,1.86,0.94,4309649.0,5564876.0
2023-09-28,1.0,1.03,1.14,0.8,4162148.0,4148584.0
2023-09-29,1.04,1.26,0.98,0.73,4956503.0,5177264.0
2023-10-02,1.09,1.24,1.15,0.76,3643069.0,3963588.0
2023-10-03,1.13,1.25,1.16,0.8,4770996.0,5389544.0
2023-10-04,1.59,1.39,2.36,1.11,3748412.0,5950091.0
2023-10-05,1.3,1.43,1.5,0.86,3246602.0,4204413.0
2023-10-06,0.96,1.11,0.98,0.68,4881506.0,4709744.0
2023-10-09,1.08,1.25,1.23,0.66,3535852.0,3829243.0
2023-10-10,0.97,1.09,1.09,0.63,4258493.0,4116672.0
2023-10-11,1.26,1.17,1.7,1.04,3526522.0,4435497.0
2023-10-12,1.11,1.14,1.43,0.8,4420489.0,4926092.0
2023-10-13,1.06,1.15,1.3,0.7,5282924.0,5603549.0
2023-10-16,1.05,1.1,1.36,0.7,3912893.0,4120556.0
2023-10-17,1.05,1.02,1.43,0.8,4304933.0,4526869.0
2023-10-18,1.02,1.2,1.01,0.68,4416721.0,4505050.0
2023-10-19,1.05,1.29,0.94,0.78,4493964.0,4704118.0
2023-10-20,1.04,1.2,1.1,0.76,5029532.0,5229674.0
2023-10-23,0.89,1.02,1.14,0.52,4714564.0,4182180.0
2023-10-24,0.91,1.15,1.02,0.55,3878142.0,3544167.0
2023-10-25,1.26,1.24,1.84,0.9,4245507.0,5362671.0
2023-10-26,1.12,1.22,1.37,0.77,4628779.0,5199986.0
2023-10-27,1.17,1.27,1.43,0.82,4511200.0,5292482.0
2023-10-30,1.09,1.13,1.55,0.68,4092736.0,4472149.0
2023-10-31,1.09,1.08,1.39,0.82,3670027.0,3995822.0
2023-11-01,0.99,1.2,0.88,0.7,3668539.0,3637401.0
2023-11-02,1.0,1.16,0.94,0.77,4529509.0,4511193.0
2023-11-03,0.91,1.11,1.02,0.54,5396181.0,4906287.0
2023-11-06,1.09,1.27,1.1,0.77,3366341.0,3684697.0
2023-11-07,0.98,1.13,1.08,0.65,3594484.0,3510609.0
2023-11-08,1.18,1.07,1.46,1.18,3455929.0,4085128.0
2023-11-09,1.13,1.28,1.2,0.86,3666555.0,4129343.0
2023-11-10,1.12,1.2,1.06,1.03,4247087.0,4747930.0
2023-11-13,1.13,1.22,1.3,0.88,3469754.0,3917938.0
2023-11-14,0.98,1.12,0.96,0.74,5342464.0,5234387.0
2023-11-15,0.81,0.94,1.04,0.48,5024857.0,4067695.0
2023-11-16,0.91,1.18,0.81,0.64,3873581.0,3538036.0
2023-11-17,0.86,1.04,1.13,0.54,4414862.0,3801966.0
2023-11-20,0.95,1.19,1.15,0.53,3836235.0,3651172.0
2023-11-21,1.07,1.02,1.12,1.1,3218564.0,3427964.0
2023-11-22,0.94,1.01,1.11,0.78,3772782.0,3558795.0
2023-11-23,,,,,,
2023-11-24,1.11,1.3,1.1,0.91,1808640.0,1999246.0
2023-11-27,1.12,1.26,1.19,0.87,2983462.0,3331634.0
2023-11-28,0.98,1.1,1.0,0.79,3751045.0,3668396.0
2023-11-29,0.81,0.99,0.78,0.55,4597529.0,3721779.0
2023-11-30,0.89,0.98,1.13,0.6,4248192.0,3794179.0
2023-12-01,0.84,0.99,1.13,0.51,4737482.0,3996200.0
2023-12-04,0.82,1.04,0.94,0.53,4179195.0,3446243.0
2023-12-05,0.91,1.1,0.99,0.57,3355245.0,3037192.0
2023-12-06,0.89,1.02,1.11,0.59,3968257.0,3525808.0
2023-12-07,0.93,1.17,1.0,0.59,3560771.0,3303628.0
2023-12-08,0.89,1.16,0.9,0.56,4312222.0,3857927.0
2023-12-11,0.92,1.1,1.11,0.53,4043807.0,3726251.0
2023-12-12,0.99,1.27,0.86,0.58,3800147.0,3755977.0
2023-12-13,1.01,0.94,0.95,1.16,5441975.0,5472755.0
2023-12-14,0.81,1.09,0.73,0.55,6992437.0,5677990.0
2023-12-15,0.77,1.01,0.73,0.53,5639831.0,4318848.0
2023-12-18,0.96,1.31,1.03,0.57,3765129.0,3601144.0
2023-12-19,0.88,1.03,0.96,0.61,4072372.0,3593915.0
2023-12-20,0.93,1.05,1.01,0.59,5296764.0,4913068.0
2023-12-21,0.94,1.09,1.1,0.58,3855248.0,3619828.0
2023-12-22,0.87,1.17,0.97,0.5,4008484.0,3503184.0
2023-12-25,,,,,,
2023-12-26,0.92,1.27,1.07,0.56,3072676.0,2821394.0
2023-12-27,1.08,1.12,1.2,0.96,3676797.0,3974406.0
2023-12-28,0.89,1.06,0.97,0.66,3624370.0,3222880.0
2023-12-29,0.93,1.21,0.88,0.65,4477762.0,4181405.0
2024-01-01,,,,,,
2024-01-02,0.94,1.07,1.1,0.65,3913822.0,3684247.0
2024-01-03,1.05,1.2,1.22,0.69,3770360.0,3956108.0
2024-01-04,0.95,1.1,1.03,0.69,3506301.0,3347328.0
2024-01-05,1.18,1.3,1.78,0.7,4036538.0,4776709.0
2024-01-08,0.84,0.9,1.08,0.59,4687720.0,3916786.0
2024-01-09,0.93,1.09,1.04,0.61,3693113.0,3443878.0
2024-01-10,1.28,0.98,1.73,1.55,4166186.0,5318245.0
2024-01-11,1.04,1.14,1.13,0.8,4231848.0,4395012.0
2024-01-12,0.88,0.81,1.22,0.83,5152857.0,4548017.0
2024-01-15,,,,,,
2024-01-16,1.01,1.05,1.17,0.84,4620397.0,4645095.0
2024-01-17,1.01,1.11,1.19,0.69,4323712.0,4371156.0
2024-01-18,0.91,1.17,0.81,0.69,5063306.0,4584574.0
2024-01-19,0.88,1.14,0.9,0.59,5916213.0,5192158.0
2024-01-22,0.82,1.01,0.99,0.49,4628805.0,3814652.0
2024-01-23,0.91,0.9,1.45,0.57,3899167.0,3532305.0
2024-01-24,0.97,1.22,0.92,0.67,4573650.0,4434389.0
2024-01-25,0.94,1.19,1.02,0.67,3855079.0,3633111.0
2024-01-26,0.91,1.08,0.99,0.66,4126529.0,3763179.0
2024-01-29,0.94,1.23,1.08,0.57,3940361.0,3701792.0
2024-01-30,0.91,1.18,0.84,0.66,3756343.0,3417188.0
2024-01-31,0.92,1.11,0.94,0.64,4522847.0,4141327.0
2024-02-01,1.0,1.17,1.23,0.64,3938343.0,3941309.0
2024-02-02,1.04,1.26,1.39,0.62,5158705.0,5390632.0
2024-02-05,0.93,1.09,0.98,0.65,4342813.0,4017863.0
2024-02-06,0.82,0.88,0.82,0.73,4388875.0,3591749.0
2024-02-07,0.98,1.06,1.34,0.7,4644186.0,4540526.0
2024-02-08,0.84,1.01,0.97,0.62,3948475.0,3316724.0
2024-02-09,0.82,1.07,0.99,0.48,4827236.0,3962301.0
2024-02-12,1.0,1.09,1.65,0.55,4783775.0,4777172.0
2024-02-13,0.89,0.89,1.21,0.65,6063926.0,5418840.0
2024-02-14,0.96,1.13,1.23,0.57,4924963.0,4708764.0
2024-02-15,0.85,0.95,1.14,0.54,4829021.0,4122109.0
2024-02-16,0.93,1.34,1.07,0.53,4641945.0,4319977.0
2024-02-19,,,,,,
2024-02-20,0.93,1.15,1.08,0.55,4092649.0,3788017.0
2024-02-21,1.09,1.37,1.1,0.72,3326311.0,3616615.0
2024-02-22,0.94,1.08,1.08,0.66,4832194.0,4552013.0
2024-02-23,0.96,1.25,0.98,0.66,4373010.0,4182486.0
2024-02-26,1.0,1.18,1.26,0.7,3798597.0,3810944.0
2024-02-27,0.97,1.24,1.11,0.61,3499007.0,3383664.0
2024-02-28,0.87,1.2,1.07,0.48,3721111.0,3246773.0
2024-02-29,0.93,1.19,0.92,0.64,4030618.0,3738754.0
2024-03-01,0.97,1.13,1.32,0.6,5022231.0,4876694.0
2024-03-04,0.86,1.14,0.81,0.64,4661009.0,4015776.0
2024-03-05,1.04,1.21,1.11,0.7,4359109.0,4525333.0
2024-03-06,1.06,1.18,1.22,0.83,3895790.0,4126306.0
2024-03-07,0.95,1.22,1.12,0.56,4267184.0,4065499.0
2024-03-08,0.92,1.18,0.95,0.56,5650042.0,5179816.0
2024-03-11,1.03,1.34,1.08,0.68,3864145.0,3983767.0
2024-03-12,1.07,1.19,1.29,0.68,4065176.0,4341783.0
2024-03-13,0.87,1.04,0.94,0.59,4130884.0,3587932.0
2024-03-14,0.9,1.09,0.83,0.63,5035325.0,4532846.0
2024-03-15,0.8,0.87,0.97,0.61,5792263.0,4644803.0
2024-03-18,0.86,1.0,1.18,0.5,3993436.0,3422843.0
2024-03-19,1.02,1.13,1.26,0.66,3645158.0,3716691.0
2024-03-20,0.98,1.07,1.17,0.72,3915888.0,3826754.0
2024-03-21,0.99,1.13,1.22,0.67,4404898.0,4343003.0
2024-03-22,1.29,1.38,2.38,0.65,3697191.0,4776010.0
2024-03-25,1.02,1.28,1.2,0.7,3105890.0,3173494.0
2024-03-26,1.0,1.31,1.04,0.64,3200156.0,3192349.0
2024-03-27,1.02,1.29,1.07,0.67,3773628.0,3858832.0
2024-03-28,1.19,1.13,2.2,0.56,4496041.0,5348108.0
2024-03-29,,,,,,
2024-04-01,0.94,1.15,0.97,0.65,3372735.0,3169628.0
2024-04-02,0.95,1.19,0.85,0.66,3851057.0,3655852.0
2024-04-03,1.06,1.35,1.13,0.69,3462217.0,3675182.0
2024-04-04,1.03,1.18,1.15,0.68,4917996.0,5063218.0
2024-04-05,1.19,1.51,1.24,0.71,4448413.0,5286795.0
2024-04-08,1.02,1.26,1.11,0.64,3257830.0,3315238.0
2024-04-09,1.05,1.27,1.08,0.72,3831165.0,4029245.0
2024-04-10,1.01,1.11,1.21,0.63,4325250.0,4358564.0
2024-04-11,0.98,1.2,1.05,0.63,4136403.0,4069852.0
2024-04-12,0.85,0.9,0.89,0.68,6472020.0,5484419.0
2024-04-15,0.92,0.98,1.06,0.64,5374704.0,4952028.0
2024-04-16,0.83,0.94,0.71,0.73,4858302.0,4027666.0
2024-04-17,1.27,1.14,1.72,1.13,4461457.0,5668481.0
2024-04-18,0.99,1.27,0.91,0.68,4612187.0,4574768.0
2024-04-19,1.03,1.28,1.18,0.65,5130009.0,5270525.0
2024-04-22,0.91,1.1,1.05,0.57,4702170.0,4283545.0
2024-04-23,1.03,1.24,1.14,0.65,3982465.0,4111987.0
2024-04-24,0.94,1.06,1.07,0.71,4017604.0,3782588.0
2024-04-25,0.93,1.02,1.12,0.68,4270248.0,3958925.0
2024-04-26,1.0,1.41,1.21,0.55,4097283.0,4099647.0
2024-04-29,0.93,1.2,1.0,0.61,3543917.0,3307808.0
2024-04-30,0.94,1.14,1.09,0.6,4013304.0,3788580.0
2024-05-01,1.06,1.19,1.2,0.84,3696175.0,3927261.0
2024-05-02,0.99,1.19,1.04,0.73,3881891.0,3838913.0
2024-05-03,0.94,1.21,0.98,0.6,4989217.0,4694899.0
2024-05-06,1.29,1.24,2.86,0.63,3858306.0,4961928.0
2024-05-07,0.99,1.15,1.1,0.72,3931467.0,3911548.0
2024-05-08,0.97,1.13,1.11,0.69,3144416.0,3046308.0
2024-05-09,0.85,1.04,1.03,0.55,3877282.0,3279601.0
2024-05-10,0.9,1.14,0.98,0.6,4151424.0,3748403.0
2024-05-13,0.89,1.11,1.13,0.57,3935612.0,3510088.0
2024-05-14,0.9,1.17,1.17,0.53,4169284.0,3768678.0
2024-05-15,0.88,0.91,1.26,0.57,5810771.0,5109862.0
2024-05-16,0.82,1.02,0.77,0.59,4879454.0,3990693.0
2024-05-17,0.81,1.1,0.86,0.54,4957858.0,3997918.0
2024-05-20,1.0,1.17,1.48,0.53,4022244.0,4008160.0
2024-05-21,0.83,0.94,1.02,0.59,3617475.0,2993219.0
2024-05-22,0.82,0.93,1.04,0.57,3838883.0,3161038.0
2024-05-23,0.9,0.94,1.19,0.65,4571907.0,4134124.0
2024-05-24,1.0,1.16,1.28,0.67,3660512.0,3676171.0
2024-05-27,,,,,,
2024-05-28,0.88,1.08,1.08,0.56,3620357.0,3193168.0
2024-05-29,1.0,1.16,1.15,0.68,3296537.0,3290704.0
2024-05-30,1.01,1.09,1.1,0.87,3744294.0,3768220.0
2024-05-31,0.94,1.08,0.94,0.73,4821620.0,4546096.0
2024-06-03,0.89,1.0,1.1,0.58,4063407.0,3597537.0
2024-06-04,0.95,1.23,0.88,0.61,3437526.0,3274245.0
2024-06-05,0.98,1.07,1.1,0.75,3903845.0,3809986.0
2024-06-06,0.99,0.91,2.07,0.59,4091376.0,4046889.0
2024-06-07,0.85,1.01,0.95,0.58,4436235.0,3756616.0
2024-06-10,0.9,1.12,1.21,0.58,3633205.0,3283116.0
2024-06-11,0.88,1.07,0.97,0.59,3899067.0,3423590.0
2024-06-12,0.66,1.0,0.45,0.53,6696208.0,4418567.0
2024-06-13,0.79,1.06,0.48,0.87,5868484.0,4637963.0
2024-06-14,0.93,1.04,1.5,0.58,5232262.0,4860697.0
2024-06-17,0.87,1.0,0.98,0.62,5612235.0,4862676.0
2024-06-18,0.87,1.07,0.97,0.58,4928347.0,4268311.0
2024-06-19,,,,,,
2024-06-20,0.87,1.09,0.85,0.62,5448293.0,4723894.0
2024-06-21,0.83,1.12,0.81,0.63,5391595.0,4476734.0
2024-06-24,0.92,1.22,1.07,0.58,3808686.0,3498981.0
2024-06-25,0.9,1.14,1.11,0.59,3281612.0,2952979.0
2024-06-26,0.75,0.95,0.91,0.54,4135978.0,3114981.0
2024-06-27,0.85,0.89,0.94,0.76,3753307.0,3178414.0
2024-06-28,0.89,1.03,1.02,0.64,5766894.0,5130534.0
2024-07-01,0.93,1.19,1.15,0.56,3813518.0,3559578.0
2024-07-02,0.94,1.1,1.07,0.7,3769180.0,3553270.0
2024-07-03,0.84,1.11,0.96,0.51,3149365.0,2641128.0
2024-07-04,,,,,,
2024-07-05,0.89,1.3,0.87,0.56,4266017.0,3816774.0
2024-07-08,0.79,0.93,1.1,0.51,4244510.0,3347866.0
2024-07-09,0.9,1.26,0.95,0.57,3595415.0,3235853.0
2024-07-10,0.85,1.11,0.84,0.55,4361175.0,3720558.0
2024-07-11,0.8,0.95,0.82,0.61,5439050.0,4361141.0
2024-07-12,0.82,1.05,0.84,0.57,6077178.0,4979763.0
2024-07-15,0.84,0.96,1.15,0.52,5541814.0,4650373.0
2024-07-16,0.79,0.96,0.87,0.49,5403536.0,4266872.0
2024-07-17,0.8,1.02,0.9,0.53,5945584.0,4781087.0
2024-07-18,0.87,1.18,0.74,0.6,5742509.0,5010845.0
2024-07-19,0.8,1.01,0.79,0.6,6131562.0,4887528.0
2024-07-22,0.87,1.14,0.9,0.55,4235784.0,3674661.0
2024-07-23,0.96,1.2,0.97,0.63,3769984.0,3622851.0
2024-07-24,1.02,1.23,1.01,0.7,5390008.0,5492743.0
2024-07-25,0.98,1.16,0.92,0.8,5159079.0,5070976.0
2024-07-26,1.04,1.31,1.06,0.73,4245684.0,4400300.0
2024-07-29,0.92,0.99,1.16,0.65,3601321.0,3295956.0
2024-07-30,1.04,1.4,0.96,0.68,3783936.0,3926211.0
2024-07-31,0.97,1.22,1.21,0.59,4205982.0,4075766.0
2024-08-01,0.92,1.08,1.05,0.64,5808147.0,5365199.0
2024-08-02,1.16,1.3,1.39,0.81,6441632.0,7466564.0
2024-08-05,1.28,1.55,1.32,0.77,4936701.0,6341045.0
2024-08-06,1.11,1.31,1.11,0.72,4079456.0,4508528.0
2024-08-07,1.06,1.17,1.33,0.69,4863892.0,5173801.0
2024-08-08,1.19,1.34,1.25,0.97,4189674.0,5006171.0
2024-08-09,0.93,1.21,1.03,0.6,4670605.0,4362707.0
2024-08-12,1.02,1.16,1.2,0.68,3886623.0,3948710.0
2024-08-13,0.98,1.03,1.36,0.67,4680069.0,4573175.0
2024-08-14,0.9,1.02,1.01,0.67,4447649.0,4023703.0
2024-08-15,0.92,1.04,1.19,0.58,5641827.0,5209019.0
2024-08-16,0.88,1.06,1.31,0.51,5106402.0,4495280.0
2024-08-19,0.72,0.88,0.83,0.47,4677705.0,3371776.0
2024-08-20,0.84,0.95,0.95,0.59,4182007.0,3495048.0
2024-08-21,0.86,1.03,0.87,0.59,3579340.0,3074673.0
2024-08-22,0.92,1.08,0.88,0.74,4164453.0,3839063.0
2024-08-23,1.07,1.29,1.46,0.55,4029635.0,4330333.0
2024-08-26,0.91,1.03,1.17,0.57,3328485.0,3044563.0
2024-08-27,1.0,1.19,1.06,0.7,2868045.0,2864697.0
2024-08-28,0.9,1.08,0.93,0.64,3637993.0,3259081.0
2024-08-29,0.93,1.19,1.0,0.62,4015564.0,3738133.0
2024-08-30,0.73,0.76,0.89,0.6,4924843.0,3611964.0
2024-09-02,,,,,,
2024-09-03,0.81,0.85,0.78,0.73,5630652.0,4543771.0
2024-09-04,0.99,1.03,1.22,0.73,3933504.0,3890468.0
2024-09-05,0.86,0.71,1.32,0.98,4810784.0,4123383.0
2024-09-06,1.12,1.36,1.15,0.75,4559273.0,5109514.0
2024-09-09,1.09,1.33,1.35,0.64,3328052.0,3632390.0
2024-09-10,0.94,1.07,1.03,0.69,3836531.0,3591780.0
2024-09-11,0.86,0.93,0.99,0.6,4936006.0,4230768.0
2024-09-12,0.94,1.05,1.4,0.57,4935426.0,4657441.0
2024-09-13,0.92,1.21,1.1,0.54,4764548.0,4395574.0
2024-09-16,0.82,1.02,0.92,0.52,4195208.0,3429695.0
2024-09-17,0.8,1.02,0.82,0.51,4959897.0,3967375.0
2024-09-18,0.96,1.21,1.07,0.61,4095283.0,3914613.0
2024-09-19,0.95,1.12,0.96,0.77,5881116.0,5602048.0
2024-09-20,0.85,1.28,0.86,0.52,5475225.0,4641950.0
2024-09-23,0.83,1.15,0.9,0.49,4091414.0,3381703.0
2024-09-24,0.9,1.31,0.86,0.54,3662948.0,3286147.0
2024-09-25,0.76,0.92,0.86,0.52,4096763.0,3132629.0
2024-09-26,0.79,1.16,0.71,0.5,4602572.0,3622690.0
2024-09-27,0.76,0.92,0.89,0.53,4796814.0,3663055.0
2024-09-30,0.92,1.2,0.98,0.55,4089023.0,3781283.0
2024-10-01,0.88,1.03,1.0,0.55,4713860.0,4165394.0
2024-10-02,1.02,1.41,1.07,0.56,3491326.0,3545273.0
2024-10-03,0.88,0.93,1.02,0.71,4499348.0,3959168.0
2024-10-04,1.02,1.27,1.55,0.48,4771335.0,4861928.0
2024-10-07,0.79,0.87,0.96,0.55,4838218.0,3799646.0
2024-10-08,0.92,1.2,1.08,0.54,4069984.0,3738359.0
2024-10-09,0.97,1.08,1.36,0.59,4242351.0,4112834.0
2024-10-10,0.87,1.13,0.97,0.49,4785338.0,4185104.0
2024-10-11,0.88,1.15,1.37,0.44,4940579.0,4363084.0
2024-10-14,0.82,1.11,0.89,0.5,4396535.0,3591824.0
2024-10-15,0.88,1.11,0.96,0.57,5233840.0,4611048.0
2024-10-16,0.89,1.11,0.93,0.57,4281292.0,3806054.0
2024-10-17,0.92,1.2,0.74,0.77,5111587.0,4700556.0
2024-10-18,0.81,1.37,0.93,0.42,4794196.0,3877747.0
2024-10-21,0.9,1.21,1.06,0.49,3893117.0,3502564.0
2024-10-22,0.98,1.26,1.07,0.59,3752814.0,3675578.0
2024-10-23,0.92,1.27,0.74,0.58,4654913.0,4294365.0
2024-10-24,0.86,1.12,0.95,0.55,4315690.0,3729232.0
2024-10-25,0.9,1.28,1.0,0.51,4886053.0,4379614.0
2024-10-28,1.0,1.41,1.15,0.58,3308936.0,3302750.0
2024-10-29,0.9,1.15,1.01,0.62,3989241.0,3603860.0
2024-10-30,0.92,1.3,0.92,0.63,4597563.0,4224094.0
2024-10-31,0.99,1.35,0.95,0.63,5767575.0,5720777.0
2024-11-01,1.12,1.7,1.11,0.71,4492081.0,5045837.0
2024-11-04,1.33,1.91,1.3,0.61,3577051.0,4767508.0
2024-11-05,0.99,1.13,1.3,0.62,4166600.0,4118580.0
2024-11-06,0.88,1.13,0.94,0.54,6208550.0,5455711.0
2024-11-07,0.82,1.21,0.96,0.47,5733947.0,4718770.0
2024-11-08,0.81,1.22,0.79,0.55,5471922.0,4431868.0
2024-11-11,0.74,1.0,0.89,0.48,5447720.0,4031989.0
2024-11-12,0.79,1.09,0.76,0.5,5373445.0,4254416.0
2024-11-13,0.84,1.08,1.05,0.54,5455743.0,4559308.0
2024-11-14,0.85,1.13,0.82,0.63,5802045.0,4949862.0
2024-11-15,0.9,1.19,0.92,0.6,6809243.0,6141084.0
2024-11-18,0.82,1.07,0.97,0.51,4852356.0,3958218.0
2024-11-19,0.87,1.03,0.9,0.62,4937339.0,4301149.0
2024-11-20,0.8,0.95,0.93,0.58,4774627.0,3842793.0
2024-11-21,0.8,1.11,0.88,0.53,5273085.0,4226641.0
2024-11-22,0.85,1.29,0.94,0.51,4974618.0,4215429.0
2024-11-25,0.77,1.17,0.78,0.48,5742285.0,4415836.0
2024-11-26,0.81,1.14,0.98,0.48,5184471.0,4174300.0
2024-11-27,0.86,1.13,0.98,0.56,3913192.0,3347828.0
2024-11-28,,,,,,
2024-11-29,0.86,1.17,0.94,0.56,3246985.0,2785668.0
2024-12-02,0.87,1.16,0.92,0.62,4641164.0,4056182.0
2024-12-03,0.83,0.98,1.04,0.55,3869750.0,3198634.0
2024-12-04,0.8,1.05,1.04,0.49,4592293.0,3666130.0
2024-12-05,0.8,1.07,1.04,0.5,4464409.0,3570013.0
2024-12-06,0.84,1.27,0.9,0.54,5160572.0,4327748.0
2024-12-09,0.79,0.99,0.99,0.56,5672338.0,4468479.0
2024-12-10,0.84,1.22,0.93,0.48,4212147.0,3520496.0
2024-12-11,0.79,1.01,0.99,0.53,4614270.0,3657051.0
2024-12-12,0.87,0.93,1.14,0.68,4552027.0,3943735.0
2024-12-13,0.84,1.04,0.98,0.58,5768415.0,4831686.0
2024-12-16,0.85,1.2,0.96,0.51,4691582.0,4007658.0
2024-12-17,0.81,1.07,0.99,0.49,5282032.0,4303709.0
2024-12-18,0.85,1.1,1.1,0.45,6550154.0,5555873.0
2024-12-19,0.98,1.35,0.93,0.62,6097658.0,5996573.0
2024-12-20,0.93,1.3,1.03,0.54,6289748.0,5840075.0
2024-12-23,0.89,1.09,1.49,0.48,5115810.0,4534011.0
2024-12-24,0.96,1.06,1.51,0.51,3254462.0,3125335.0
2024-12-25,,,,,,
2024-12-26,0.78,1.06,0.8,0.49,3854849.0,2993066.0
2024-12-27,0.89,1.19,0.79,0.67,5694654.0,5072284.0
2024-12-30,0.92,1.13,1.05,0.63,5047382.0,4662907.0
2024-12-31,0.81,1.06,0.86,0.46,4997192.0,4056964.0
2025-01-01,,,,,,
2025-01-02,1.04,1.21,1.12,0.8,4625825.0,4796533.0
2025-01-03,0.81,1.04,1.47,0.45,5484196.0,4450494.0
2025-01-06,0.8,1.12,1.18,0.42,5932167.0,4759842.0
2025-01-07,0.78,0.93,1.1,0.45,6366035.0,4978158.0
2025-01-08,0.95,1.17,1.23,0.6,4528094.0,4321412.0
2025-01-09,1.73,1.73,0.0,0.0,12027.0,20786.0
2025-01-10,0.97,1.21,1.1,0.7,6351370.0,6146354.0
2025-01-13,0.95,1.18,1.11,0.6,4696968.0,4468759.0
2025-01-14,0.77,1.12,0.79,0.41,5185715.0,3977774.0
2025-01-15,0.86,1.07,1.03,0.58,6582991.0,5682146.0
2025-01-16,0.85,0.88,0.69,0.94,5915273.0,5034279.0
2025-01-17,0.69,0.91,0.86,0.43,7738605.0,5324702.0
2025-01-20,,,,,,
2025-01-21,0.72,0.94,0.81,0.46,6174021.0,4467488.0
2025-01-22,0.76,0.92,0.85,0.49,5213339.0,3959203.0
2025-01-23,0.78,0.97,0.92,0.53,5282680.0,4124731.0
2025-01-24,0.76,1.0,0.82,0.52,5431261.0,4112884.0
2025-01-27,0.89,1.13,1.1,0.57,5410713.0,4839910.0
2025-01-28,0.75,0.98,0.74,0.53,4543034.0,3428743.0
2025-01-29,0.72,0.76,0.92,0.59,4240123.0,3066514.0
2025-01-30,0.69,0.77,0.87,0.52,5981938.0,4130448.0
2025-01-31,0.85,1.21,0.97,0.49,5967401.0,5092138.0
2025-02-03,0.93,1.14,1.12,0.54,4984503.0,4619906.0
2025-02-04,0.84,1.11,0.98,0.51,4233512.0,3555250.0
2025-02-05,0.79,1.02,0.86,0.54,4574429.0,3632158.0
2025-02-06,0.8,0.99,0.94,0.57,4625100.0,3698452.0
2025-02-07,0.79,1.05,0.86,0.52,6017154.0,4750587.0
2025-02-10,0.77,1.03,0.99,0.47,4707764.0,3604780.0
2025-02-11,0.83,1.12,0.95,0.53,4099064.0,3390532.0
2025-02-12,0.85,1.09,0.95,0.56,5008738.0,4253893.0
2025-02-13,0.95,1.06,1.13,0.77,4844961.0,4592069.0
2025-02-14,0.7,1.04,0.66,0.46,6233793.0,4353915.0
2025-02-17,,,,,,
2025-02-18,0.76,0.88,1.18,0.5,5872224.0,4437182.0
2025-02-19,0.89,1.16,0.98,0.6,4706055.0,4202575.0
2025-02-20,0.75,1.0,0.63,0.59,6355048.0,4754808.0
2025-02-21,0.87,1.11,0.93,0.63,7581297.0,6628124.0
2025-02-24,0.97,1.3,1.13,0.58,5120532.0,4979650.0
2025-02-25,0.92,1.17,0.94,0.64,5956106.0,5450466.0
2025-02-26,0.92,1.12,1.15,0.6,5405741.0,4952927.0
2025-02-27,0.84,0.85,1.12,0.68,6801050.0,5704278.0
2025-02-28,0.92,1.19,1.03,0.61,7220107.0,6632562.0
2025-03-03,0.94,1.05,1.19,0.64,5589783.0,5269450.0
2025-03-04,0.91,0.99,1.25,0.61,6778180.0,6179932.0
2025-03-05,0.76,0.82,0.93,0.54,5929687.0,4489229.0
2025-03-06,0.95,1.13,0.96,0.65,5400719.0,5111933.0
2025-03-07,0.9,1.23,0.94,0.57,6211666.0,5575884.0
2025-03-10,0.92,1.14,0.95,0.6,6598515.0,6103075.0
2025-03-11,0.91,0.95,1.29,0.57,6951403.0,6354024.0
2025-03-12,0.91,0.97,1.21,0.62,5967920.0,5445112.0
2025-03-13,1.03,1.02,1.23,0.94,5972309.0,6179751.0
2025-03-14,0.96,1.22,1.27,0.57,6246105.0,5976334.0
2025-03-17,0.91,1.04,1.17,0.59,5922879.0,5392322.0
2025-03-18,0.78,0.89,0.85,0.58,5047311.0,3938944.0
2025-03-19,0.88,1.16,0.95,0.54,5470172.0,4808163.0
2025-03-20,0.83,1.09,0.74,0.61,5465290.0,4511944.0
2025-03-21,0.82,1.08,0.89,0.55,5829898.0,4797080.0
2025-03-24,0.76,0.96,0.88,0.48,5879819.0,4462471.0
2025-03-25,0.79,0.8,1.04,0.65,4587152.0,3612022.0
2025-03-26,0.95,1.11,0.96,0.71,4951682.0,4697495.0
2025-03-27,0.97,1.13,1.15,0.72,4446287.0,4329008.0
2025-03-28,1.02,1.15,1.33,0.68,5813610.0,5903485.0
2025-03-31,0.97,1.14,1.18,0.58,5919268.0,5738121.0
2025-04-01,0.91,1.09,1.0,0.53,4460972.0,4049474.0
2025-04-02,0.95,1.02,1.2,0.59,4410128.0,4177077.0
2025-04-03,1.15,1.05,1.67,1.02,6272303.0,7228850.0
2025-04-04,1.18,1.31,1.93,0.64,8631230.0,10220880.0
2025-04-07,1.2,1.58,1.28,0.63,5428142.0,6519358.0
2025-04-08,1.23,1.35,1.49,0.77,5403217.0,6621183.0
2025-04-09,1.04,1.38,1.11,0.58,6447752.0,6728684.0
2025-04-10,1.11,1.17,1.45,0.76,5829150.0,6481640.0
2025-04-11,0.78,0.99,0.99,0.43,5713771.0,4456165.0
2025-04-14,1.01,1.11,1.25,0.68,4832505.0,4863668.0
2025-04-15,1.02,1.09,1.41,0.72,4748888.0,4865534.0
2025-04-16,0.95,1.19,0.88,0.72,5227533.0,4988386.0
2025-04-17,0.89,1.23,1.11,0.54,5366386.0,4759352.0
2025-04-18,,,,,,
2025-04-21,1.0,1.19,1.1,0.67,4424891.0,4445844.0
2025-04-22,0.87,1.13,0.89,0.54,5052883.0,4386610.0
2025-04-23,0.9,1.11,1.06,0.54,5621064.0,5054281.0
2025-04-24,0.99,1.21,1.16,0.64,4780974.0,4729265.0
2025-04-25,0.81,1.23,0.86,0.46,5644788.0,4566422.0
2025-04-28,0.84,0.99,0.95,0.57,4215555.0,3547941.0
2025-04-29,0.88,1.04,1.07,0.55,4376250.0,3869172.0
2025-04-30,0.83,0.87,0.97,0.67,4893693.0,4069027.0
2025-05-01,0.83,1.09,0.9,0.52,5045527.0,4172045.0
2025-05-02,0.84,1.2,0.97,0.49,5401489.0,4546116.0
2025-05-05,0.92,1.17,0.99,0.6,3971986.0,3661103.0
2025-05-06,0.91,1.13,0.89,0.64,4122560.0,3737717.0
2025-05-07,0.8,1.09,0.75,0.54,4334017.0,3455200.0
2025-05-08,0.81,0.84,1.23,0.54,6457499.0,5203930.0
2025-05-09,0.77,1.03,0.88,0.53,5373003.0,4142659.0
2025-05-12,0.85,1.17,0.95,0.5,6712154.0,5698209.0
2025-05-13,0.79,1.05,0.93,0.55,7237694.0,5744088.0
2025-05-14,0.7,0.9,0.96,0.41,5663889.0,3940900.0
2025-05-15,0.68,0.82,0.7,0.52,6426249.0,4394479.0
2025-05-16,0.69,0.96,0.88,0.43,6203106.0,4295447.0
2025-05-19,0.87,1.16,1.02,0.48,4702712.0,4099238.0
2025-05-20,0.78,0.92,0.88,0.56,4899549.0,3822750.0
2025-05-21,0.89,1.1,1.05,0.55,6087893.0,5428850.0
2025-05-22,0.94,1.06,1.09,0.75,5156456.0,4842173.0
2025-05-23,0.95,1.25,1.14,0.6,5150805.0,4891030.0
2025-05-26,,,,,,
2025-05-27,0.88,1.16,1.06,0.52,4824064.0,4256771.0
2025-05-28,0.81,1.03,0.9,0.58,4956553.0,4020230.0
2025-05-29,0.77,0.91,0.97,0.53,5318110.0,4075752.0
2025-05-30,0.88,1.07,1.11,0.57,5841730.0,5114546.0
2025-06-02,0.85,1.04,1.01,0.58,4698499.0,4013516.0
2025-06-03,0.93,1.06,1.42,0.51,4828049.0,4493057.0
2025-06-04,0.85,1.03,1.11,0.52,4403930.0,3723998.0
2025-06-05,0.86,1.08,0.91,0.63,5885860.0,5053568.0
2025-06-06,0.87,1.18,1.07,0.55,5756409.0,5025102.0
2025-06-09,0.79,1.11,0.79,0.52,4883434.0,3858564.0
2025-06-10,0.87,1.12,0.96,0.57,5288728.0,4579676.0
2025-06-11,0.79,0.98,0.82,0.52,6090302.0,4803323.0
2025-06-12,0.87,1.12,0.89,0.58,4631714.0,4029410.0
2025-06-13,0.89,1.03,1.06,0.61,5989451.0,5316002.0
2025-06-16,0.9,1.06,1.32,0.51,4949324.0,4461194.0
2025-06-17,0.94,1.1,1.05,0.61,4942295.0,4646451.0
2025-06-18,0.97,1.18,0.66,0.98,5270257.0,5104162.0
2025-06-19,,,,,,
2025-06-20,0.88,1.21,0.91,0.54,5784015.0,5065383.0
2025-06-23,0.95,1.23,1.08,0.54,5148361.0,4903853.0
2025-06-24,0.9,1.03,1.26,0.56,5115430.0,4620359.0
2025-06-25,0.81,1.02,0.92,0.53,4523697.0,3659176.0
2025-06-26,0.77,0.97,0.8,0.53,5350620.0,4108003.0
2025-06-27,0.75,0.9,0.87,0.52,6827885.0,5134172.0
2025-06-30,0.83,0.99,0.95,0.51,5861105.0,4843389.0
2025-07-01,0.86,1.08,1.06,0.51,5276835.0,4534644.0
2025-07-02,0.83,0.98,1.15,0.55,4912321.0,4072880.0
2025-07-03,0.79,1.01,0.96,0.48,3996574.0,3162790.0
2025-07-04,,,,,,
2025-07-07,0.92,1.14,1.03,0.58,4772360.0,4377999.0
2025-07-08,0.87,1.07,1.02,0.56,4257335.0,3706007.0
2025-07-09,0.89,1.1,1.27,0.56,5692045.0,5061490.0
2025-07-10,0.77,0.98,0.89,0.52,4967029.0,3809688.0
2025-07-11,0.84,1.16,0.94,0.53,5354195.0,4498781.0
2025-07-14,0.85,1.15,0.91,0.51,4396748.0,3725134.0
2025-07-15,0.83,1.1,0.76,0.57,5938828.0,4903347.0
2025-07-16,0.86,1.05,1.03,0.53,5431469.0,4644164.0
2025-07-17,0.8,1.03,0.74,0.65,6095796.0,4893066.0
2025-07-18,0.74,1.02,0.93,0.48,6493988.0,4825989.0
2025-07-21,0.88,1.04,1.5,0.51,5503071.0,4842741.0
2025-07-22,0.87,1.18,1.05,0.55,4890123.0,4258444.0
2025-07-23,0.81,1.01,0.94,0.55,5653967.0,4590119.0
2025-07-24,0.9,1.15,1.23,0.57,5063513.0,4563812.0
2025-07-25,0.91,1.16,0.93,0.72,5398247.0,4889677.0
2025-07-28,0.85,1.13,0.85,0.58,4651617.0,3967661.0
2025-07-29,0.94,1.26,0.96,0.57,5204077.0,4882519.0
2025-07-30,0.9,1.14,1.07,0.59,4985410.0,4484053.0
2025-07-31,1.03,1.08,1.31,0.84,6299607.0,6493092.0
2025-08-01,0.94,1.0,1.17,0.75,7568271.0,7143115.0
2025-08-04,0.9,1.06,1.15,0.61,4707818.0,4251026.0
2025-08-05,0.87,1.24,0.78,0.58,5129848.0,4484244.0
2025-08-06,0.86,1.04,1.05,0.62,5361133.0,4627557.0
2025-08-07,0.79,0.97,0.88,0.57,6106955.0,4802060.0
2025-08-08,0.86,1.03,1.2,0.64,6498092.0,5612923.0
2025-08-11,0.83,0.98,0.91,0.64,5391718.0,4475322.0
2025-08-12,0.95,1.04,1.51,0.6,5776050.0,5468824.0
2025-08-13,0.77,0.91,0.82,0.63,6995677.0,5368017.0
2025-08-14,0.85,1.03,0.8,0.75,6789091.0,5797181.0
2025-08-15,0.79,1.05,1.18,0.48,6812357.0,5349738.0
2025-08-18,0.79,1.04,1.02,0.5,4958619.0,3926587.0
2025-08-19,0.91,1.19,0.92,0.59,5627453.0,5125568.0
2025-08-20,0.88,0.98,1.11,0.66,6441064.0,5689875.0
2025-08-21,0.92,1.13,0.99,0.62,4546914.0,4166154.0
2025-08-22,0.88,0.99,1.43,0.5,7315784.0,6455001.0
2025-08-25,0.86,1.16,0.9,0.55,4560759.0,3908603.0
2025-08-26,0.89,1.2,0.88,0.55,4684809.0,4189813.0
2025-08-27,0.75,0.85,0.97,0.53,5168634.0,3873392.0
2025-08-28,0.89,1.05,0.86,0.75,5505012.0,4905887.0
2025-08-29,0.83,0.92,1.14,0.56,6728054.0,5551312.0
2025-09-01,,,,,,
2025-09-02,0.93,1.04,1.04,0.68,5488126.0,5095220.0
2025-09-03,0.87,1.03,0.98,0.61,4911328.0,4284603.0
2025-09-04,0.96,1.23,1.03,0.62,5398992.0,5199723.0
2025-09-05,0.75,0.8,0.95,0.58,7893457.0,5941680.0
2025-09-08,0.8,1.01,0.67,0.63,5342860.0,4258290.0
2025-09-09,0.87,1.12,0.98,0.54,4894677.0,4260776.0
2025-09-10,0.82,0.99,1.02,0.54,6261251.0,5120571.0
2025-09-11,0.86,1.02,0.93,0.68,6246579.0,5399708.0
2025-09-12,0.83,1.13,0.92,0.58,6752232.0,5588969.0
2025-09-15,0.89,1.27,0.89,0.54,5800902.0,5155399.0
2025-09-16,0.78,0.93,0.81,0.54,6220087.0,4824918.0
2025-09-17,1.06,1.11,1.95,0.6,6232524.0,6618229.0
2025-09-18,0.75,1.05,0.75,0.54,7885646.0,5920712.0
2025-09-19,0.77,1.2,0.92,0.45,7720601.0,5925004.0
2025-09-22,0.81,1.02,1.39,0.48,6470353.0,5238225.0
2025-09-23,0.9,1.21,1.23,0.47,5853160.0,5241586.0
2025-09-24,0.86,1.16,1.11,0.51,5264364.0,4550212.0
2025-09-25,0.9,1.19,0.99,0.56,6243264.0,5621832.0
2025-09-26,0.82,1.12,1.09,0.51,6661542.0,5470893.0
2025-09-29,0.78,0.92,0.99,0.52,5768363.0,4517964.0
2025-09-30,0.89,1.14,0.93,0.58,6168960.0,5462256.0
2025-10-01,0.77,1.04,0.85,0.48,6186180.0,4784344.0
2025-10-02,0.81,1.11,1.16,0.47,6169148.0,5022590.0
2025-10-03,0.84,1.1,0.97,0.6,8159007.0,6845176.0
2025-10-06,0.73,1.03,0.93,0.45,5946359.0,4345903.0
2025-10-07,0.91,1.1,1.26,0.5,6278592.0,5689915.0
2025-10-08,0.76,1.0,0.98,0.5,6232735.0,4747818.0
2025-10-09,0.8,1.05,1.03,0.54,6623759.0,5309078.0
2025-10-10,0.98,1.19,1.23,0.69,10236399.0,10055777.0
2025-10-13,0.81,0.98,1.02,0.55,6626984.0,5367728.0
2025-10-14,0.87,1.14,1.1,0.49,6603471.0,5768653.0
2025-10-15,0.78,1.0,0.92,0.48,7413715.0,5749965.0
2025-10-16,0.86,1.18,0.73,0.56,7987163.0,6857518.0
2025-10-17,0.93,1.07,1.09,0.72,8512024.0,7911429.0
2025-10-20,0.86,1.14,1.1,0.5,6186918.0,5329193.0
2025-10-21,0.88,1.24,0.98,0.48,5708542.0,5050346.0
2025-10-22,0.83,1.07,0.92,0.53,6591322.0,5450014.0
2025-10-23,0.85,1.12,0.93,0.6,5794868.0,4931325.0
2025-10-24,0.86,1.07,1.35,0.52,7274236.0,6282337.0
2025-10-27,0.79,0.99,1.06,0.46,6232712.0,4931725.0
2025-10-28,0.74,0.92,0.97,0.47,6564178.0,4887399.0
2025-10-29,0.78,1.05,1.21,0.44,6328784.0,4941051.0
2025-10-30,0.81,1.14,0.81,0.57,7196671.0,5816622.0
2025-10-31,0.86,1.02,1.37,0.55,8109556.0,6986119.0
2025-11-03,0.93,1.09,1.35,0.58,6054096.0,5605064.0
2025-11-04,0.85,0.99,0.89,0.66,6482687.0,5506669.0
2025-11-05,0.85,1.05,1.1,0.57,5648767.0,4794664.0
2025-11-06,0.88,1.14,0.98,0.56,6340184.0,5590094.0
2025-11-07,1.08,1.19,1.73,0.63,7789268.0,8380694.0
2025-11-10,0.83,1.08,0.99,0.49,6478843.0,5379417.0
2025-11-11,0.85,0.94,0.96,0.7,5625736.0,4777957.0
2025-11-12,0.78,0.95,0.78,0.56,5770044.0,4518923.0
2025-11-13,0.83,1.0,0.91,0.65,8394785.0,7006829.0
2025-11-14,1.04,1.14,1.53,0.63,6853109.0,7143791.0
2025-11-17,0.97,1.04,1.12,0.76,6764844.0,6548165.0
2025-11-18,0.91,0.94,1.19,0.7,7148915.0,6539599.0
2025-11-19,0.98,1.12,1.2,0.63,6158537.0,6033875.0
2025-11-20,0.95,1.1,1.17,0.59,8801860.0,8334101.0
2025-11-21,0.87,1.03,1.28,0.56,8422864.0,7364367.0
2025-11-24,0.91,1.13,1.1,0.58,5566923.0,5092379.0
2025-11-25,0.94,1.06,1.04,0.76,5979941.0,5646813.0
2025-11-26,0.88,0.92,1.13,0.69,6207418.0,5484345.0
2025-11-27,,,,,,
2025-11-28,0.7,1.06,0.81,0.44,4491305.0,3148344.0
2025-12-01,0.95,1.13,1.13,0.59,5198968.0,4942636.0
2025-12-02,0.79,0.95,0.85,0.54,5935712.0,4692554.0
2025-12-03,0.91,1.18,1.05,0.58,5298831.0,4830617.0
2025-12-04,0.78,1.04,0.89,0.5,5815860.0,4510427.0
2025-12-05,0.75,1.07,0.83,0.43,7243856.0,5442981.0
2025-12-08,0.91,0.99,1.16,0.65,5208624.0,4717403.0
2025-12-09,0.82,1.06,0.85,0.52,5052582.0,4142025.0
2025-12-10,0.91,1.02,1.27,0.59,5215453.0,4756741.0
2025-12-11,0.83,1.06,0.77,0.59,6044234.0,5018842.0
2025-12-12,0.91,1.14,1.0,0.57,7875873.0,7133886.0
2025-12-15,0.92,1.1,1.05,0.58,5466947.0,5015347.0
2025-12-16,0.94,1.01,1.08,0.74,5747774.0,5404088.0
2025-12-17,0.99,1.09,1.18,0.75,6178145.0,6137035.0
2025-12-18,0.79,0.98,0.72,0.59,6964707.0,5510496.0
2025-12-19,0.85,1.05,1.01,0.59,6784400.0,5753346.0
2025-12-22,0.89,1.03,1.06,0.61,5340732.0,4775017.0
2025-12-23,0.8,1.01,1.01,0.46,5021201.0,4027795.0
2025-12-24,0.91,0.96,1.31,0.57,2887353.0,2618345.0
2025-12-25,,,,,,
2025-12-26,0.85,1.08,0.8,0.64,4646850.0,3942288.0
2025-12-29,0.93,0.96,1.27,0.67,4364719.0,4069878.0
2025-12-30,0.83,1.08,0.78,0.51,4117915.0,3422881.0
2025-12-31,1.13,1.12,1.39,0.92,5320342.0,6006605.0
2026-01-01,,,,,,
2026-01-02,0.83,1.08,0.85,0.56,6313693.0,5236603.0
2026-01-05,0.89,1.1,1.18,0.54,5958549.0,5278923.0
2026-01-06,0.9,1.02,1.28,0.58,5769892.0,5214303.0
2026-01-07,0.96,1.02,1.48,0.63,5443848.0,5203071.0
2026-01-08,0.83,1.04,1.1,0.49,5600042.0,4671579.0
2026-01-09,0.75,1.0,0.87,0.47,6882775.0,5167187.0
2026-01-12,0.97,1.19,1.13,0.66,5247164.0,5114992.0
2026-01-13,0.88,1.0,0.85,0.7,6113863.0,5353780.0
2026-01-14,0.93,0.92,1.22,0.77,7372476.0,6890588.0
2026-01-15,0.83,1.07,0.88,0.52,7249404.0,6008868.0
2026-01-16,0.73,1.02,0.87,0.46,8112129.0,5914932.0
2026-01-19,,,,,,
2026-01-20,0.9,0.95,1.34,0.52,7664820.0,6870363.0
2026-01-21,0.85,0.91,1.31,0.46,7975355.0,6755743.0
2026-01-22,0.76,1.02,0.96,0.41,6700965.0,5089640.0
2026-01-23,0.88,1.1,1.04,0.58,6573581.0,5772799.0
2026-01-26,0.96,1.15,1.22,0.56,5183241.0,4996389.0
2026-01-27,0.76,0.99,0.69,0.54,6489687.0,4903325.0
2026-01-28,0.81,0.93,0.94,0.57,6035019.0,4885513.0
2026-01-29,0.84,1.0,1.1,0.52,8143796.0,6841435.0
2026-01-30,0.82,1.04,0.89,0.58,8538916.0,7020575.0
2026-02-02,0.93,0.92,1.47,0.65,6036898.0,5613552.0
2026-02-03,0.84,1.03,0.96,0.53,7583844.0,6401997.0
2026-02-04,1.0,1.02,1.7,0.63,6838800.0,6836192.0
2026-02-05,0.92,1.09,1.06,0.65,7026779.0,6470921.0
2026-02-06,0.86,1.13,0.91,0.58,7085377.0,6103934.0
2026-02-09,0.88,1.02,1.04,0.6,6179103.0,5428894.0
2026-02-10,0.97,1.09,1.0,0.78,4975287.0,4838074.0
2026-02-11,1.01,1.05,1.69,0.67,5680347.0,5759817.0
2026-02-12,0.94,1.13,0.9,0.67,7236639.0,6781834.0
2026-02-13,0.88,1.14,0.82,0.6,6888815.0,6066712.0
2026-02-16,,,,,,
2026-02-17,0.98,0.93,1.44,0.83,6252722.0,6144969.0
2026-02-18,1.01,1.06,1.36,0.69,6250684.0,6292278.0
2026-02-19,0.87,1.05,0.87,0.64,6254052.0,5414552.0
2026-02-20,0.9,1.15,0.94,0.65,7976608.0,7184791.0
2026-02-23,0.93,1.04,1.17,0.63,6748791.0,6286718.0
2026-02-24,0.87,1.03,0.89,0.62,5843045.0,5054840.0
2026-02-25,0.85,0.92,1.11,0.61,6221891.0,5288960.0
2026-02-26,0.85,0.9,1.23,0.59,6801065.0,5758361.0
2026-02-27,0.84,1.0,0.85,0.66,7669423.0,6416182.0
2026-03-02,0.94,1.1,1.03,0.67,6792927.0,6416628.0
2026-03-03,0.96,0.98,1.25,0.72,6991355.0,6731797.0
2026-03-04,0.94,1.04,1.18,0.65,6462097.0,6101803.0
2026-03-05,0.9,1.06,0.94,0.6,6905835.0,6245136.0
2026-03-06,0.96,1.12,1.05,0.67,7545274.0,7253738.0
2026-03-09,1.0,1.02,1.43,0.64,7500654.0,7476689.0
2026-03-10,0.94,1.07,1.19,0.57,7128276.0,6716782.0
2026-03-11,1.05,1.01,1.5,0.8,6027517.0,6302355.0
2026-03-12,0.91,1.0,1.05,0.68,6683053.0,6058421.0
2026-03-13,0.9,1.02,1.07,0.58,7531159.0,6751724.0
2026-03-16,1.05,1.03,1.53,0.76,6445208.0,6779665.0
2026-03-17,1.0,0.99,1.32,0.86,5893945.0,5921060.0
2026-03-18,1.12,1.02,1.81,0.9,5842193.0,6552573.0
2026-03-19,0.84,1.04,0.81,0.58,7970965.0,6703452.0
2026-03-20,1.01,1.15,1.02,0.81,8470770.0,8517643.0
2026-03-23,0.99,1.06,1.4,0.57,7046819.0,6971037.0
2026-03-24,0.89,0.95,1.2,0.58,6542068.0,5817231.0
2026-03-25,0.99,1.06,1.6,0.56,6364009.0,6293842.0
2026-03-26,1.0,1.21,1.1,0.63,6481103.0,6470334.0
2026-03-27,0.96,1.15,1.33,0.56,8104318.0,7810060.0
2026-03-30,1.07,1.16,1.51,0.66,6123336.0,6548150.0
2026-03-31,0.96,1.1,1.07,0.56,7541245.0,7225202.0
2026-04-01,1.03,1.07,1.54,0.63,6620745.0,6847222.0
2026-04-02,1.05,1.16,1.48,0.59,6687111.0,7041030.0
2026-04-03,,,,,,
2026-04-06,1.02,1.08,1.43,0.68,5044992.0,5136187.0
2026-04-07,0.96,0.98,1.2,0.72,5754871.0,5499368.0
2026-04-08,1.03,1.08,1.69,0.56,7528911.0,7763793.0
2026-04-09,0.89,0.98,1.49,0.48,6890950.0,6146014.0
2026-04-10,0.82,0.93,1.13,0.51,7187680.0,5888467.0
2026-04-13,0.87,0.96,1.25,0.52,6523223.0,5656501.0
2026-04-14,0.68,0.7,0.91,0.5,9702633.0,6645701.0
2026-04-15,0.78,0.93,1.03,0.47,8365971.0,6544247.0
2026-04-16,0.67,0.82,0.69,0.45,8915157.0,5978373.0
2026-04-17,0.66,0.85,0.79,0.41,10783484.0,7153899.0
2026-04-20,0.91,1.16,1.13,0.54,5628915.0,5140739.0
2026-04-21,0.94,1.11,1.17,0.56,6589094.0,6187310.0
2026-04-22,0.86,1.09,1.25,0.48,5912069.0,5075367.0
2026-04-23,0.91,1.19,1.1,0.51,7061904.0,6391410.0
2026-04-24,0.79,0.95,1.06,0.53,8095583.0,6398057.0
2026-04-27,0.86,1.12,1.25,0.5,6167119.0,5289795.0
2026-04-28,0.83,1.07,0.91,0.52,5658924.0,4714266.0
2026-04-29,0.93,1.0,1.87,0.52,5441482.0,5044802.0
2026-04-30,0.78,0.97,0.98,0.46,7308652.0,5670916.0
2026-05-01,0.76,0.98,0.99,0.46,7878834.0,6020145.0
2026-05-04,0.87,1.12,0.98,0.54,6659889.0,5782231.0
2026-05-05,0.84,1.06,1.02,0.57,6148837.0,5151924.0
2026-05-06,0.67,0.71,0.9,0.51,9840592.0,6577862.0
2026-05-07,0.8,1.11,0.87,0.46,7663466.0,6104178.0
2026-05-08,0.74,1.03,0.78,0.53,7971705.0,5931593.0
2026-05-11,0.74,1.18,0.79,0.43,7976455.0,5933534.0
2026-05-12,0.84,1.13,0.98,0.49,7000859.0,5899744.0
2026-05-13,0.73,0.89,0.93,0.5,8071792.0,5921908.0
2026-05-14,0.67,0.93,0.51,0.51,9242057.0,6147949.0
2026-05-15,0.93,1.03,1.35,0.59,8161103.0,7556044.0
2026-05-18,0.82,0.91,1.2,0.51,8269847.0,6760839.0
2026-05-19,0.84,0.91,1.07,0.56,7003384.0,5861222.0
2026-05-20,0.75,0.77,1.18,0.49,7261739.0,5454113.0
2026-05-21,0.83,0.97,1.13,0.49,7012044.0,5831498.0
2026-05-22,0.85,1.18,0.94,0.55,7566394.0,6464531.0
2026-05-25,,,,,,
2026-05-26,0.82,1.11,1.01,0.47,7165995.0,5891495.0
2026-05-27,0.83,1.08,1.28,0.43,6320985.0,5263595.0
2026-05-28,0.74,1.07,1.03,0.39,7339279.0,5466247.0
2026-05-29,0.64,0.84,0.73,0.42,9929868.0,6340894.0
2026-06-01,0.77,0.99,1.17,0.44,7350592.0,5642386.0
2026-06-02,0.73,1.0,0.91,0.43,6899942.0,5053416.0
2026-06-03,0.83,1.02,1.28,0.49,7539723.0,6268070.0
2026-06-04,0.77,1.07,0.86,0.44,7250304.0,5592580.0
2026-06-05,0.97,1.13,1.08,0.67,10510810.0,10181070.0
2026-06-08,0.96,1.24,1.13,0.52,7027471.0,6720631.0
2026-06-09,,,,,,
2026-06-10,,,,,,
