date,cpi_headline,cpi_headline_mom,cpi_headline_yoy,cpi_core,cpi_core_mom,cpi_core_yoy,ppi_headline,ppi_headline_mom,ppi_headline_yoy,ppi_core,ppi_core_mom,ppi_core_yoy,ppi_core_ex_food_energy_trade,ppi_core_ex_food_energy_trade_mom,ppi_core_ex_food_energy_trade_yoy,pce,pce_mom,pce_yoy,core_pce,core_pce_mom,core_pce_yoy
1959-01-01,,,,,,,,,,,,,,,,15.164,,,15.501,,
1959-02-01,,,,,,,,,,,,,,,,15.179,0.0989185,,15.513,0.0774144,
1959-03-01,,,,,,,,,,,,,,,,15.189,0.0658805,,15.531,0.116032,
1959-04-01,,,,,,,,,,,,,,,,15.219,0.197511,,15.57,0.251111,
1959-05-01,,,,,,,,,,,,,,,,15.227,0.0525659,,15.589,0.12203,
1959-06-01,,,,,,,,,,,,,,,,15.271,0.28896,,15.635,0.29508,
1959-07-01,,,,,,,,,,,,,,,,15.303,0.209548,,15.672,0.236649,
1959-08-01,,,,,,,,,,,,,,,,15.325,0.143763,,15.697,0.15952,
1959-09-01,,,,,,,,,,,,,,,,15.365,0.261011,,15.738,0.261196,
1959-10-01,,,,,,,,,,,,,,,,15.402,0.240807,,15.765,0.171559,
1959-11-01,,,,,,,,,,,,,,,,15.412,0.0649266,,15.794,0.183952,
1959-12-01,,,,,,,,,,,,,,,,15.43,0.116792,,15.818,0.151956,
1960-01-01,,,,,,,,,,,,,,,,15.421,-0.0583279,1.6948,15.822,0.0252876,2.07083
1960-02-01,,,,,,,,,,,,,,,,15.437,0.103755,1.69972,15.852,0.189609,2.18526
1960-03-01,,,,,,,,,,,,,,,,15.446,0.0583015,1.69201,15.853,0.00630835,2.07327
1960-04-01,,,,,,,,,,,,,,,,15.502,0.362553,1.85952,15.882,0.182931,2.00385
1960-05-01,,,,,,,,,,,,,,,,15.518,0.103212,1.91108,15.908,0.163707,2.04631
1960-06-01,,,,,,,,,,,,,,,,15.525,0.0451089,1.66328,15.917,0.0565753,1.80365
1960-07-01,,,,,,,,,,,,,,,,15.553,0.180354,1.63367,15.945,0.175913,1.74196
1960-08-01,,,,,,,,,,,,,,,,15.579,0.16717,1.65742,15.968,0.144246,1.72644
1960-09-01,,,,,,,,,,,,,,,,15.588,0.0577701,1.45135,15.981,0.0814128,1.54403
1960-10-01,,,,,,,,,,,,,,,,15.606,0.115473,1.3245,15.99,0.0563169,1.42721
1960-11-01,,,,,,,,,,,,,,,,15.659,0.339613,1.60265,16.033,0.268918,1.51323
1960-12-01,,,,,,,,,,,,,,,,15.662,0.0191583,1.50356,16.028,-0.0311857,1.3276
1961-01-01,,,,,,,,,,,,,,,,15.665,0.0191546,1.58226,16.032,0.0249563,1.32727
1961-02-01,,,,,,,,,,,,,,,,15.679,0.0893712,1.56766,16.048,0.0998004,1.23644
1961-03-01,,,,,,,,,,,,,,,,15.67,-0.0574016,1.45021,16.053,0.0311565,1.26159
1961-04-01,,,,,,,,,,,,,,,,15.661,-0.0574346,1.02567,16.075,0.137046,1.21521
1961-05-01,,,,,,,,,,,,,,,,15.67,0.0574676,0.979508,16.096,0.130638,1.1818
1961-06-01,,,,,,,,,,,,,,,,15.677,0.0446713,0.979066,16.12,0.149105,1.27537
1961-07-01,,,,,,,,,,,,,,,,15.711,0.216878,1.01588,16.145,0.155087,1.25431
1961-08-01,,,,,,,,,,,,,,,,15.724,0.0827446,0.93074,16.162,0.105296,1.21493
1961-09-01,,,,,,,,,,,,,,,,15.742,0.114475,0.987939,16.194,0.197995,1.33283
1961-10-01,,,,,,,,,,,,,,,,15.741,-0.00635243,0.865052,16.199,0.0308756,1.30707
1961-11-01,,,,,,,,,,,,,,,,15.742,0.00635284,0.530047,16.202,0.0185197,1.05408
1961-12-01,,,,,,,,,,,,,,,,15.746,0.0254097,0.53633,16.216,0.0864091,1.17295
1962-01-01,,,,,,,,,,,,,,,,15.776,0.190525,0.708586,16.235,0.117168,1.26622
1962-02-01,,,,,,,,,,,,,,,,15.818,0.266227,0.886536,16.262,0.166307,1.3335
1962-03-01,,,,,,,,,,,,,,,,15.839,0.13276,1.07849,16.3,0.233674,1.53865
1962-04-01,,,,,,,,,,,,,,,,15.857,0.113644,1.25152,16.303,0.0184049,1.41835
1962-05-01,,,,,,,,,,,,,,,,15.867,0.0630636,1.25718,16.326,0.141078,1.42893
1962-06-01,,,,,,,,,,,,,,,,15.877,0.0630239,1.27575,16.356,0.183756,1.46402
1962-07-01,,,,,,,,,,,,,,,,15.868,-0.0566858,0.9993,16.37,0.0855955,1.39362
1962-08-01,,,,,,,,,,,,,,,,15.891,0.144946,1.06207,16.372,0.0122175,1.29934
1962-09-01,,,,,,,,,,,,,,,,15.969,0.490844,1.442,16.404,0.195456,1.29678
1962-10-01,,,,,,,,,,,,,,,,15.953,-0.100194,1.3468,16.403,-0.00609607,1.25934
1962-11-01,,,,,,,,,,,,,,,,15.964,0.0689525,1.41024,16.415,0.0731573,1.31465
1962-12-01,,,,,,,,,,,,,,,,15.958,-0.0375846,1.34637,16.42,0.0304599,1.25802
1963-01-01,,,,,,,,,,,,,,,,15.997,0.244392,1.40086,16.451,0.188794,1.33046
1963-02-01,,,,,,,,,,,,,,,,16.014,0.10627,1.23909,16.47,0.115494,1.27906
1963-03-01,,,,,,,,,,,,,,,,16.001,-0.081179,1.02279,16.48,0.0607165,1.10429
1963-04-01,,,,,,,,,,,,,,,,16,-0.00624961,0.90181,16.5,0.121359,1.20837
1963-05-01,,,,,,,,,,,,,,,,16.026,0.1625,1.00208,16.53,0.181818,1.24954
1963-06-01,,,,,,,,,,,,,,,,16.061,0.218395,1.15891,16.558,0.169389,1.23502
1963-07-01,,,,,,,,,,,,,,,,16.093,0.19924,1.41795,16.573,0.0905907,1.24007
1963-08-01,,,,,,,,,,,,,,,,16.115,0.136705,1.4096,16.588,0.0905087,1.31933
1963-09-01,,,,,,,,,,,,,,,,16.112,-0.0186162,0.895485,16.618,0.180854,1.30456
1963-10-01,,,,,,,,,,,,,,,,16.143,0.192403,1.191,16.655,0.22265,1.5363
1963-11-01,,,,,,,,,,,,,,,,16.166,0.142477,1.26535,16.67,0.090063,1.55346
1963-12-01,,,,,,,,,,,,,,,,16.19,0.14846,1.45382,16.694,0.143971,1.6687
1964-01-01,,,,,,,,,,,,,,,,16.224,0.210006,1.41902,16.717,0.137774,1.61692
1964-02-01,,,,,,,,,,,,,,,,16.247,0.141765,1.45498,16.749,0.191422,1.69399
1964-03-01,,,,,,,,,,,,,,,,16.257,0.0615498,1.5999,16.765,0.0955281,1.72937
1964-04-01,,,,,,,,,,,,,,,,16.269,0.0738144,1.68125,16.78,0.0894721,1.69697
1964-05-01,,,,,,,,,,,,,,,,16.271,0.0122933,1.52877,16.794,0.0834327,1.5971
1964-06-01,,,,,,,,,,,,,,,,16.294,0.141356,1.45072,16.806,0.0714541,1.49777
1964-07-01,,,,,,,,,,,,,,,,16.315,0.128882,1.37948,16.823,0.101154,1.50848
1964-08-01,,,,,,,,,,,,,,,,16.327,0.0735519,1.31554,16.845,0.130773,1.54931
1964-09-01,,,,,,,,,,,,,,,,16.352,0.153121,1.48957,16.852,0.0415554,1.40811
1964-10-01,,,,,,,,,,,,,,,,16.362,0.0611546,1.35663,16.859,0.0415381,1.22486
1964-11-01,,,,,,,,,,,,,,,,16.385,0.14057,1.3547,16.883,0.142357,1.27774
1964-12-01,,,,,,,,,,,,,,,,16.409,0.146475,1.35269,16.907,0.142155,1.27591
1965-01-01,,,,,,,,,,,,,,,,16.427,0.109696,1.25123,16.93,0.136038,1.27415
1965-02-01,,,,,,,,,,,,,,,,16.434,0.0426128,1.15098,16.95,0.118133,1.20007
1965-03-01,,,,,,,,,,,,,,,,16.455,0.127784,1.21794,16.96,0.0589971,1.16314
1965-04-01,,,,,,,,,,,,,,,,16.481,0.158007,1.30309,16.98,0.117925,1.1919
1965-05-01,,,,,,,,,,,,,,,,16.518,0.224501,1.51804,17.011,0.182568,1.29213
1965-06-01,,,,,,,,,,,,,,,,16.566,0.290592,1.66933,17.007,-0.0235142,1.196
1965-07-01,,,,,,,,,,,,,,,,16.578,0.0724375,1.61201,17.024,0.0999588,1.19479
1965-08-01,,,,,,,,,,,,,,,,16.582,0.0241284,1.56183,17.056,0.18797,1.2526
1965-09-01,,,,,,,,,,,,,,,,16.59,0.0482451,1.45548,17.076,0.117261,1.32922
1965-10-01,,,,,,,,,,,,,,,,16.595,0.0301386,1.42403,17.07,-0.035137,1.25156
1965-11-01,,,,,,,,,,,,,,,,16.623,0.168726,1.45255,17.102,0.187463,1.29716
1965-12-01,,,,,,,,,,,,,,,,16.683,0.360946,1.66982,17.154,0.304058,1.46093
1966-01-01,,,,,,,,,,,,,,,,16.703,0.119883,1.68016,17.159,0.0291477,1.35263
1966-02-01,,,,,,,,,,,,,,,,16.772,0.413099,2.05671,17.201,0.24477,1.48083
1966-03-01,,,,,,,,,,,,,,,,16.813,0.244455,2.17563,17.223,0.1279,1.55071
1966-04-01,,,,,,,,,,,,,,,,16.871,0.344971,2.36636,17.285,0.359984,1.79623
1966-05-01,,,,,,,,,,,,,,,,16.892,0.124474,2.2642,17.331,0.266127,1.88114
1966-06-01,,,,,,,,,,,,,,,,16.934,0.248638,2.22142,17.387,0.32312,2.23437
1966-07-01,,,,,,,,,,,,,,,,16.967,0.194874,2.34648,17.438,0.293323,2.43186
1966-08-01,,,,,,,,,,,,,,,,17.032,0.383097,2.71379,17.47,0.183507,2.4273
1966-09-01,,,,,,,,,,,,,,,,17.086,0.31705,2.98975,17.524,0.309101,2.62357
1966-10-01,,,,,,,,,,,,,,,,17.131,0.263374,3.22989,17.581,0.325268,2.99356
1966-11-01,,,,,,,,,,,,,,,,17.156,0.145934,3.2064,17.625,0.25027,3.05812
1966-12-01,,,,,,,,,,,,,,,,17.192,0.209839,3.05101,17.679,0.306383,3.06051
1967-01-01,,,,,,,,,,,,,,,,17.193,0.00581666,2.9336,17.695,0.0905029,3.12373
1967-02-01,,,,,,,,,,,,,,,,17.213,0.116326,2.62938,17.727,0.180842,3.05796
1967-03-01,,,,,,,,,,,,,,,,17.222,0.0522861,2.43264,17.754,0.15231,3.08309
1967-04-01,,,,,,,,,,,,,,,,17.251,0.168389,2.25239,17.803,0.275994,2.99682
1967-05-01,,,,,,,,,,,,,,,,17.284,0.191293,2.32063,17.842,0.219064,2.94847
1967-06-01,,,,,,,,,,,,,,,,17.339,0.318213,2.39164,17.887,0.252214,2.87571
1967-07-01,,,,,,,,,,,,,,,,17.398,0.340273,2.54023,17.948,0.34103,2.92465
1967-08-01,,,,,,,,,,,,,,,,17.452,0.310381,2.46595,18.003,0.306441,3.05094
1967-09-01,,,,,,,,,,,,,,,,17.505,0.30369,2.4523,18.067,0.355496,3.09861
1967-10-01,,,,,,,,,,,,,,,,17.554,0.27992,2.46921,18.134,0.370842,3.14544
1967-11-01,,,,,,,,,,,,,,,,17.612,0.330409,2.65796,18.192,0.319841,3.21702
1967-12-01,,,,,,,,,,,,,,,,17.64,0.158983,2.60586,18.237,0.247361,3.15629
1968-01-01,,,,,,,,,,,,,,,,17.722,0.464853,3.07683,18.318,0.444152,3.52077
1968-02-01,,,,,,,,,,,,,,,,17.794,0.406275,3.37536,18.397,0.43127,3.77955
1968-03-01,,,,,,,,,,,,,,,,17.852,0.325953,3.65811,18.47,0.396804,4.03289
1968-04-01,,,,,,,,,,,,,,,,17.908,0.31369,3.80847,18.538,0.368165,4.12852
1968-05-01,,,,,,,,,,,,,,,,17.974,0.36855,3.99213,18.608,0.377603,4.29324
1968-06-01,,,,,,,,,,,,,,,,18.032,0.322688,3.99677,18.681,0.392304,4.43898
1968-07-01,,,,,,,,,,,,,,,,18.087,0.305013,3.96023,18.743,0.331888,4.42946
1968-08-01,,,,,,,,,,,,,,,,18.161,0.409134,4.06257,18.816,0.389479,4.51591
1968-09-01,,,,,,,,,,,,,,,,18.224,0.346897,4.1074,18.892,0.403912,4.56634
1968-10-01,,,,,,,,,,,,,,,,18.304,0.438982,4.27253,18.969,0.40758,4.60461
1968-11-01,,,,,,,,,,,,,,,,18.366,0.338724,4.28117,19.041,0.379567,4.66689
1968-12-01,,,,,,,,,,,,,,,,18.404,0.206904,4.33107,19.098,0.299354,4.72117
1969-01-01,,,,,,,,,,,,,,,,18.476,0.391219,4.2546,19.17,0.377003,4.65116
1969-02-01,,,,,,,,,,,,,,,,18.523,0.254384,4.09689,19.236,0.344288,4.56053
1969-03-01,,,,,,,,,,,,,,,,18.61,0.469686,4.24602,19.326,0.467873,4.63454
1969-04-01,,,,,,,,,,,,,,,,18.692,0.440623,4.37793,19.4,0.382904,4.64991
1969-05-01,,,,,,,,,,,,,,,,18.767,0.401241,4.41193,19.478,0.402062,4.67541
1969-06-01,,,,,,,,,,,,,,,,18.858,0.484894,4.58075,19.545,0.343978,4.62502
1969-07-01,,,,,,,,,,,,,,,,18.941,0.440132,4.72162,19.636,0.465592,4.76445
1969-08-01,,,,,,,,,,,,,,,,18.993,0.274537,4.58125,19.691,0.280098,4.6503
1969-09-01,,,,,,,,,,,,,,,,19.072,0.415943,4.6532,19.77,0.401199,4.64747
1969-10-01,,,,,,,,,,,,,,,,19.137,0.340814,4.55092,19.855,0.429944,4.67078
1969-11-01,,,,,,,,,,,,,,,,19.22,0.433715,4.6499,19.931,0.382775,4.67412
1969-12-01,,,,,,,,,,,,,,,,19.308,0.457856,4.91198,20.005,0.371281,4.74919
1970-01-01,,,,,,,,,,,,,,,,19.377,0.357365,4.8766,20.071,0.329918,4.70005
1970-02-01,,,,,,,,,,,,,,,,19.454,0.397378,5.02618,20.148,0.383638,4.74111
1970-03-01,,,,,,,,,,,,,,,,19.502,0.246736,4.79312,20.223,0.372245,4.64142
1970-04-01,,,,,,,,,,,,,,,,19.601,0.50764,4.86304,20.303,0.395589,4.65464
1970-05-01,,,,,,,,,,,,,,,,19.663,0.31631,4.77434,20.375,0.354627,4.6052
1970-06-01,,,,,,,,,,,,,,,,19.714,0.25937,4.53919,20.448,0.358282,4.62011
1970-07-01,,,,,,,,,,,,,,,,19.786,0.365223,4.46122,20.526,0.381455,4.53249
1970-08-01,,,,,,,,,,,,,,,,19.838,0.262812,4.44901,20.597,0.345903,4.60109
1970-09-01,,,,,,,,,,,,,,,,19.927,0.448634,4.48301,20.683,0.417537,4.61811
1970-10-01,,,,,,,,,,,,,,,,20.026,0.496813,4.64545,20.785,0.493159,4.68396
1970-11-01,,,,,,,,,,,,,,,,20.105,0.394487,4.60458,20.892,0.514794,4.82163
1970-12-01,,,,,,,,,,,,,,,,20.194,0.442676,4.58877,20.997,0.502585,4.95876
1971-01-01,,,,,,,,,,,,,,,,20.237,0.212935,4.43825,21.08,0.395295,5.02715
1971-02-01,,,,,,,,,,,,,,,,20.296,0.291545,4.32816,21.16,0.379507,5.02283
1971-03-01,,,,,,,,,,,,,,,,20.363,0.330114,4.41493,21.228,0.321361,4.96959
1971-04-01,,,,,,,,,,,,,,,,20.443,0.392869,4.2957,21.307,0.37215,4.94508
1971-05-01,,,,,,,,,,,,,,,,20.528,0.41579,4.39913,21.4,0.436476,5.03067
1971-06-01,,,,,,,,,,,,,,,,20.619,0.443297,4.59065,21.485,0.397196,5.0714
1971-07-01,,,,,,,,,,,,,,,,20.681,0.300694,4.5234,21.567,0.381662,5.07162
1971-08-01,,,,,,,,,,,,,,,,20.741,0.290121,4.55187,21.597,0.139101,4.85508
1971-09-01,,,,,,,,,,,,,,,,20.772,0.149462,4.24048,21.633,0.16669,4.59314
1971-10-01,,,,,,,,,,,,,,,,20.804,0.154054,3.88495,21.667,0.157167,4.24344
1971-11-01,,,,,,,,,,,,,,,,20.847,0.206691,3.69062,21.716,0.22615,3.94409
1971-12-01,,,,,,,,,,,,,,,,20.929,0.393342,3.63969,21.784,0.313133,3.74815
1972-01-01,,,,,,,,,,,,,,,,21.015,0.410913,3.84444,21.877,0.426919,3.78083
1972-02-01,,,,,,,,,,,,,,,,21.098,0.394956,3.95152,21.936,0.26969,3.6673
1972-03-01,,,,,,,,,,,,,,,,21.128,0.142194,3.75681,21.979,0.196025,3.53778
1972-04-01,,,,,,,,,,,,,,,,21.16,0.151458,3.50731,22.03,0.23204,3.39325
1972-05-01,,,,,,,,,,,,,,,,21.207,0.222117,3.30768,22.081,0.231502,3.18224
1972-06-01,,,,,,,,,,,,,,,,21.239,0.150894,3.00694,22.126,0.203795,2.98348
1972-07-01,,,,,,,,,,,,,,,,21.315,0.357832,3.06562,22.189,0.284733,2.88404
1972-08-01,,,,,,,,,,,,,,,,21.377,0.290875,3.06639,22.236,0.211817,2.95874
1972-09-01,,,,,,,,,,,,,,,,21.473,0.449081,3.37474,22.31,0.332794,3.12948
1972-10-01,,,,,,,,,,,,,,,,21.497,0.111768,3.33109,22.323,0.0582698,3.02765
1972-11-01,,,,,,,,,,,,,,,,21.561,0.297716,3.42495,22.382,0.264301,3.06686
1972-12-01,,,,,,,,,,,,,,,,21.63,0.320022,3.34942,22.449,0.299348,3.0527
1973-01-01,,,,,,,,,,,,,,,,21.695,0.300509,3.23578,22.463,0.0623636,2.67861
1973-02-01,,,,,,,,,,,,,,,,21.809,0.525467,3.36999,22.534,0.316075,2.72611
1973-03-01,,,,,,,,,,,,,,,,21.964,0.710716,3.95683,22.625,0.403834,2.93917
1973-04-01,,,,,,,,,,,,,,,,22.127,0.742123,4.56994,22.756,0.579006,3.29551
1973-05-01,,,,,,,,,,,,,,,,22.236,0.492611,4.85217,22.844,0.386711,3.45546
1973-06-01,,,,,,,,,,,,,,,,22.363,0.571146,5.29215,22.943,0.433374,3.69249
1973-07-01,,,,,,,,,,,,,,,,22.444,0.362205,5.29674,23.041,0.427146,3.83974
1973-08-01,,,,,,,,,,,,,,,,22.703,1.15398,6.20293,23.148,0.46439,4.10146
1973-09-01,,,,,,,,,,,,,,,,22.793,0.396423,6.14725,23.265,0.505443,4.28059
1973-10-01,,,,,,,,,,,,,,,,22.922,0.565963,6.62883,23.355,0.386847,4.62303
1973-11-01,,,,,,,,,,,,,,,,23.11,0.820173,7.18427,23.468,0.483836,4.85211
1973-12-01,,,,,,,,,,,,,,,,23.3,0.822155,7.72076,23.598,0.553946,5.11827
1974-01-01,,,,,,,,,,,,,,,,23.523,0.957082,8.4259,23.714,0.491567,5.56916
1974-02-01,,,,,,,,,,,,,,,,23.797,1.16482,9.1155,23.865,0.636755,5.90663
1974-03-01,,,,,,,,,,,,,,,,24.073,1.15981,9.60208,24.051,0.779384,6.30276
1974-04-01,,,,,,,,,,,,,,,,24.243,0.706185,9.56298,24.231,0.74841,6.48181
1974-05-01,,,,,,,,,,,,,,,,24.482,0.985852,10.1007,24.464,0.961578,7.09158
1974-06-01,,,,,,,,,,,,,,,,24.69,0.849604,10.4056,24.715,1.026,7.72349
1974-07-01,,,,,,,,,,,,,,,,24.872,0.737141,10.818,24.934,0.886102,8.21579
1974-08-01,,,,,,,,,,,,,,,,25.132,1.04535,10.699,25.174,0.962541,8.75238
1974-09-01,,,,,,,,,,,,,,,,25.393,1.03852,11.407,25.4,0.897752,9.17688
1974-10-01,,,,,,,,,,,,,,,,25.575,0.716733,11.574,25.599,0.783465,9.60822
1974-11-01,,,,,,,,,,,,,,,,25.767,0.750733,11.4972,25.786,0.730497,9.87728
1974-12-01,,,,,,,,,,,,,,,,25.971,0.79171,11.4635,25.968,0.705809,10.0432
1975-01-01,,,,,,,,,,,,,,,,26.132,0.619922,11.0913,26.119,0.581485,10.1417
1975-02-01,,,,,,,,,,,,,,,,26.274,0.543395,10.4089,26.304,0.708297,10.22
1975-03-01,,,,,,,,,,,,,,,,26.363,0.338738,9.51273,26.441,0.520833,9.93722
1975-04-01,,,,,,,,,,,,,,,,26.452,0.337594,9.11191,26.57,0.487879,9.65292
1975-05-01,,,,,,,,,,,,,,,,26.558,0.400726,8.4797,26.683,0.425292,9.07047
1975-06-01,,,,,,,,,,,,,,,,26.724,0.625047,8.23815,26.813,0.487202,8.48877
1975-07-01,,,,,,,,,,,,,,,,26.953,0.856908,8.36684,26.978,0.615373,8.19764
1975-08-01,,,,,,,,,,,,,,,,27.07,0.434089,7.71128,27.071,0.344725,7.53555
1975-09-01,,,,,,,,,,,,,,,,27.204,0.495013,7.13189,27.218,0.543017,7.15748
1975-10-01,,,,,,,,,,,,,,,,27.362,0.580797,6.98729,27.354,0.499669,6.85574
1975-11-01,,,,,,,,,,,,,,,,27.538,0.643228,6.87313,27.535,0.661695,6.78275
1975-12-01,,,,,,,,,,,,,,,,27.69,0.551965,6.61892,27.702,0.606501,6.67745
1976-01-01,,,,,,,,,,,,,,,,27.795,0.379198,6.36385,27.844,0.512598,6.60439
1976-02-01,,,,,,,,,,,,,,,,27.831,0.12952,5.92601,27.955,0.39865,6.27661
1976-03-01,,,,,,,,,,,,,,,,27.873,0.150911,5.72772,28.047,0.3291,6.0739
1976-04-01,,,,,,,,,,,,,,,,27.936,0.226025,5.61016,28.157,0.392199,5.9729
1976-05-01,,,,,,,,,,,,,,,,28.069,0.476088,5.68943,28.29,0.472351,6.02256
1976-06-01,,,,,,,,,,,,,,,,28.192,0.438206,5.49319,28.405,0.406504,5.93742
1976-07-01,,,,,,,,,,,,,,,,28.335,0.507236,5.12744,28.561,0.549199,5.86774
1976-08-01,,,,,,,,,,,,,,,,28.491,0.550556,5.24935,28.726,0.577711,6.11355
1976-09-01,,,,,,,,,,,,,,,,28.651,0.561581,5.31907,28.894,0.584836,6.15769
1976-10-01,,,,,,,,,,,,,,,,28.801,0.523542,5.25912,29.036,0.491452,6.14901
1976-11-01,,,,,,,,,,,,,,,,28.932,0.454845,5.0621,29.168,0.454608,5.93063
1976-12-01,,,,,,,,,,,,,,,,29.094,0.559934,5.07042,29.326,0.54169,5.86239
1977-01-01,,,,,,,,,,,,,,,,29.263,0.580876,5.28153,29.505,0.61038,5.96538
1977-02-01,,,,,,,,,,,,,,,,29.492,0.782558,5.96816,29.686,0.613455,6.19209
1977-03-01,,,,,,,,,,,,,,,,29.64,0.501831,6.33947,29.812,0.424442,6.29301
1977-04-01,,,,,,,,,,,,,,,,29.812,0.580297,6.71535,29.959,0.49309,6.39983
1977-05-01,,,,,,,,,,,,,,,,29.963,0.506507,6.74766,30.112,0.510698,6.44044
1977-06-01,,,,,,,,,,,,,,,,30.131,0.560692,6.87784,30.292,0.597768,6.6432
1977-07-01,,,,,,,,,,,,,,,,30.287,0.517739,6.88901,30.479,0.617325,6.71545
1977-08-01,,,,,,,,,,,,,,,,30.428,0.465546,6.79864,30.629,0.492142,6.62466
1977-09-01,,,,,,,,,,,,,,,,30.543,0.377941,6.60361,30.758,0.421169,6.45117
1977-10-01,,,,,,,,,,,,,,,,30.685,0.464918,6.54144,30.907,0.484427,6.44373
1977-11-01,,,,,,,,,,,,,,,,30.861,0.57357,6.66736,31.067,0.517682,6.51056
1977-12-01,,,,,,,,,,,,,,,,31.011,0.48605,6.58899,31.227,0.515016,6.4823
1978-01-01,,,,,,,,,,,,,,,,31.194,0.590113,6.59878,31.414,0.598841,6.47009
1978-02-01,,,,,,,,,,,,,,,,31.339,0.464833,6.26272,31.535,0.385179,6.22853
1978-03-01,,,,,,,,,,,,,,,,31.542,0.647755,6.417,31.706,0.542255,6.35315
1978-04-01,,,,,,,,,,,,,,,,31.781,0.75772,6.60472,31.911,0.646565,6.51557
1978-05-01,,,,,,,,,,,,,,,,32.008,0.714263,6.82508,32.099,0.589139,6.5987
1978-06-01,,,,,,,,,,,,,,,,32.217,0.652962,6.9231,32.278,0.55765,6.55619
1978-07-01,,,,,,,,,,,,,,,,32.393,0.546295,6.95348,32.468,0.588636,6.5258
1978-08-01,,,,,,,,,,,,,,,,32.557,0.506282,6.99685,32.642,0.535912,6.5722
1978-09-01,,,,,,,,,,,,,,,,32.742,0.568234,7.19969,32.83,0.575945,6.73646
1978-10-01,,,,,,,,,,,,,,,,33.003,0.797141,7.55418,33.071,0.734085,7.00165
1978-11-01,,,,,,,,,,,,,,,,33.19,0.566615,7.54674,33.249,0.538236,7.02353
1978-12-01,,,,,,,,,,,,,,,,33.345,0.467008,7.52636,33.378,0.387982,6.88827
1979-01-01,,,,,,,,,,,,,,,,33.597,0.755735,7.7034,33.549,0.512313,6.79633
1979-02-01,,,,,,,,,,,,,,,,33.776,0.532786,7.77625,33.659,0.327879,6.73537
1979-03-01,,,,,,,,,,,,,,,,34.04,0.78162,7.9196,33.852,0.573398,6.76843
1979-04-01,,,,,,,,,,,,,,,,34.395,1.04289,8.22504,34.165,0.924613,7.0634
1979-05-01,,,,,,,,,,,,,,,,34.751,1.03503,8.56973,34.462,0.869311,7.3616
1979-06-01,,,,,,,,,,,,,,,,35.038,0.825876,8.75625,34.655,0.560037,7.36415
1979-07-01,,,,,,,,,,,,,,,,35.305,0.76203,8.9896,34.829,0.502092,7.27178
1979-08-01,,,,,,,,,,,,,,,,35.575,0.764764,9.2699,35.06,0.66324,7.40763
1979-09-01,,,,,,,,,,,,,,,,35.889,0.882642,9.61151,35.299,0.681689,7.52056
1979-10-01,,,,,,,,,,,,,,,,36.182,0.816406,9.63246,35.557,0.730899,7.51716
1979-11-01,,,,,,,,,,,,,,,,36.433,0.693715,9.77102,35.784,0.638412,7.62429
1979-12-01,,,,,,,,,,,,,,,,36.739,0.839898,10.1784,36.041,0.718198,7.97831
1980-01-01,,,,,,,,,,,,,,,,37.124,1.04793,10.498,36.315,0.760245,8.24466
1980-02-01,,,,,,,,,,,,,,,,37.526,1.08286,11.1026,36.677,0.996833,8.9664
1980-03-01,,,,,,,,,,,,,,,,37.987,1.22848,11.5952,37.017,0.927011,9.34952
1980-04-01,,,,,,,,,,,,,,,,38.185,0.521231,11.019,37.207,0.513278,8.90385
1980-05-01,,,,,,,,,,,,,,,,38.482,0.777792,10.7364,37.507,0.8063,8.83582
1980-06-01,,,,,,,,,,,,,,,,38.725,0.631464,10.5229,37.756,0.663876,8.9482
1980-07-01,,,,,,,,,,,,,,,,39.026,0.777276,10.5396,38.021,0.701875,9.16478
1980-08-01,,,,,,,,,,,,,,,,39.351,0.832778,10.6142,38.296,0.723285,9.22989
1980-09-01,,,,,,,,,,,,,,,,39.715,0.925008,10.6606,38.657,0.942657,9.51302
1980-10-01,,,,,,,,,,,,,,,,40.033,0.800705,10.6434,38.975,0.822619,9.61273
1980-11-01,,,,,,,,,,,,,,,,40.359,0.814328,10.7759,39.282,0.787684,9.77532
1980-12-01,,,,,,,,,,,,,,,,40.621,0.649174,10.5664,39.518,0.600784,9.64735
1981-01-01,,,,,,,,,,,,,,,,41.011,0.960095,10.4703,39.861,0.867959,9.76456
1981-02-01,,,,,,,,,,,,,,,,41.426,1.01192,10.3928,40.152,0.730037,9.4746
1981-03-01,,,,,,,,,,,,,,,,41.715,0.69763,9.81388,40.375,0.55539,9.07151
1981-04-01,,,,,,,,,,,,,,,,41.897,0.436294,9.72109,40.633,0.639009,9.20794
1981-05-01,,,,,,,,,,,,,,,,42.085,0.448719,9.36282,40.913,0.689095,9.08097
1981-06-01,,,,,,,,,,,,,,,,42.253,0.399192,9.11039,41.117,0.498619,8.9019
1981-07-01,,,,,,,,,,,,,,,,42.508,0.603507,8.92226,41.365,0.603157,8.79514
1981-08-01,,,,,,,,,,,,,,,,42.774,0.625765,8.69864,41.642,0.669648,8.7372
1981-09-01,,,,,,,,,,,,,,,,43.033,0.605508,8.35453,41.915,0.655588,8.42797
1981-10-01,,,,,,,,,,,,,,,,43.228,0.453141,7.98092,42.165,0.596445,8.18473
1981-11-01,,,,,,,,,,,,,,,,43.46,0.536689,7.68354,42.411,0.583422,7.96548
1981-12-01,,,,,,,,,,,,,,,,43.594,0.308329,7.31887,42.568,0.370187,7.718
1982-01-01,,,,,,,,,,,,,,,,43.853,0.594118,6.92985,42.829,0.613137,7.44587
1982-02-01,,,,,,,,,,,,,,,,43.985,0.301006,6.17728,42.994,0.385253,7.0781
1982-03-01,,,,,,,,,,,,,,,,44.098,0.256906,5.71257,43.182,0.43727,6.95232
1982-04-01,,,,,,,,,,,,,,,,44.12,0.0498889,5.30587,43.353,0.395998,6.69407
1982-05-01,,,,,,,,,,,,,,,,44.382,0.593835,5.458,43.589,0.544368,6.54071
1982-06-01,,,,,,,,,,,,,,,,44.704,0.725519,5.80077,43.808,0.50242,6.54474
1982-07-01,,,,,,,,,,,,,,,,44.969,0.592788,5.7895,44.092,0.648283,6.59253
1982-08-01,,,,,,,,,,,,,,,,45.108,0.309102,5.45659,44.295,0.460401,6.37097
1982-09-01,,,,,,,,,,,,,,,,45.233,0.277113,5.11236,44.459,0.370245,6.06943
1982-10-01,,,,,,,,,,,,,,,,45.487,0.561537,5.22578,44.741,0.634292,6.10933
1982-11-01,,,,,,,,,,,,,,,,45.624,0.301185,4.97929,44.906,0.368789,5.88291
1982-12-01,,,,,,,,,,,,,,,,45.693,0.151236,4.81488,45.049,0.318443,5.82832
1983-01-01,,,,,,,,,,,,,,,,45.906,0.466155,4.68155,45.357,0.6837,5.90254
1983-02-01,,,,,,,,,,,,,,,,45.984,0.169912,4.54473,45.525,0.370395,5.88687
1983-03-01,,,,,,,,,,,,,,,,46.043,0.128305,4.41063,45.583,0.127403,5.56019
1983-04-01,,,,,,,,,,,,,,,,46.253,0.456095,4.83454,45.721,0.302744,5.46214
1983-05-01,,,,,,,,,,,,,,,,46.384,0.283225,4.51084,45.787,0.144354,5.04256
1983-06-01,,,,,,,,,,,,,,,,46.557,0.372973,4.14504,46.001,0.467382,5.00593
1983-07-01,,,,,,,,,,,,,,,,46.82,0.564899,4.11617,46.311,0.673898,5.03266
1983-08-01,,,,,,,,,,,,,,,,47.02,0.427168,4.23872,46.55,0.516076,5.09087
1983-09-01,,,,,,,,,,,,,,,,47.185,0.350915,4.31543,46.738,0.403867,5.12607
1983-10-01,,,,,,,,,,,,,,,,47.265,0.169545,3.90881,46.821,0.177586,4.64898
1983-11-01,,,,,,,,,,,,,,,,47.332,0.141754,3.74364,46.93,0.232802,4.50719
1983-12-01,,,,,,,,,,,,,,,,47.358,0.0549311,3.64388,46.965,0.0745792,4.25315
1984-01-01,,,,,,,,,,,,,,,,47.564,0.434985,3.61173,47.121,0.332162,3.88915
1984-02-01,,,,,,,,,,,,,,,,47.884,0.672778,4.13187,47.418,0.630292,4.15815
1984-03-01,,,,,,,,,,,,,,,,48.041,0.327876,4.33942,47.598,0.379603,4.42051
1984-04-01,,,,,,,,,,,,,,,,48.224,0.380925,4.26135,47.822,0.470608,4.59526
1984-05-01,,,,,,,,,,,,,,,,48.285,0.126493,4.0984,47.933,0.232111,4.68692
1984-06-01,,,,,,,,,,,,,,,,48.371,0.178109,3.8963,48.046,0.235746,4.44556
1984-07-01,,,,,,,,,,,,,,,,48.544,0.357652,3.68219,48.253,0.430837,4.19339
1984-08-01,,,,,,,,,,,,,,,,48.693,0.306938,3.55806,48.412,0.329513,4
1984-09-01,,,,,,,,,,,,,,,,48.759,0.135543,3.33581,48.486,0.152855,3.74
1984-10-01,,,,,,,,,,,,,,,,48.874,0.235854,3.40421,48.595,0.224807,3.7889
1984-11-01,,,,,,,,,,,,,,,,48.943,0.141179,3.40362,48.698,0.211956,3.76731
1984-12-01,,,,,,,,,,,,,,,,49.081,0.281961,3.63824,48.891,0.39632,4.10093
1985-01-01,,,,,,,,,,,,,,,,49.326,0.499175,3.70448,49.165,0.56043,4.33777
1985-02-01,,,,,,,,,,,,,,,,49.555,0.464258,3.48968,49.42,0.518662,4.22203
1985-03-01,,,,,,,,,,,,,,,,49.749,0.391484,3.5553,49.593,0.350061,4.19135
1985-04-01,,,,,,,,,,,,,,,,49.821,0.144727,3.31163,49.652,0.118968,3.82669
1985-05-01,,,,,,,,,,,,,,,,49.939,0.236848,3.42549,49.823,0.344397,3.943
1985-06-01,,,,,,,,,,,,,,,,50.075,0.272332,3.52277,49.988,0.331172,4.04196
1985-07-01,,,,,,,,,,,,,,,,50.198,0.245632,3.40722,50.134,0.29207,3.8982
1985-08-01,,,,,,,,,,,,,,,,50.364,0.33069,3.4317,50.38,0.490685,4.06511
1985-09-01,,,,,,,,,,,,,,,,50.449,0.168771,3.46603,50.484,0.206431,4.12078
1985-10-01,,,,,,,,,,,,,,,,50.533,0.166505,3.39444,50.565,0.160447,4.05392
1985-11-01,,,,,,,,,,,,,,,,50.68,0.290899,3.54903,50.689,0.245229,4.08846
1985-12-01,,,,,,,,,,,,,,,,50.85,0.335438,3.60425,50.827,0.272248,3.95983
1986-01-01,,,,,,,,,,,,,,,,51.084,0.460177,3.56404,51.101,0.539084,3.93776
1986-02-01,,,,,,,,,,,,,,,,51.084,0,3.08546,51.233,0.258312,3.66856
1986-03-01,,,,,,,,,,,,,,,,50.972,-0.219247,2.45834,51.389,0.304491,3.62148
1986-04-01,,,,,,,,,,,,,,,,50.868,-0.204034,2.10152,51.482,0.180973,3.68565
1986-05-01,,,,,,,,,,,,,,,,50.961,0.182826,2.0465,51.57,0.170934,3.50641
1986-06-01,,,,,,,,,,,,,,,,51.151,0.372834,2.14878,51.725,0.300562,3.47483
1986-07-01,,,,,,,,,,,,,,,,51.164,0.0254149,1.92438,51.819,0.18173,3.36099
1986-08-01,,,,,,,,,,,,,,,,51.228,0.125088,1.71551,51.925,0.204558,3.06669
1986-09-01,,,,,,,,,,,,,,,,51.396,0.327946,1.87714,52.096,0.329321,3.19309
1986-10-01,,,,,,,,,,,,,,,,51.488,0.179002,1.88985,52.273,0.339757,3.37783
1986-11-01,,,,,,,,,,,,,,,,51.58,0.178682,1.77585,52.384,0.212347,3.34392
1986-12-01,,,,,,,,,,,,,,,,51.651,0.13765,1.57522,52.452,0.129811,3.19712
1987-01-01,,,,,,,,,,,,,,,,51.894,0.470465,1.58562,52.578,0.24022,2.89035
1987-02-01,,,,,,,,,,,,,,,,52.076,0.350715,1.9419,52.685,0.203507,2.83411
1987-03-01,,,,,,,,,,,,,,,,52.214,0.264997,2.43663,52.841,0.296099,2.82551
1987-04-01,,,,,,,,,,,,,,,,52.409,0.373463,3.02941,53.065,0.423913,3.07486
1987-05-01,,,,,,,,,,,,,,,,52.542,0.253773,3.10237,53.214,0.280788,3.1879
1987-06-01,,,,,,,,,,,,,,,,52.741,0.378745,3.10844,53.36,0.274364,3.16095
1987-07-01,,,,,,,,,,,,,,,,52.863,0.231319,3.32069,53.498,0.258621,3.24012
1987-08-01,,,,,,,,,,,,,,,,53.072,0.395362,3.59959,53.679,0.33833,3.37795
1987-09-01,,,,,,,,,,,,,,,,53.251,0.337278,3.60923,53.892,0.396803,3.44748
1987-10-01,,,,,,,,,,,,,,,,53.42,0.317365,3.75233,54.122,0.426779,3.5372
1987-11-01,,,,,,,,,,,,,,,,53.521,0.189068,3.76309,54.235,0.208788,3.53352
1987-12-01,,,,,,,,,,,,,,,,53.62,0.184974,3.81212,54.349,0.210196,3.61664
1988-01-01,,,,,,,,,,,,,,,,53.828,0.387915,3.72683,54.606,0.47287,3.85713
1988-02-01,,,,,,,,,,,,,,,,53.908,0.148622,3.51794,54.718,0.205106,3.85878
1988-03-01,,,,,,,,,,,,,,,,54.093,0.343177,3.59865,54.952,0.427647,3.995
1988-04-01,,,,,,,,,,,,,,,,54.356,0.4862,3.71501,55.219,0.485879,4.05917
1988-05-01,,,,,,,,,,,,,,,,54.514,0.290676,3.75319,55.407,0.340463,4.1211
1988-06-01,,,,,,,,,,,,,,,,54.746,0.425579,3.8016,55.641,0.422329,4.27474
1988-07-01,,,,,,,,,,,,,,,,55.012,0.48588,4.06523,55.868,0.407973,4.43007
1988-08-01,,,,,,,,,,,,,,,,55.175,0.296299,3.96254,56.007,0.248801,4.33689
1988-09-01,,,,,,,,,,,,,,,,55.444,0.48754,4.11823,56.307,0.535647,4.48118
1988-10-01,,,,,,,,,,,,,,,,55.625,0.326456,4.12767,56.521,0.380059,4.43258
1988-11-01,,,,,,,,,,,,,,,,55.754,0.23191,4.17219,56.676,0.274234,4.50078
1988-12-01,,,,,,,,,,,,,,,,55.928,0.312085,4.30436,56.864,0.33171,4.6275
1989-01-01,,,,,,,,,,,,,,,,56.215,0.51316,4.4345,57.152,0.506472,4.66249
1989-02-01,,,,,,,,,,,,,,,,56.402,0.332651,4.6264,57.297,0.253709,4.71326
1989-03-01,,,,,,,,,,,,,,,,56.612,0.372327,4.65679,57.468,0.298445,4.57854
1989-04-01,,,,,,,,,,,,,,,,56.989,0.665937,4.84399,57.661,0.335839,4.42239
1989-05-01,,,,,,,,,,,,,,,,57.197,0.364983,4.92167,57.833,0.298295,4.37851
1989-06-01,,,,,,,,,,,,,,,,57.322,0.218543,4.70537,57.987,0.266284,4.21632
1989-07-01,,,,,,,,,,,,,,,,57.459,0.239001,4.44812,58.136,0.256954,4.05957
1989-08-01,,,,,,,,,,,,,,,,57.466,0.0121826,4.15224,58.217,0.139328,3.94594
1989-09-01,,,,,,,,,,,,,,,,57.594,0.22274,3.87779,58.419,0.346978,3.75087
1989-10-01,,,,,,,,,,,,,,,,57.819,0.390666,3.94427,58.631,0.362896,3.73313
1989-11-01,,,,,,,,,,,,,,,,57.945,0.217921,3.92976,58.787,0.266071,3.72468
1989-12-01,,,,,,,,,,,,,,,,58.113,0.28993,3.90681,58.954,0.284076,3.67544
1990-01-01,,,,,,,,,,,,,,,,58.553,0.757146,4.15903,59.181,0.385046,3.55018
1990-02-01,,,,,,,,,,,,,,,,58.811,0.440626,4.27113,59.468,0.484953,3.78903
1990-03-01,,,,,,,,,,,,,,,,59.033,0.37748,4.27648,59.754,0.480931,3.97787
1990-04-01,,,,,,,,,,,,,,,,59.157,0.210052,3.80424,59.932,0.297888,3.93854
1990-05-01,,,,,,,,,,,,,,,,59.29,0.224825,3.65928,60.115,0.305346,3.94584
1990-06-01,,,,,,,,,,,,,,,,59.552,0.441896,3.8903,60.349,0.389254,4.07333
1990-07-01,,,,,,,,,,,,,,,,59.699,0.246843,3.89843,60.501,0.251868,4.06805
1990-08-01,,,,,,,,,,,,,,,,60.096,0.665003,4.57662,60.753,0.416522,4.35612
1990-09-01,,,,,,,,,,,,,,,,60.465,0.614018,4.98489,60.965,0.348954,4.35817
1990-10-01,,,,,,,,,,,,,,,,60.811,0.572232,5.17477,61.172,0.339539,4.33388
1990-11-01,,,,,,,,,,,,,,,,60.888,0.126622,5.07895,61.246,0.12097,4.1829
1990-12-01,,,,,,,,,,,,,,,,60.945,0.0936145,4.87326,61.331,0.138785,4.03196
1991-01-01,,,,,,,,,,,,,,,,61.177,0.380671,4.48141,61.637,0.498932,4.14998
1991-02-01,,,,,,,,,,,,,,,,61.208,0.0506726,4.07577,61.807,0.275808,3.93321
1991-03-01,,,,,,,,,,,,,,,,61.221,0.0212391,3.7064,61.936,0.208714,3.65164
1991-04-01,,,,,,,,,,,,,,,,61.332,0.18131,3.67666,62.06,0.200207,3.55069
1991-05-01,,,,,,,,,,,,,,,,61.586,0.414139,3.87249,62.307,0.398002,3.64634
1991-06-01,,,,,,,,,,,,,,,,61.69,0.16887,3.59014,62.442,0.216669,3.46816
1991-07-01,,,,,,,,,,,,,,,,61.787,0.157238,3.49755,62.632,0.304282,3.52226
1991-08-01,,,,,,,,,,,,,,,,61.931,0.233059,3.05345,62.804,0.27462,3.37596
1991-09-01,,,,,,,,,,,,,,,,62.144,0.343931,2.77681,63.055,0.399656,3.4282
1991-10-01,,,,,,,,,,,,,,,,62.26,0.186663,2.38279,63.194,0.220442,3.30543
1991-11-01,,,,,,,,,,,,,,,,62.397,0.220045,2.47832,63.312,0.186727,3.37328
1991-12-01,,,,,,,,,,,,,,,,62.553,0.250012,2.63844,63.468,0.246399,3.48437
1992-01-01,,,,,,,,,,,,,,,,62.638,0.135885,2.38815,63.641,0.272578,3.25129
1992-02-01,,,,,,,,,,,,,,,,62.797,0.25384,2.59607,63.814,0.271837,3.24721
1992-03-01,,,,,,,,,,,,,,,,62.949,0.24205,2.82256,63.973,0.249162,3.28888
1992-04-01,,,,,,,,,,,,,,,,63.119,0.27006,2.91365,64.183,0.328263,3.42088
1992-05-01,,,,,,,,,,,,,,,,63.203,0.133082,2.6256,64.273,0.140224,3.15534
1992-06-01,,,,,,,,,,,,,,,,63.315,0.177207,2.63414,64.323,0.0777932,3.0124
1992-07-01,,,,,,,,,,,,,,,,63.524,0.330096,2.81127,64.566,0.377781,3.08788
1992-08-01,,,,,,,,,,,,,,,,63.609,0.133808,2.70947,64.625,0.0913794,2.8995
1992-09-01,,,,,,,,,,,,,,,,63.713,0.163499,2.52478,64.73,0.162476,2.65641
1992-10-01,,,,,,,,,,,,,,,,63.938,0.353146,2.69515,64.979,0.384675,2.82464
1992-11-01,,,,,,,,,,,,,,,,64.064,0.197066,2.6716,65.121,0.218532,2.85728
1992-12-01,,,,,,,,,,,,,,,,64.176,0.174825,2.5946,65.242,0.185808,2.79511
1993-01-01,,,,,,,,,,,,,,,,64.332,0.243082,2.70443,65.432,0.291223,2.81422
1993-02-01,,,,,,,,,,,,,,,,64.429,0.15078,2.59885,65.557,0.191038,2.73138
1993-03-01,,,,,,,,,,,,,,,,64.561,0.204877,2.5608,65.7,0.218131,2.69958
1993-04-01,,,,,,,,,,,,,,,,64.733,0.266415,2.55707,65.891,0.290715,2.66114
1993-05-01,,,,,,,,,,,,,,,,64.933,0.308961,2.73721,66.114,0.338438,2.86434
1993-06-01,,,,,,,,,,,,,,,,64.955,0.0338811,2.59022,66.177,0.09529,2.88233
1993-07-01,,,,,,,,,,,,,,,,65.059,0.160111,2.41641,66.314,0.207021,2.70731
1993-08-01,,,,,,,,,,,,,,,,65.17,0.170614,2.45406,66.438,0.186989,2.80542
1993-09-01,,,,,,,,,,,,,,,,65.238,0.104342,2.39355,66.538,0.150516,2.79314
1993-10-01,,,,,,,,,,,,,,,,65.443,0.314234,2.35384,66.647,0.163816,2.56698
1993-11-01,,,,,,,,,,,,,,,,65.567,0.189478,2.34609,66.819,0.258076,2.60745
1993-12-01,,,,,,,,,,,,,,,,65.582,0.0228774,2.19085,66.849,0.0448974,2.46314
1994-01-01,,,,,,,,,,,,,,,,65.604,0.0335458,1.97724,66.902,0.0792832,2.24661
1994-02-01,,,,,,,,,,,,,,,,65.756,0.231693,2.05963,67.047,0.216735,2.27283
1994-03-01,,,,,,,,,,,,,,,,65.937,0.27526,2.13132,67.275,0.34006,2.39726
1994-04-01,,,,,,,,,,,,,,,,66.015,0.118295,1.98044,67.376,0.15013,2.25372
1994-05-01,,,,,,,,,,,,,,,,66.111,0.145421,1.81418,67.526,0.222631,2.1357
1994-06-01,,,,,,,,,,,,,,,,66.272,0.24353,2.02756,67.676,0.222137,2.26514
1994-07-01,,,,,,,,,,,,,,,,66.481,0.315367,2.18571,67.818,0.209823,2.268
1994-08-01,,,,,,,,,,,,,,,,66.634,0.230141,2.24643,67.894,0.112065,2.19152
1994-09-01,,,,,,,,,,,,,,,,66.708,0.111054,2.25329,67.997,0.151707,2.19273
1994-10-01,,,,,,,,,,,,,,,,66.821,0.169395,2.10565,68.157,0.235304,2.26567
1994-11-01,,,,,,,,,,,,,,,,66.948,0.19006,2.10624,68.282,0.1834,2.1895
1994-12-01,,,,,,,,,,,,,,,,66.991,0.064229,2.14846,68.305,0.0336838,2.17804
1995-01-01,,,,,,,,,,,,,,,,67.127,0.203012,2.3215,68.475,0.248884,2.3512
1995-02-01,,,,,,,,,,,,,,,,67.246,0.177276,2.26595,68.587,0.163563,2.2969
1995-03-01,,,,,,,,,,,,,,,,67.37,0.184398,2.17329,68.755,0.244944,2.19993
1995-04-01,,,,,,,,,,,,,,,,67.547,0.262728,2.32068,68.915,0.23271,2.2842
1995-05-01,,,,,,,,,,,,,,,,67.651,0.153967,2.32942,69.032,0.169774,2.23025
1995-06-01,,,,,,,,,,,,,,,,67.717,0.0975595,2.18041,69.092,0.0869162,2.09232
1995-07-01,,,,,,,,,,,,,,,,67.802,0.125522,1.98703,69.201,0.157761,2.03928
1995-08-01,,,,,,,,,,,,,,,,67.948,0.215333,1.97197,69.367,0.239881,2.16956
1995-09-01,,,,,,,,,,,,,,,,67.995,0.0691705,1.9293,69.458,0.131186,2.14862
1995-10-01,,,,,,,,,,,,,,,,68.171,0.258843,2.02032,69.627,0.243313,2.15679
1995-11-01,,,,,,,,,,,,,,,,68.169,-0.0029338,1.8238,69.672,0.0646301,2.03568
1995-12-01,,,,,,,,,,,,,,,,68.3,0.192169,1.95399,69.77,0.140659,2.14479
1996-01-01,,,,,,,,,,,,,,,,68.452,0.222548,1.97387,69.849,0.113229,2.00657
1996-02-01,,,,,,,,,,,,,,,,68.56,0.157775,1.95402,69.94,0.130281,1.97268
1996-03-01,,,,,,,,,,,,,,,,68.767,0.301925,2.07362,70.102,0.231627,1.95913
1996-04-01,,,,,,,,,,,,,,,,68.973,0.299562,2.11112,70.197,0.135517,1.86026
1996-05-01,,,,,,,,,,,,,,,,69.092,0.172531,2.13005,70.319,0.173797,1.86435
1996-06-01,,,,,,,,,,,,,,,,69.091,-0.00144735,2.02903,70.373,0.0767929,1.85405
1996-07-01,,,,,,,,,,,,,,,,69.237,0.211316,2.11646,70.505,0.187572,1.88437
1996-08-01,,,,,,,,,,,,,,,,69.303,0.0953248,1.99417,70.566,0.0865187,1.72849
1996-09-01,,,,,,,,,,,,,,,,69.499,0.282816,2.21193,70.78,0.303262,1.90331
1996-10-01,,,,,,,,,,,,,,,,69.709,0.302163,2.25609,70.948,0.237355,1.89725
1996-11-01,,,,,,,,,,,,,,,,69.833,0.177882,2.44099,71.041,0.131082,1.96492
1996-12-01,,,,,,,,,,,,,,,,69.914,0.115991,2.3631,71.068,0.0380062,1.8604
1997-01-01,,,,,,,,,,,,,,,,70.005,0.13016,2.26874,71.144,0.10694,1.854
1997-02-01,,,,,,,,,,,,,,,,70.151,0.208557,2.3206,71.29,0.205218,1.93023
1997-03-01,,,,,,,,,,,,,,,,70.225,0.105487,2.1202,71.46,0.238463,1.93718
1997-04-01,,,,,,,,,,,,,,,,70.294,0.0982556,1.91524,71.6,0.195914,1.99866
1997-05-01,,,,,,,,,,,,,,,,70.262,-0.0455231,1.69339,71.652,0.0726257,1.89565
1997-06-01,,,,,,,,,,,,,,,,70.352,0.128092,1.82513,71.758,0.147937,1.96808
1997-07-01,,,,,,,,,,,,,,,,70.394,0.0596998,1.67107,71.807,0.0682851,1.84668
1997-08-01,,,,,,,,,,,,,,,,70.45,0.0795522,1.65505,71.778,-0.040386,1.71754
1997-09-01,,,,,,,,,,,,,,,,70.62,0.241306,1.61297,71.927,0.207584,1.62051
1997-10-01,,,,,,,,,,,,,,,,70.712,0.130275,1.43884,72.036,0.151543,1.53352
1997-11-01,,,,,,,,,,,,,,,,70.716,0.00565675,1.26445,72.058,0.0305403,1.43157
1997-12-01,,,,,,,,,,,,,,,,70.701,-0.0212116,1.12567,72.1,0.0582864,1.45213
1998-01-01,,,,,,,,,,,,,,,,70.736,0.0495043,1.04421,72.21,0.152566,1.49837
1998-02-01,,,,,,,,,,,,,,,,70.699,-0.0523072,0.781172,72.272,0.0858607,1.37747
1998-03-01,,,,,,,,,,,,,,,,70.71,0.0155589,0.690637,72.349,0.106542,1.24405
1998-04-01,,,,,,,,,,,,,,,,70.798,0.124452,0.716989,72.482,0.183831,1.23184
1998-05-01,,,,,,,,,,,,,,,,70.895,0.13701,0.900914,72.552,0.0965757,1.25607
1998-06-01,,,,,,,,,,,,,,,,70.835,-0.0846322,0.686548,72.461,-0.125427,0.979682
1998-07-01,,,,,,,,,,,,,,,,71.01,0.247053,0.875075,72.665,0.281531,1.19487
1998-08-01,,,,,,,,,,,,,,,,71.108,0.138009,0.933996,72.807,0.195417,1.43359
1998-09-01,,,,,,,,,,,,,,,,71.067,-0.0576588,0.632965,72.795,-0.0164819,1.20678
1998-10-01,,,,,,,,,,,,,,,,71.223,0.219511,0.72265,72.937,0.195068,1.25076
1998-11-01,,,,,,,,,,,,,,,,71.226,0.00421212,0.721195,72.95,0.0178236,1.23789
1998-12-01,,,,,,,,,,,,,,,,71.298,0.101087,0.844401,73.076,0.172721,1.35368
1999-01-01,,,,,,,,,,,,,,,,71.398,0.140256,0.935874,73.18,0.142318,1.3433
1999-02-01,,,,,,,,,,,,,,,,71.358,-0.056024,0.932121,73.155,-0.0341623,1.22177
1999-03-01,,,,,,,,,,,,,,,,71.412,0.0756748,0.992787,73.177,0.0300731,1.14445
1999-04-01,,,,,,,,,,,,,,,,71.757,0.483112,1.35456,73.365,0.256911,1.21823
1999-05-01,,,,,,,,,,,,,,,,71.804,0.0654988,1.28218,73.435,0.0954133,1.21706
1999-06-01,,,,,,,,,,,,,,,,71.826,0.030639,1.39903,73.474,0.0531082,1.39799
1999-07-01,,,,,,,,,,,,,,,,72.017,0.26592,1.41811,73.606,0.179655,1.29498
1999-08-01,,,,,,,,,,,,,,,,72.148,0.181901,1.46256,73.642,0.0489091,1.14687
1999-09-01,,,,,,,,,,,,,,,,72.407,0.358984,1.88554,73.837,0.264795,1.43142
1999-10-01,,,,,,,,,,,,,,,,72.529,0.168492,1.83368,73.963,0.170646,1.40669
1999-11-01,,,,,,,,,,,,,,,,72.594,0.0896193,1.92065,74.034,0.0959939,1.48595
1999-12-01,,,,,,,,,,,,,,,,72.763,0.232802,2.05476,74.128,0.126969,1.4396
2000-01-01,169.3,,,179.3,,,,,,,,,,,,72.961,0.272116,2.18914,74.306,0.240125,1.53867
2000-02-01,170,0.413467,,179.4,0.0557724,,,,,,,,,,,73.191,0.315237,2.56874,74.415,0.146691,1.72237
2000-03-01,171,0.588235,,180,0.334448,,,,,,,,,,,73.505,0.429014,2.93088,74.568,0.205604,1.90087
2000-04-01,170.9,-0.0584795,,180.3,0.166667,,,,,,,,,,,73.444,-0.0829876,2.35099,74.617,0.0657118,1.70654
2000-05-01,171.2,0.175541,,180.7,0.221852,,,,,,,,,,,73.505,0.0830565,2.36895,74.697,0.107214,1.71853
2000-06-01,172.2,0.584112,,181.1,0.221361,,,,,,,,,,,73.754,0.338752,2.68426,74.754,0.0763083,1.74211
2000-07-01,172.7,0.29036,,181.5,0.220872,,,,,,,,,,,73.939,0.250834,2.66881,74.925,0.22875,1.79197
2000-08-01,172.7,0,,181.9,0.220386,,,,,,,,,,,73.934,-0.00676233,2.47547,75.021,0.128128,1.87257
2000-09-01,173.6,0.521135,,182.3,0.219901,,,,,,,,,,,74.252,0.430113,2.5481,75.203,0.242599,1.85002
2000-10-01,173.9,0.172811,,182.6,0.164564,,,,,,,,,,,74.353,0.136023,2.51486,75.308,0.139622,1.81848
2000-11-01,174.2,0.172513,,183.1,0.273823,,,,,,,,,,,74.457,0.139873,2.56633,75.441,0.176608,1.90048
2000-12-01,174.6,0.229621,,183.3,0.10923,,,,,,,,,,,74.571,0.153109,2.48478,75.515,0.0980899,1.87109
2001-01-01,175.6,0.572738,3.7212,183.9,0.327332,2.56553,,,,,,,,,,74.932,0.484102,2.70144,75.796,0.372112,2.00522
2001-02-01,176,0.22779,3.52941,184.4,0.271887,2.78707,,,,,,,,,,75.048,0.154807,2.5372,75.93,0.17679,2.03588
2001-03-01,176.1,0.0568182,2.98246,184.7,0.16269,2.61111,,,,,,,,,,75.055,0.00932736,2.1087,76.009,0.104043,1.93246
2001-04-01,176.4,0.170358,3.21826,185.1,0.216567,2.66223,,,,,,,,,,75.187,0.175871,2.37324,76.13,0.159192,2.02769
2001-05-01,177.3,0.510204,3.56308,185.3,0.10805,2.54566,,,,,,,,,,75.385,0.263343,2.55765,76.148,0.0236438,1.94251
2001-06-01,177.7,0.225606,3.19396,186,0.377766,2.70569,,,,,,,,,,75.518,0.176428,2.39173,76.318,0.223249,2.0922
2001-07-01,177.4,-0.168824,2.72148,186.4,0.215054,2.69972,,,,,,,,,,75.493,-0.0331047,2.10173,76.515,0.25813,2.12212
2001-08-01,177.4,0,2.72148,186.7,0.160944,2.63881,,,,,,,,,,75.484,-0.0119216,2.09646,76.553,0.0496635,2.04209
2001-09-01,178.1,0.394589,2.59217,187.1,0.214247,2.63302,,,,,,,,,,75.227,-0.34047,1.3131,76.118,-0.568234,1.21671
2001-10-01,177.6,-0.280741,2.12766,187.4,0.160342,2.6287,,,,,,,,,,75.492,0.352267,1.53188,76.654,0.70417,1.78733
2001-11-01,177.5,-0.0563063,1.89437,188.1,0.373533,2.73075,,,,,,,,,,75.441,-0.0675568,1.32157,76.81,0.203512,1.81466
2001-12-01,177.4,-0.056338,1.60367,188.4,0.15949,2.78232,,,,,,,,,,75.363,-0.103392,1.06208,76.828,0.0234344,1.73873
2002-01-01,177.7,0.169109,1.1959,188.7,0.159236,2.61011,,,,,,,,,,75.431,0.09023,0.665937,76.871,0.0559692,1.41828
2002-02-01,178,0.168824,1.13636,189.1,0.211977,2.54881,,,,,,,,,,75.558,0.168366,0.679565,77.018,0.191229,1.4329
2002-03-01,178.5,0.280899,1.36286,189.2,0.0528821,2.43638,,,,,,,,,,75.763,0.271315,0.943308,77.11,0.119453,1.44851
2002-04-01,179.3,0.448179,1.64399,189.7,0.264271,2.48514,,,,,,,,,,76.08,0.41841,1.18771,77.325,0.278822,1.56968
2002-05-01,179.5,0.111545,1.24083,190,0.158144,2.53643,,,,,,,,,,76.13,0.0657203,0.98826,77.411,0.111219,1.65861
2002-06-01,179.6,0.0557103,1.06922,190.2,0.105263,2.25806,,,,,,,,,,76.225,0.124787,0.936201,77.534,0.158892,1.59333
2002-07-01,180,0.222717,1.46561,190.5,0.157729,2.19957,,,,,,,,,,76.393,0.2204,1.19216,77.692,0.203782,1.53826
2002-08-01,180.5,0.277778,1.74746,191.1,0.314961,2.35672,,,,,,,,,,76.543,0.196353,1.40295,77.845,0.196931,1.68772
2002-09-01,180.8,0.166205,1.516,191.3,0.104657,2.24479,,,,,,,,,,76.681,0.180291,1.93282,77.972,0.163145,2.43569
2002-10-01,181.2,0.221239,2.02703,191.5,0.104548,2.18783,,,,,,,,,,76.821,0.182575,1.76045,78.038,0.0846458,1.80552
2002-11-01,181.5,0.165563,2.25352,191.9,0.208877,2.0202,,,,,,,,,,76.897,0.0989313,1.92999,78.114,0.0973885,1.6977
2002-12-01,181.8,0.165289,2.48027,192.1,0.104221,1.96391,,,,,,,,,,76.971,0.0962326,2.13367,78.187,0.0934532,1.76889
2003-01-01,182.6,0.440044,2.75746,192.4,0.156169,1.96078,,,,,,,,,,77.201,0.298814,2.34652,78.24,0.0677862,1.78091
2003-02-01,183.6,0.547645,3.14607,192.5,0.0519751,1.79799,,,,,,,,,,77.526,0.420979,2.60462,78.348,0.138037,1.72687
2003-03-01,183.9,0.163399,3.02521,192.5,0,1.74419,,,,,,,,,,77.725,0.256688,2.58965,78.474,0.160821,1.7689
2003-04-01,183.2,-0.380642,2.17513,192.5,0,1.47601,,,,,,,,,,77.593,-0.16983,1.9887,78.561,0.110865,1.59845
2003-05-01,182.9,-0.163755,1.89415,192.9,0.207792,1.52632,,,,,,,,,,77.504,-0.114701,1.80481,78.674,0.143837,1.63155
2003-06-01,183.1,0.109349,1.94878,193,0.0518403,1.47213,,,,,,,,,,77.588,0.108382,1.78813,78.718,0.055927,1.52707
2003-07-01,183.7,0.32769,2.05556,193.4,0.207254,1.52231,,,,,,,,,,77.816,0.29386,1.86274,78.915,0.25026,1.57416
2003-08-01,184.5,0.435493,2.21607,193.6,0.103413,1.30822,,,,,,,,,,78.079,0.337977,2.00672,79.004,0.11278,1.48886
2003-09-01,185.1,0.325203,2.37832,193.7,0.0516529,1.25457,,,,,,,,,,78.323,0.312504,2.14134,79.114,0.139233,1.46463
2003-10-01,184.9,-0.10805,2.04194,194,0.154879,1.30548,,,,,,,,,,78.333,0.0127676,1.96821,79.26,0.184544,1.5659
2003-11-01,185,0.0540833,1.92837,194,0,1.09432,,,,,,,,,,78.432,0.126384,1.99618,79.368,0.13626,1.60535
2003-12-01,185.5,0.27027,2.0352,194.2,0.103093,1.09318,,,,,,,,,,78.605,0.220573,2.12288,79.467,0.124735,1.6371
2004-01-01,186.3,0.431267,2.02629,194.6,0.205973,1.14345,,,,,,,,,,78.909,0.386744,2.21241,79.671,0.25671,1.82899
2004-02-01,186.7,0.214707,1.68845,194.9,0.154162,1.24675,,,,,,,,,,79.077,0.212903,2.00062,79.8,0.161916,1.85327
2004-03-01,187.1,0.214247,1.74008,195.5,0.30785,1.55844,,,,,,,,,,79.199,0.15428,1.89643,79.934,0.16792,1.86049
2004-04-01,187.4,0.160342,2.29258,195.9,0.204604,1.76623,,,,,,,,,,79.346,0.185608,2.25922,80.142,0.260215,2.01245
2004-05-01,188.2,0.426894,2.89776,196.2,0.153139,1.71073,,,,,,,,,,79.604,0.325158,2.70954,80.252,0.137256,2.00575
2004-06-01,188.9,0.371945,3.16767,196.6,0.203874,1.86528,,,,,,,,,,79.831,0.285162,2.89091,80.379,0.158252,2.11006
2004-07-01,189.1,0.105876,2.93958,196.8,0.101729,1.75801,,,,,,,,,,79.905,0.0926958,2.68454,80.474,0.11819,1.97554
2004-08-01,189.2,0.0528821,2.54743,196.9,0.050813,1.70455,,,,,,,,,,79.946,0.0513109,2.39117,80.505,0.0385218,1.8999
2004-09-01,189.8,0.317125,2.53917,197.5,0.304723,1.9618,,,,,,,,,,80.104,0.197633,2.27392,80.656,0.187566,1.94909
2004-10-01,190.8,0.52687,3.19091,197.9,0.202532,2.01031,,,,,,,,,,80.448,0.429442,2.70001,80.831,0.216971,1.98208
2004-11-01,191.7,0.471698,3.62162,198.3,0.202122,2.21649,,,,,,,,,,80.758,0.385342,2.96563,81.005,0.215264,2.06254
2004-12-01,191.7,0,3.34232,198.6,0.151286,2.26571,,,,,,,,,,80.801,0.0532455,2.79372,81.109,0.128387,2.06627
2005-01-01,191.6,-0.0521648,2.84487,199,0.20141,2.26105,,,,,,,,,,80.907,0.131186,2.53203,81.401,0.360009,2.17143
2005-02-01,192.4,0.417537,3.05303,199.4,0.201005,2.30888,,,,,,,,,,81.132,0.278097,2.59873,81.536,0.165846,2.17544
2005-03-01,193.1,0.363825,3.20684,200.1,0.351053,2.35294,,,,,,,,,,81.375,0.299512,2.74751,81.737,0.246517,2.25561
2005-04-01,193.7,0.31072,3.36179,200.2,0.049975,2.195,,,,,,,,,,81.603,0.280184,2.8445,81.831,0.115003,2.10751
2005-05-01,193.6,-0.0516262,2.86929,200.5,0.14985,2.19164,,,,,,,,,,81.649,0.0563705,2.56897,81.999,0.205301,2.17689
2005-06-01,193.7,0.0516529,2.54103,200.6,0.0498753,2.03459,,,,,,,,,,81.7,0.0624625,2.3412,82.056,0.069513,2.08637
2005-07-01,194.9,0.619515,3.06716,200.9,0.149551,2.08333,,,,,,,,,,82.046,0.423501,2.67943,82.176,0.146242,2.11497
2005-08-01,196.1,0.6157,3.64693,201.1,0.099552,2.13306,,,,,,,,,,82.377,0.403432,3.0408,82.243,0.0815323,2.15887
2005-09-01,198.8,1.37685,4.74183,201.3,0.099453,1.92405,,,,,,,,,,83.172,0.965075,3.83002,82.425,0.221295,2.19327
2005-10-01,199.1,0.150905,4.3501,202,0.34774,2.07175,,,,,,,,,,83.305,0.15991,3.55136,82.662,0.287534,2.26522
2005-11-01,198.1,-0.50226,3.33855,202.5,0.247525,2.118,,,,,,,,,,83.131,-0.208871,2.93841,82.873,0.255256,2.30603
2005-12-01,198.1,0,3.33855,202.8,0.148148,2.1148,,,,,,,,,,83.131,0,2.88363,82.959,0.103773,2.28088
2006-01-01,199.3,0.605755,4.01879,203.2,0.197239,2.11055,,,,,,,,,,83.534,0.484777,3.24694,83.145,0.224207,2.14248
2006-02-01,199.4,0.0501756,3.63825,203.6,0.19685,2.10632,,,,,,,,,,83.584,0.0598559,3.02224,83.279,0.161164,2.13771
2006-03-01,199.7,0.150451,3.41792,204.3,0.343811,2.09895,,,,,,,,,,83.746,0.193817,2.91367,83.509,0.27618,2.16793
2006-04-01,200.7,0.500751,3.61384,204.8,0.244738,2.2977,,,,,,,,,,84.135,0.4645,3.10283,83.764,0.305356,2.36219
2006-05-01,201.3,0.298954,3.97727,205.4,0.292969,2.44389,,,,,,,,,,84.361,0.268616,3.32153,83.974,0.250704,2.40857
2006-06-01,201.8,0.248385,4.18172,205.9,0.243427,2.64207,,,,,,,,,,84.569,0.246559,3.51163,84.186,0.252459,2.59579
2006-07-01,202.9,0.545094,4.10467,206.3,0.194269,2.6879,,,,,,,,,,84.858,0.341733,3.42735,84.268,0.0974034,2.54576
2006-08-01,203.8,0.443568,3.92657,206.8,0.242365,2.83441,,,,,,,,,,85.125,0.314643,3.33588,84.44,0.204111,2.67135
2006-09-01,202.8,-0.490677,2.01207,207.2,0.193424,2.93095,,,,,,,,,,84.902,-0.261968,2.08003,84.573,0.157508,2.60601
2006-10-01,201.9,-0.443787,1.40633,207.6,0.19305,2.77228,,,,,,,,,,84.702,-0.235566,1.67697,84.726,0.180909,2.49692
2006-11-01,202,0.0495295,1.9687,207.8,0.0963391,2.61728,,,,,,,,,,84.731,0.0342377,1.92467,84.766,0.047211,2.28422
2006-12-01,203.1,0.544554,2.52398,208.1,0.14437,2.61341,,,,,,,,,,85.032,0.355242,2.28675,84.88,0.134488,2.3156
2007-01-01,203.437,0.165928,2.07577,208.6,0.240269,2.65748,,,,,,,,,,85.316,0.333992,2.13326,85.224,0.405278,2.50045
2007-02-01,204.226,0.387835,2.42026,209.135,0.256472,2.71857,,,,,,,,,,85.581,0.31061,2.38921,85.408,0.215902,2.55647
2007-03-01,205.288,0.520012,2.7982,209.418,0.135319,2.50514,,,,,,,,,,85.894,0.365735,2.5649,85.494,0.100693,2.37699
2007-04-01,205.904,0.300066,2.59292,209.747,0.157102,2.41553,,,,,,,,,,86.096,0.235174,2.33078,85.616,0.1427,2.21097
2007-05-01,206.755,0.413299,2.70989,210.058,0.148274,2.26777,,,,,,,,,,86.346,0.290374,2.35298,85.717,0.117969,2.07564
2007-06-01,207.234,0.231675,2.69277,210.392,0.159004,2.18164,,,,,,,,,,86.529,0.211938,2.31763,85.859,0.165661,1.98727
2007-07-01,207.603,0.17806,2.31789,210.773,0.181091,2.1682,,,,,,,,,,86.661,0.15255,2.12473,85.988,0.150246,2.04111
2007-08-01,207.667,0.0308281,1.89745,211.119,0.164158,2.08849,,,,,,,,,,86.72,0.0680814,1.87372,86.116,0.148858,1.98484
2007-09-01,208.547,0.423755,2.83383,211.554,0.206045,2.10135,,,,,,,,,,87.054,0.385148,2.53469,86.351,0.272888,2.10233
2007-10-01,209.19,0.308324,3.6107,212.077,0.247218,2.15655,,,,,,,,,,87.318,0.30326,3.08847,86.576,0.260564,2.18351
2007-11-01,210.834,0.785888,4.37327,212.66,0.2749,2.33879,,,,,,,,,,87.781,0.530246,3.59963,86.746,0.196359,2.33584
2007-12-01,211.445,0.289801,4.10881,213.168,0.238879,2.43537,,,,,,,,,,87.984,0.231257,3.47163,86.92,0.200586,2.40339
2008-01-01,212.174,0.344771,4.2947,213.771,0.282875,2.47891,,,,,,,,,,88.206,0.252319,3.38741,87.093,0.199034,2.19304
2008-02-01,212.687,0.241783,4.14296,213.939,0.0785888,2.29708,,,,,,,,,,88.382,0.199533,3.27292,87.178,0.0975968,2.07241
2008-03-01,213.448,0.357803,3.9749,214.42,0.22483,2.38852,,,,,,,,,,88.635,0.286257,3.19114,87.349,0.19615,2.16974
2008-04-01,213.942,0.231438,3.90376,214.56,0.0652924,2.29467,,,,,,,,,,88.799,0.185028,3.13952,87.4,0.0583865,2.08372
2008-05-01,215.208,0.591749,4.08841,214.936,0.175242,2.32222,,,,,,,,,,89.18,0.429059,3.28214,87.559,0.181922,2.14893
2008-06-01,217.463,1.04782,4.93597,215.424,0.227044,2.39173,,,,,,,,,,89.827,0.725499,3.81144,87.76,0.229559,2.2141
2008-07-01,219.016,0.714144,5.49751,215.965,0.251133,2.46331,,,,,,,,,,90.245,0.465339,4.13566,87.918,0.180036,2.2445
2008-08-01,218.69,-0.148848,5.30802,216.393,0.19818,2.49812,,,,,,,,,,90.172,-0.0808909,3.98063,88.026,0.122842,2.21794
2008-09-01,218.877,0.0855092,4.95332,216.713,0.147879,2.43862,,,,,,,,,,90.247,0.0831744,3.66784,88.116,0.102243,2.04398
2008-10-01,216.995,-0.859844,3.73106,216.788,0.034608,2.22136,,,,,,,,,,89.651,-0.66041,2.67184,87.991,-0.141858,1.6344
2008-11-01,213.153,-1.77055,1.09992,216.947,0.0733435,2.01589,,,,,,,,,,88.593,-1.18013,0.925029,87.952,-0.0443227,1.39027
2008-12-01,211.398,-0.823352,-0.022228,216.925,-0.0101407,1.76246,,,,,,,,,,88.098,-0.558735,0.129569,87.909,-0.0488903,1.13783
2009-01-01,211.933,0.253077,-0.113586,217.346,0.194076,1.67235,,,,,,,,,,88.108,0.011351,-0.111104,87.882,-0.0307136,0.905928
2009-02-01,212.705,0.364266,0.00846314,217.792,0.205203,1.80098,,,,,,,,,,88.266,0.179325,-0.131248,87.952,0.0796523,0.887839
2009-03-01,212.495,-0.0987283,-0.446479,218.253,0.21167,1.78761,,,,,,,,,,88.169,-0.109895,-0.525752,88.015,0.07163,0.762459
2009-04-01,212.709,0.100708,-0.576324,218.706,0.207557,1.93233,,,,,,,,,,88.295,0.142907,-0.567574,88.211,0.222689,0.927918
2009-05-01,213.022,0.147149,-1.01576,218.904,0.0905325,1.84613,,,,,,,,,,88.387,0.104196,-0.889213,88.279,0.0770879,0.822303
2009-06-01,214.79,0.829961,-1.22917,219.112,0.0950188,1.71197,,,,,,,,,,88.912,0.593979,-1.01862,88.392,0.128003,0.720146
2009-07-01,214.726,-0.0297965,-1.95876,219.263,0.0689145,1.5271,,,,,,,,,,88.922,0.0112471,-1.46601,88.468,0.0859806,0.625583
2009-08-01,215.445,0.334845,-1.48384,219.496,0.106265,1.43397,,,,,,,,,,89.18,0.290142,-1.10012,88.599,0.148076,0.650944
2009-09-01,215.861,0.193089,-1.37794,219.92,0.19317,1.47984,,,,,,,,,,89.324,0.161471,-1.02275,88.755,0.176074,0.72518
2009-10-01,216.509,0.300193,-0.223968,220.501,0.264187,1.71273,,,,,,,,,,89.663,0.379517,0.0133852,89.082,0.36843,1.2399
2009-11-01,217.234,0.334859,1.91459,220.666,0.0748296,1.71424,100.2,,,,,,,,,89.887,0.249824,1.46061,89.16,0.0875598,1.37348
2009-12-01,217.347,0.0520176,2.81412,220.881,0.0974323,1.82367,100.3,0.0998004,,,,,,,,89.939,0.0578504,2.08972,89.236,0.08524,1.50952
2010-01-01,217.488,0.0648732,2.62111,220.633,-0.112278,1.51234,101.2,0.897308,,,,,,,,90.136,0.219037,2.30172,89.368,0.147922,1.6909
2010-02-01,217.281,-0.0951777,2.15134,220.731,0.0444177,1.34945,101,-0.197628,,,,,,,,90.134,-0.00221887,2.11633,89.446,0.0872796,1.69865
2010-03-01,217.353,0.0331368,2.28617,220.783,0.0235581,1.15921,101.1,0.0990099,,,,,,,,90.261,0.140901,2.37272,89.579,0.148693,1.77697
2010-04-01,217.403,0.0230041,2.20677,220.822,0.0176644,0.967509,101.4,0.296736,,99.9,,,,,,90.31,0.054287,2.28212,89.625,0.0513513,1.60297
2010-05-01,217.29,-0.0519772,2.00355,220.962,0.0633995,0.940138,101.6,0.197239,,100.2,0.3003,,,,,90.339,0.0321116,2.20847,89.724,0.11046,1.63686
2010-06-01,217.199,-0.0418795,1.12156,221.194,0.104995,0.950199,101.4,-0.19685,,100.1,-0.0998004,,,,,90.301,-0.0420638,1.56222,89.767,0.0479247,1.55557
2010-07-01,217.605,0.186925,1.34078,221.363,0.0764035,0.957754,101.6,0.197239,,100.3,0.1998,,,,,90.378,0.0852704,1.63739,89.769,0.00222799,1.47059
2010-08-01,217.923,0.146136,1.15018,221.509,0.065955,0.917101,101.8,0.19685,,100.3,0,,,,,90.502,0.137202,1.4824,89.855,0.0958014,1.41762
2010-09-01,218.275,0.161525,1.11831,221.711,0.0911927,0.814387,102.1,0.294695,,100.5,0.199402,,,,,90.592,0.0994453,1.41955,89.906,0.0567581,1.29683
2010-10-01,219.035,0.348185,1.1667,221.83,0.0536735,0.602718,102.5,0.391773,,100.6,0.0995025,,,,,90.881,0.319013,1.35842,90.043,0.152381,1.07878
2010-11-01,219.59,0.253384,1.08454,222.149,0.143804,0.672056,102.8,0.292683,2.59481,100.7,0.0994036,,,,,91.062,0.199162,1.3072,90.16,0.129938,1.12158
2010-12-01,220.472,0.401658,1.43779,222.343,0.0873288,0.661895,103.1,0.291829,2.79163,100.8,0.0993049,,,,,91.268,0.226219,1.47767,90.179,0.0210736,1.05675
2011-01-01,221.187,0.324304,1.70078,222.803,0.206888,0.983534,103.7,0.581959,2.47036,101.2,0.396825,,,,,91.542,0.300215,1.55987,90.372,0.214019,1.12344
2011-02-01,221.898,0.321447,2.1249,223.213,0.184019,1.12445,104.3,0.578592,3.26733,101.5,0.296443,,,,,91.797,0.278561,1.84503,90.53,0.174833,1.2119
2011-03-01,223.046,0.517355,2.61924,223.454,0.107969,1.20979,105,0.671141,3.85757,102,0.492611,,,,,92.166,0.401974,2.11055,90.667,0.151331,1.21457
2011-04-01,224.093,0.46941,3.07723,223.727,0.122173,1.31554,105.5,0.47619,4.04339,102.3,0.294118,2.4024,,,,92.557,0.424235,2.4881,90.875,0.229411,1.3947
2011-05-01,224.806,0.318171,3.45897,224.175,0.200244,1.4541,105.8,0.28436,4.13386,102.5,0.195503,2.29541,,,,92.838,0.303597,2.76625,91.091,0.237689,1.52356
2011-06-01,224.806,0,3.50232,224.697,0.232854,1.58368,105.9,0.094518,4.43787,102.7,0.195122,2.5974,,,,92.819,-0.0204658,2.78845,91.191,0.10978,1.58633
2011-07-01,225.395,0.262004,3.57988,225.218,0.231868,1.74148,106.1,0.188857,4.42913,102.9,0.194742,2.59222,,,,92.977,0.170224,2.8757,91.326,0.148041,1.73445
2011-08-01,226.106,0.315446,3.755,225.862,0.285945,1.96516,106.3,0.188501,4.42043,103.3,0.388727,2.99103,,,,93.196,0.235542,2.97673,91.508,0.199286,1.83963
2011-09-01,226.597,0.217155,3.81262,226.118,0.113344,1.98772,106.7,0.376294,4.50539,103.5,0.193611,2.98507,,,,93.327,0.140564,3.01903,91.57,0.0677536,1.85082
2011-10-01,226.75,0.0675208,3.52227,226.506,0.171592,2.10792,106.3,-0.374883,3.70732,103.2,-0.289855,2.58449,,,,93.329,0.002143,2.69363,91.614,0.0480507,1.74472
2011-11-01,227.169,0.184785,3.45143,226.899,0.173505,2.1382,106.6,0.28222,3.6965,103.4,0.193798,2.68123,,,,93.52,0.204652,2.69926,91.808,0.211758,1.82786
2011-12-01,227.223,0.0237708,3.06207,227.405,0.223007,2.27666,106.5,-0.0938086,3.29777,103.4,0,2.57937,,,,93.574,0.0577417,2.52662,91.96,0.165563,1.97496
2012-01-01,227.842,0.27242,3.00877,227.877,0.207559,2.27735,106.9,0.375587,3.08582,103.8,0.386847,2.56917,,,,93.894,0.341975,2.56931,92.235,0.299043,2.06148
2012-02-01,228.329,0.213745,2.89818,228.034,0.0688968,2.15982,107.2,0.280636,2.78044,104.1,0.289017,2.56158,,,,94.104,0.223656,2.51315,92.364,0.13986,2.02585
2012-03-01,228.807,0.209347,2.58288,228.478,0.194708,2.24834,107.4,0.186567,2.28571,104.3,0.192123,2.2549,,,,94.284,0.191278,2.29803,92.521,0.16998,2.04485
2012-04-01,229.187,0.166079,2.27316,228.905,0.186889,2.31443,107.7,0.27933,2.08531,104.6,0.287632,2.24829,,,,94.408,0.131518,1.99985,92.661,0.151317,1.96534
2012-05-01,228.713,-0.206818,1.73794,229.224,0.139359,2.25226,107.6,-0.0928505,1.70132,104.8,0.191205,2.2439,,,,94.302,-0.112279,1.57694,92.755,0.101445,1.82674
2012-06-01,228.524,-0.0826363,1.65387,229.623,0.174066,2.19229,107.3,-0.27881,1.322,104.7,-0.0954198,1.94742,,,,94.254,-0.0509003,1.54602,92.85,0.10242,1.81926
2012-07-01,228.59,0.028881,1.41751,229.97,0.151117,2.10996,107.2,-0.0931966,1.03676,104.6,-0.095511,1.65209,,,,94.288,0.0360727,1.41003,92.946,0.103393,1.77387
2012-08-01,229.918,0.580953,1.68593,230.233,0.114363,1.93525,107.5,0.279851,1.12888,104.5,-0.0956023,1.16167,,,,94.605,0.336204,1.51187,93.005,0.0634777,1.63592
2012-09-01,231.015,0.477127,1.94972,230.659,0.18503,2.00824,108.2,0.651163,1.40581,104.8,0.287081,1.25604,,,,94.893,0.304424,1.67797,93.119,0.122574,1.6916
2012-10-01,231.638,0.269679,2.15568,231.024,0.158242,1.99465,108.3,0.0924214,1.88147,104.9,0.0954198,1.64729,,,,95.174,0.296123,1.97688,93.345,0.2427,1.88945
2012-11-01,231.249,-0.167934,1.79602,231.33,0.132454,1.95285,108.4,0.0923361,1.68856,105.4,0.476644,1.93424,,,,95.109,-0.068296,1.6991,93.445,0.107129,1.78307
2012-12-01,231.221,-0.0121082,1.7595,231.725,0.170752,1.89969,108.4,0,1.78404,105.5,0.0948767,2.03095,,,,95.094,-0.0157714,1.62438,93.514,0.0738402,1.68987
2013-01-01,231.679,0.198079,1.68406,232.229,0.217499,1.9098,108.7,0.276753,1.68382,105.6,0.0947867,1.7341,,,,95.275,0.190338,1.47081,93.703,0.202109,1.59159
2013-02-01,232.937,0.542993,2.01814,232.569,0.146407,1.98874,108.9,0.183993,1.58582,105.6,0,1.44092,,,,95.614,0.355812,1.60461,93.805,0.108855,1.56013
2013-03-01,232.282,-0.281192,1.51875,232.794,0.0967455,1.88902,108.9,0,1.39665,105.8,0.189394,1.43816,,,,95.488,-0.13178,1.27699,93.891,0.0916795,1.48074
2013-04-01,231.797,-0.208798,1.13881,232.832,0.0163234,1.71556,108.7,-0.183655,0.928505,106,0.189036,1.33843,,,,95.391,-0.101583,1.04123,93.937,0.048993,1.37706
2013-05-01,231.893,0.0414155,1.39039,232.996,0.0704371,1.64555,108.6,-0.0919963,0.929368,105.7,-0.283019,0.858779,,,,95.461,0.0733822,1.22903,94.047,0.1171,1.39292
2013-06-01,232.445,0.238041,1.71579,233.35,0.151934,1.6231,109,0.368324,1.58434,106.1,0.37843,1.33715,,,,95.673,0.22208,1.50551,94.209,0.172254,1.46365
2013-07-01,232.9,0.195745,1.88547,233.88,0.227127,1.70022,109.2,0.183486,1.86567,106.4,0.282752,1.72084,,,,95.792,0.124382,1.59511,94.329,0.127376,1.48796
2013-08-01,233.456,0.238729,1.53881,234.336,0.194972,1.78211,109.3,0.0915751,1.67442,106.4,0,1.81818,100,,,95.934,0.148238,1.40479,94.431,0.108132,1.53325
2013-09-01,233.544,0.0376945,1.09473,234.7,0.155333,1.75194,109.3,0,1.01664,106.5,0.093985,1.62214,100.1,0.1,,95.976,0.0437801,1.14129,94.543,0.118605,1.52923
2013-10-01,233.669,0.0535231,0.876799,234.921,0.0941628,1.68684,109.5,0.182983,1.10803,106.7,0.187793,1.71592,100.3,0.1998,,96.103,0.132325,0.976107,94.703,0.169235,1.45482
2013-11-01,234.1,0.184449,1.23287,235.359,0.186446,1.74167,109.7,0.182648,1.19926,106.9,0.187441,1.42315,100.4,0.0997009,,96.246,0.148799,1.19547,94.86,0.165781,1.51426
2013-12-01,234.719,0.264417,1.51284,235.759,0.169953,1.74086,109.8,0.0911577,1.29151,106.9,0,1.32701,100.7,0.298805,,96.414,0.174553,1.3881,94.961,0.106473,1.54736
2014-01-01,235.288,0.242418,1.55776,235.961,0.0856807,1.60703,110.1,0.273224,1.28795,107.1,0.187091,1.42045,100.9,0.19861,,96.614,0.207439,1.40541,95.064,0.108466,1.45246
2014-02-01,235.547,0.110078,1.12047,236.185,0.0949309,1.55481,110.3,0.181653,1.28558,107.3,0.186741,1.60985,100.9,0,,96.66,0.0476121,1.09398,95.109,0.0473365,1.39012
2014-03-01,236.028,0.204206,1.61269,236.625,0.186295,1.64566,110.7,0.362647,1.65289,107.6,0.27959,1.70132,101.1,0.198216,,96.815,0.160356,1.3897,95.25,0.148251,1.44742
2014-04-01,236.468,0.186419,2.01513,237.072,0.188906,1.82106,110.8,0.0903342,1.93192,107.6,0,1.50943,101.3,0.197824,,96.987,0.177658,1.67311,95.413,0.171129,1.57127
2014-05-01,236.918,0.190301,2.16695,237.529,0.192768,1.94553,111,0.180505,2.20994,107.9,0.27881,2.08136,101.3,0,,97.147,0.164971,1.76617,95.574,0.16874,1.62366
2014-06-01,237.231,0.132113,2.05898,237.837,0.129668,1.92286,110.9,-0.0900901,1.74312,107.9,0,1.69651,101.4,0.0987167,,97.253,0.109113,1.65146,95.682,0.113001,1.56354
2014-07-01,237.498,0.112549,1.97424,238.195,0.150523,1.84496,111.3,0.360685,1.92308,108.4,0.463392,1.8797,101.5,0.0986193,,97.391,0.141898,1.66924,95.848,0.173491,1.61032
2014-08-01,237.46,-0.0160001,1.7151,238.405,0.0881631,1.7364,111.3,0,1.82983,108.4,0,1.8797,101.8,0.295567,1.8,97.379,-0.0123215,1.50624,95.885,0.0386028,1.53975
2014-09-01,237.477,0.0071591,1.68405,238.786,0.159812,1.74095,111.1,-0.179695,1.64684,108.3,-0.0922509,1.69014,101.8,0,1.6983,97.413,0.0349151,1.49725,96.013,0.133493,1.55485
2014-10-01,237.43,-0.0197914,1.60954,239.191,0.169608,1.81763,111.3,0.180018,1.64384,108.7,0.369344,1.87441,101.9,0.0982318,1.59521,97.384,-0.0297702,1.33294,96.096,0.0864466,1.47091
2014-11-01,236.983,-0.188266,1.23152,239.458,0.111626,1.74159,111.1,-0.179695,1.27621,108.7,0,1.68382,101.9,0,1.49402,97.291,-0.0954982,1.08576,96.181,0.0884532,1.39258
2014-12-01,236.252,-0.308461,0.653121,239.584,0.0526188,1.62242,110.8,-0.270027,0.910747,108.9,0.183993,1.87091,102,0.0981354,1.29096,97.12,-0.175761,0.732259,96.249,0.0707,1.35635
2015-01-01,234.747,-0.637032,-0.229931,239.811,0.0947476,1.63163,110.1,-0.631769,0,108.9,0,1.68067,101.9,-0.0980392,0.99108,96.654,-0.479819,0.0414019,96.214,-0.036364,1.20971
2015-02-01,235.342,0.253464,-0.0870315,240.172,0.150535,1.68808,109.6,-0.454133,-0.634633,108.5,-0.367309,1.11836,101.8,-0.0981354,0.891972,96.825,0.17692,0.170701,96.324,0.114328,1.27748
2015-03-01,235.976,0.269395,-0.0220313,240.755,0.242743,1.74538,109.8,0.182482,-0.813008,108.6,0.0921659,0.929368,101.8,0,0.692384,97.008,0.189001,0.199349,96.47,0.151572,1.28084
2015-04-01,236.222,0.104248,-0.104031,241.346,0.245478,1.80283,109.6,-0.182149,-1.08303,108.6,0,0.929368,102,0.196464,0.691017,97.094,0.0886525,0.110324,96.648,0.184513,1.29437
2015-05-01,237.001,0.329775,0.0350332,241.688,0.141705,1.75094,110,0.364964,-0.900901,108.7,0.092081,0.741427,102.1,0.0980392,0.789733,97.327,0.239974,0.185286,96.766,0.122093,1.2472
2015-06-01,237.657,0.276792,0.179572,242.064,0.155572,1.77727,110.3,0.272727,-0.541028,109,0.275989,1.01946,102.3,0.195886,0.887574,97.516,0.194191,0.270429,96.882,0.119877,1.25415
2015-07-01,238.034,0.158632,0.225686,242.565,0.20697,1.83463,110.5,0.181324,-0.718778,109.2,0.183486,0.738007,102.3,0,0.788177,97.605,0.0912671,0.219733,96.978,0.0990896,1.17895
2015-08-01,238.033,-0.000420108,0.241304,242.817,0.10389,1.85063,110.3,-0.180995,-0.898473,109.2,0,0.738007,102.4,0.0977517,0.589391,97.612,0.00717176,0.239271,97.056,0.0804306,1.22125
2015-09-01,237.498,-0.224759,0.00884296,243.316,0.205505,1.8971,109.9,-0.362647,-1.08011,109.1,-0.0915751,0.738689,102.3,-0.0976563,0.491159,97.477,-0.138303,0.0656996,97.196,0.144247,1.23212
2015-10-01,237.733,0.0989482,0.127617,243.768,0.185767,1.91353,109.6,-0.272975,-1.5274,108.9,-0.183318,0.183993,102.1,-0.195503,0.196271,97.477,0,0.0954982,97.228,0.0329232,1.17799
2015-11-01,238.017,0.119462,0.436318,244.241,0.194037,1.99743,109.7,0.0912409,-1.26013,109,0.0918274,0.275989,102.2,0.0979432,0.294406,97.538,0.0625789,0.253878,97.332,0.106965,1.1967
2015-12-01,237.761,-0.107555,0.638725,244.547,0.125286,2.07151,109.6,-0.0911577,-1.08303,109.2,0.183486,0.275482,102.3,0.0978474,0.294118,97.456,-0.0840698,0.345964,97.396,0.0657543,1.1917
2016-01-01,237.652,-0.0458444,1.2375,244.955,0.166839,2.14502,110,0.364964,-0.0908265,109.8,0.549451,0.826446,102.7,0.391007,0.785083,97.496,0.0410442,0.871149,97.567,0.175572,1.40624
2016-02-01,237.336,-0.132968,0.847278,245.51,0.226572,2.22257,109.7,-0.272727,0.0912409,109.8,0,1.19816,102.7,0,0.884086,97.445,-0.0523098,0.64033,97.736,0.173214,1.46589
2016-03-01,238.08,0.31348,0.891616,245.913,0.164148,2.14243,109.7,0,-0.0910747,109.7,-0.0910747,1.01289,102.8,0.097371,0.982318,97.673,0.233978,0.68551,97.876,0.143243,1.45745
2016-04-01,238.992,0.383065,1.17263,246.551,0.259441,2.15665,109.9,0.182315,0.273723,109.9,0.182315,1.19705,103,0.194553,0.980392,97.993,0.327624,0.925907,98.117,0.24623,1.51995
2016-05-01,239.557,0.23641,1.07848,247.137,0.237679,2.25456,110.1,0.181984,0.0909091,109.9,0,1.10396,103,0,0.881489,98.153,0.163277,0.848685,98.284,0.170205,1.56873
2016-06-01,240.222,0.277596,1.07929,247.54,0.163067,2.26221,110.6,0.454133,0.271985,110.3,0.363967,1.19266,103.2,0.194175,0.879765,98.325,0.175237,0.829607,98.386,0.103781,1.5524
2016-07-01,240.101,-0.0503701,0.868363,247.829,0.116749,2.17014,110.5,-0.0904159,0,110.2,-0.0906618,0.915751,103.4,0.193798,1.07527,98.342,0.0172896,0.755084,98.529,0.145346,1.59933
2016-08-01,240.545,0.184922,1.05532,248.423,0.239681,2.30873,110.3,-0.180995,0,110.2,0,0.915751,103.5,0.0967118,1.07422,98.479,0.13931,0.88821,98.703,0.176598,1.69696
2016-09-01,241.176,0.262321,1.54864,248.842,0.168664,2.27112,110.6,0.271985,0.636943,110.4,0.181488,1.19157,103.6,0.0966184,1.27077,98.666,0.189888,1.21977,98.834,0.132721,1.68525
2016-10-01,241.741,0.234269,1.68592,249.142,0.120558,2.20456,110.9,0.271248,1.18613,110.5,0.0905797,1.46924,103.7,0.0965251,1.56709,98.868,0.204731,1.427,98.961,0.128498,1.78241
2016-11-01,242.026,0.117895,1.68433,249.481,0.136067,2.14542,111.1,0.180343,1.27621,110.8,0.271493,1.65138,103.9,0.192864,1.66341,98.901,0.0333778,1.3974,99.005,0.044462,1.71886
2016-12-01,242.637,0.252452,2.0508,249.92,0.175965,2.19712,111.4,0.270027,1.64234,110.9,0.0902527,1.55678,104.1,0.192493,1.75953,99.071,0.171889,1.65716,99.12,0.116156,1.77009
2017-01-01,243.618,0.404308,2.51039,250.467,0.21887,2.25021,111.9,0.448833,1.72727,111.3,0.360685,1.36612,104.4,0.288184,1.65531,99.451,0.383563,2.00521,99.385,0.267353,1.86333
2017-02-01,244.006,0.159266,2.81036,250.998,0.212004,2.23535,111.9,0,2.00547,111.2,-0.0898473,1.27505,104.5,0.0957854,1.75268,99.586,0.135745,2.19714,99.561,0.177089,1.86728
2017-03-01,243.892,-0.0467202,2.4412,250.944,-0.0215141,2.04585,112.1,0.178731,2.18778,111.4,0.179856,1.54968,104.6,0.0956938,1.75097,99.535,-0.051212,1.90636,99.519,-0.0421852,1.67865
2017-04-01,244.193,0.123415,2.17622,251.227,0.112774,1.89657,112.6,0.44603,2.45678,111.9,0.448833,1.81984,105.1,0.478011,2.03883,99.725,0.190888,1.76747,99.723,0.204986,1.63682
2017-05-01,244.004,-0.0773978,1.85634,251.43,0.0808034,1.73709,112.5,-0.0888099,2.17984,112.2,0.268097,2.09281,105.2,0.0951475,2.13592,99.682,-0.0431186,1.55777,99.803,0.0802222,1.54552
2017-06-01,244.163,0.0651629,1.64057,251.746,0.125681,1.69912,112.6,0.0888889,1.80832,112.3,0.0891266,1.81324,105.4,0.190114,2.13178,99.766,0.084268,1.46555,99.937,0.134265,1.57644
2017-07-01,244.243,0.032765,1.72511,251.985,0.094937,1.67696,112.7,0.0888099,1.99095,112.4,0.0890472,1.99637,105.5,0.0948767,2.03095,99.803,0.0370868,1.48563,100.01,0.073046,1.50311
2017-08-01,245.183,0.384863,1.92812,252.535,0.218267,1.65524,113.1,0.354925,2.53853,112.6,0.177936,2.17786,105.6,0.0947867,2.02899,100.027,0.224442,1.57191,100.118,0.107989,1.43359
2017-09-01,246.435,0.510639,2.18057,252.812,0.109688,1.59539,113.5,0.353669,2.62206,112.7,0.0888099,2.08333,105.8,0.189394,2.12355,100.4,0.372899,1.75744,100.24,0.121856,1.42259
2017-10-01,246.626,0.0775052,2.02076,253.526,0.282423,1.75964,113.9,0.352423,2.70514,113.2,0.443656,2.44344,106.1,0.283554,2.31437,100.531,0.130478,1.68204,100.486,0.245411,1.54101
2017-11-01,247.284,0.266801,2.17249,253.816,0.114387,1.73761,114.3,0.351185,2.88029,113.4,0.176678,2.34657,106.4,0.282752,2.40616,100.675,0.143239,1.79371,100.535,0.048763,1.54538
2017-12-01,247.805,0.210689,2.12993,254.344,0.208025,1.77017,114.4,0.0874891,2.693,113.4,0,2.25428,106.5,0.093985,2.30548,100.821,0.145021,1.76641,100.683,0.147212,1.57688
2018-01-01,248.859,0.425334,2.15132,255.204,0.338125,1.89127,114.8,0.34965,2.5916,113.8,0.352734,2.24618,107,0.469484,2.49042,101.199,0.374922,1.75765,101.007,0.321802,1.63204
2018-02-01,249.529,0.269229,2.26347,255.711,0.198665,1.8777,115.1,0.261324,2.8597,114,0.175747,2.51799,107.3,0.280374,2.67943,101.416,0.214429,1.83761,101.198,0.189096,1.64422
2018-03-01,249.577,0.0192362,2.33095,256.271,0.218997,2.12278,115.3,0.173762,2.85459,114.4,0.350877,2.693,107.7,0.372787,2.96367,101.524,0.106492,1.99829,101.419,0.218384,1.90918
2018-04-01,250.227,0.260441,2.471,256.63,0.140086,2.15064,115.5,0.173461,2.57549,114.5,0.0874126,2.3235,107.8,0.0928505,2.56898,101.766,0.238367,2.04663,101.602,0.18044,1.88422
2018-05-01,250.792,0.225795,2.78192,257.145,0.200678,2.273,115.9,0.34632,3.02222,114.8,0.262009,2.31729,108,0.185529,2.6616,101.941,0.171963,2.26621,101.78,0.175193,1.9809
2018-06-01,251.018,0.0901145,2.80755,257.399,0.098777,2.24552,116.3,0.345125,3.28597,115.3,0.43554,2.67142,108.3,0.277778,2.75142,102.029,0.0863244,2.26831,101.872,0.090391,1.93622
2018-07-01,251.214,0.078082,2.85412,257.699,0.116551,2.2676,116.4,0.0859845,3.28305,115.5,0.173461,2.75801,108.7,0.369344,3.03318,102.137,0.105852,2.33861,102.006,0.131538,1.9958
2018-08-01,251.663,0.178732,2.64292,257.891,0.0745055,2.12089,116.5,0.0859107,3.00619,115.5,0,2.57549,108.8,0.0919963,3.0303,102.208,0.0695145,2.18041,102.016,0.00980334,1.89576
2018-09-01,252.182,0.206228,2.33206,258.368,0.184962,2.19768,116.7,0.171674,2.81938,115.6,0.0865801,2.5732,109.1,0.275735,3.11909,102.418,0.205463,2.00996,102.205,0.185265,1.9603
2018-10-01,252.772,0.233958,2.49203,258.917,0.212488,2.12641,117.5,0.685518,3.16067,116.4,0.692042,2.82686,109.4,0.274977,3.11027,102.595,0.172821,2.0531,102.366,0.157527,1.87091
2018-11-01,252.594,-0.0704192,2.14733,259.439,0.201609,2.21538,117.4,-0.0851064,2.71216,116.6,0.171821,2.82187,109.6,0.182815,3.00752,102.63,0.0341147,1.94189,102.556,0.185609,2.01025
2018-12-01,252.767,0.0684894,2.00238,260.063,0.240519,2.24853,117.4,0,2.62238,116.7,0.0857633,2.91005,109.6,0,2.9108,102.701,0.0691806,1.86469,102.735,0.174539,2.03808
2019-01-01,252.561,-0.081498,1.48759,260.766,0.270319,2.17943,117,-0.340716,1.91638,116.7,0,2.54833,109.8,0.182482,2.61682,102.648,-0.0516061,1.43183,102.87,0.131406,1.84443
2019-02-01,253.319,0.300126,1.51886,261.186,0.161064,2.14109,117.2,0.17094,1.8245,116.9,0.17138,2.54386,109.9,0.0910747,2.42311,102.836,0.18315,1.40017,102.963,0.0904054,1.74411
2019-03-01,254.277,0.378179,1.88319,261.567,0.145873,2.06656,117.6,0.341297,1.9948,117,0.0855432,2.27273,110.1,0.181984,2.22841,103.069,0.226574,1.52181,103.058,0.0922662,1.61607
2019-04-01,255.233,0.375968,2.00058,261.997,0.164394,2.09134,118.2,0.510204,2.33766,117.5,0.42735,2.62009,110.4,0.27248,2.41187,103.36,0.282335,1.56634,103.265,0.200858,1.63678
2019-05-01,255.296,0.0246833,1.79591,262.217,0.0839704,1.97243,118.3,0.0846024,2.07075,117.7,0.170213,2.52613,110.6,0.181159,2.40741,103.435,0.0725619,1.46555,103.371,0.102649,1.56318
2019-06-01,255.213,-0.0325113,1.67119,262.739,0.199072,2.0746,118.2,-0.0845309,1.63371,117.7,0,2.08153,110.6,0,2.12373,103.484,0.0473727,1.42607,103.56,0.182837,1.65698
2019-07-01,255.802,0.230788,1.82633,263.28,0.205908,2.1657,118.5,0.253807,1.80412,118,0.254885,2.1645,110.8,0.180832,1.93192,103.622,0.133354,1.45393,103.678,0.113944,1.63912
2019-08-01,256.036,0.091477,1.73764,263.877,0.226755,2.32114,118.6,0.0843882,1.80258,118.2,0.169492,2.33766,110.9,0.0902527,1.93015,103.67,0.0463222,1.43042,103.797,0.114778,1.7458
2019-09-01,256.43,0.153885,1.6845,264.388,0.193651,2.33001,118.3,-0.252951,1.37104,117.9,-0.253807,1.98962,110.9,0,1.64986,103.733,0.0607698,1.28395,103.873,0.0732198,1.63201
2019-10-01,257.155,0.282728,1.73397,264.97,0.220131,2.33781,118.8,0.422654,1.10638,118.2,0.254453,1.54639,110.9,0,1.37112,103.917,0.177378,1.28856,104.028,0.149221,1.62359
2019-11-01,257.879,0.281542,2.09229,265.548,0.218138,2.3547,118.6,-0.16835,1.02215,118,-0.169205,1.20069,111,0.0901713,1.27737,104.024,0.102967,1.35828,104.092,0.0615219,1.49772
2019-12-01,258.63,0.291222,2.31953,266.02,0.177746,2.2906,119,0.337268,1.36286,118.2,0.169492,1.28535,111.2,0.18018,1.45985,104.307,0.272053,1.56376,104.322,0.220958,1.54475
2020-01-01,259.127,0.192166,2.59977,266.716,0.261634,2.28174,119.2,0.168067,1.88034,118.6,0.338409,1.62811,111.5,0.269784,1.54827,104.49,0.175444,1.79448,104.507,0.177336,1.59133
2020-02-01,259.25,0.0474671,2.34132,267.37,0.245205,2.36766,118.6,-0.503356,1.19454,118.2,-0.337268,1.11206,111.4,-0.0896861,1.36488,104.573,0.0794334,1.6891,104.711,0.195202,1.6977
2020-03-01,258.076,-0.452845,1.49404,267.054,-0.118188,2.09774,118,-0.505902,0.340136,118.3,0.0846024,1.11111,111.2,-0.179533,0.999092,104.271,-0.288793,1.16621,104.632,-0.0754458,1.5273
2020-04-01,256.032,-0.792015,0.313047,265.746,-0.489789,1.43093,116.6,-1.18644,-1.35364,117.9,-0.338123,0.340426,110.3,-0.809353,-0.0905797,103.838,-0.415264,0.462461,104.293,-0.323993,0.995497
2020-05-01,255.802,-0.0898325,0.198201,265.412,-0.125684,1.21846,117.2,0.51458,-0.929839,117.9,0,0.169924,110.4,0.0906618,-0.180832,103.942,0.100156,0.490163,104.402,0.104513,0.997378
2020-06-01,257.042,0.48475,0.716656,265.849,0.16465,1.18368,117.5,0.255973,-0.592217,118.1,0.169635,0.339847,110.6,0.181159,0,104.27,0.315561,0.759538,104.565,0.156127,0.970452
2020-07-01,258.352,0.509644,0.996865,267.389,0.579276,1.5607,118.2,0.595745,-0.253165,118.7,0.508044,0.59322,111,0.361664,0.180505,104.578,0.295387,0.922584,104.937,0.35576,1.21434
2020-08-01,259.316,0.373134,1.28107,268.422,0.386329,1.72239,118.4,0.169205,-0.168634,118.8,0.084246,0.507614,111.3,0.27027,0.360685,104.87,0.279217,1.15752,105.243,0.291604,1.3931
2020-09-01,259.997,0.262614,1.39102,268.933,0.190372,1.71906,118.8,0.337838,0.422654,119.1,0.252525,1.01781,111.8,0.449236,0.811542,105.057,0.178316,1.27635,105.41,0.15868,1.47969
2020-10-01,260.319,0.123848,1.23039,269.306,0.138696,1.63641,119.4,0.505051,0.505051,119.7,0.503778,1.26904,112,0.178891,0.991885,105.151,0.0894752,1.18749,105.507,0.0920216,1.42173
2020-11-01,260.911,0.227413,1.17575,269.981,0.250644,1.66938,119.5,0.0837521,0.758853,119.7,0,1.44068,112.2,0.178571,1.08108,105.258,0.101758,1.18626,105.605,0.0928848,1.45352
2020-12-01,262.045,0.434631,1.32042,270.341,0.133343,1.62431,120,0.41841,0.840336,119.9,0.167084,1.43824,112.6,0.356506,1.25899,105.699,0.418971,1.33452,105.896,0.275555,1.50879
2021-01-01,262.687,0.244996,1.37384,270.387,0.0170155,1.37637,121.2,1,1.67785,120.9,0.834028,1.93929,113.6,0.888099,1.88341,106.147,0.423845,1.5858,106.281,0.363564,1.69749
2021-02-01,263.579,0.339568,1.66982,270.793,0.150155,1.28025,122,0.660066,2.86678,121.3,0.330852,2.62267,114,0.352113,2.33393,106.5,0.332558,1.84273,106.501,0.206998,1.70947
2021-03-01,264.961,0.524321,2.66782,271.459,0.245944,1.64948,122.8,0.655738,4.0678,121.9,0.494641,3.04311,114.7,0.614035,3.14748,107.054,0.520188,2.66901,106.933,0.40563,2.19914
2021-04-01,266.614,0.623865,4.13308,273.66,0.810804,2.97803,124,0.977199,6.34648,123.2,1.06645,4.49534,115.6,0.784656,4.80508,107.618,0.526837,3.64029,107.558,0.584478,3.1306
2021-05-01,268.383,0.663506,4.91826,275.465,0.659578,3.7877,125.3,1.04839,6.91126,124.2,0.811688,5.34351,116.2,0.519031,5.25362,108.175,0.517571,4.07246,108.099,0.502984,3.54112
2021-06-01,270.654,0.846179,5.29563,277.651,0.793567,4.43936,126.2,0.718276,7.40426,124.9,0.563607,5.75783,116.8,0.516351,5.60579,108.76,0.54079,4.30613,108.603,0.466239,3.86171
2021-07-01,271.903,0.461475,5.24517,278.648,0.359084,4.21072,127.486,1.01902,7.85618,126.26,1.08887,6.369,117.759,0.821062,6.08919,109.256,0.45605,4.47322,109.058,0.418957,3.92712
2021-08-01,272.676,0.284293,5.15202,278.997,0.125248,3.93969,128.603,0.876175,8.6174,127.256,0.788848,7.11785,118.256,0.422048,6.24978,109.674,0.382588,4.58091,109.409,0.321847,3.95846
2021-09-01,273.91,0.452552,5.35122,279.698,0.251257,4.00286,129.226,0.484437,8.77609,127.482,0.177595,7.03778,118.59,0.282438,6.07335,110.034,0.328246,4.73743,109.641,0.212048,4.01385
2021-10-01,276.55,0.96382,6.23504,281.668,0.704331,4.59032,130.045,0.633773,8.91541,128.052,0.447122,6.97744,119.015,0.358378,6.26339,110.762,0.661614,5.33614,110.188,0.498901,4.43667
2021-11-01,278.919,0.856626,6.90197,283.406,0.617038,4.97257,131.475,1.09962,10.0209,129.39,1.04489,8.09524,120.045,0.865437,6.99198,111.5,0.666293,5.93019,110.77,0.528188,4.89087
2021-12-01,280.845,0.690523,7.17434,285.18,0.625957,5.48899,132.26,0.597072,10.2167,130.267,0.677796,8.64637,120.519,0.394852,7.03286,112.191,0.619731,6.14197,111.418,0.584996,5.21455
2022-01-01,282.543,0.604604,7.55881,286.757,0.552984,6.05429,133.529,0.959474,10.1724,131.327,0.813713,8.62448,121.376,0.711091,6.84507,112.805,0.547281,6.27243,111.976,0.500817,5.35844
2022-02-01,284.5,0.692638,7.93728,288.273,0.528671,6.45512,134.771,0.930135,10.468,132.104,0.591653,8.90684,121.685,0.254581,6.74123,113.471,0.590399,6.54554,112.468,0.43938,5.60276
2022-03-01,287.674,1.11564,8.5722,289.056,0.271618,6.48238,137.037,1.68137,11.5936,133.695,1.20435,9.67596,122.768,0.890003,7.034,114.469,0.87952,6.92641,112.914,0.396557,5.59322
2022-04-01,288.561,0.308335,8.23175,290.514,0.504401,6.15874,137.773,0.537081,11.1073,134.28,0.437563,8.99351,123.388,0.505018,6.73702,114.812,0.299644,6.68476,113.307,0.348053,5.34502
2022-05-01,291.298,0.9485,8.53817,292.063,0.533193,6.02545,139.013,0.900031,10.9441,134.904,0.464701,8.61836,124.011,0.504911,6.72203,115.525,0.621015,6.79455,113.703,0.349493,5.18414
2022-06-01,294.957,1.2561,8.97936,294.05,0.680333,5.90634,140.273,0.90639,11.1513,135.297,0.291318,8.32426,124.35,0.273363,6.46404,116.638,0.963428,7.24347,114.376,0.591893,5.31569
2022-07-01,294.913,-0.0149174,8.46258,295.088,0.353001,5.89992,139.837,-0.310822,9.68812,135.872,0.424991,7.61286,124.596,0.197829,5.80593,116.631,-0.00600147,6.7502,114.628,0.220326,5.10737
2022-08-01,295.097,0.0623913,8.22258,296.535,0.490362,6.28609,139.755,-0.0586397,8.67165,136.441,0.418776,7.21773,124.944,0.279303,5.65553,116.956,0.278657,6.63968,115.276,0.565307,5.36245
2022-09-01,296.349,0.424267,8.19211,298.226,0.570253,6.62429,140.2,0.318414,8.4921,136.643,0.148049,7.18611,125.293,0.279325,5.65225,117.371,0.354834,6.66794,115.788,0.444151,5.60648
2022-10-01,298.007,0.559475,7.75881,299.399,0.393326,6.295,140.681,0.343081,8.17871,136.926,0.207109,6.93,125.487,0.154837,5.43797,117.919,0.466896,6.4616,116.204,0.359277,5.45976
2022-11-01,298.786,0.261403,7.12286,300.325,0.309286,5.96988,141.16,0.340487,7.36642,137.503,0.421395,6.27019,125.953,0.371353,4.92149,118.224,0.258652,6.03049,116.539,0.288286,5.20809
2022-12-01,298.832,0.0153956,6.4046,301.394,0.355948,5.68553,140.694,-0.330122,6.37683,137.696,0.140361,5.7029,126.136,0.145292,4.66068,118.384,0.135336,5.52005,116.952,0.354388,4.96688
2023-01-01,300.42,0.531402,6.32718,302.642,0.414076,5.53953,141.203,0.361778,5.74707,137.924,0.165582,5.02334,126.728,0.469335,4.40944,119.018,0.535545,5.50773,117.505,0.472844,4.93767
2023-02-01,301.45,0.342853,5.95782,304.123,0.489357,5.49826,141.135,-0.0481576,4.72208,138.279,0.257388,4.67435,127.174,0.351935,4.51083,119.369,0.294913,5.1978,117.929,0.360836,4.8556
2023-03-01,301.821,0.123072,4.91772,305.147,0.336706,5.56674,140.736,-0.282708,2.69927,138.213,-0.0477296,3.37933,127.318,0.113231,3.70618,119.538,0.141578,4.42827,118.315,0.327316,4.78329
2023-04-01,302.845,0.339274,4.95008,306.534,0.454535,5.51436,140.934,0.140689,2.29435,138.508,0.213439,3.14864,127.546,0.179079,3.36986,119.951,0.345497,4.47601,118.734,0.354139,4.78964
2023-05-01,303.334,0.161469,4.13185,307.652,0.364723,5.33755,140.614,-0.227057,1.15169,138.671,0.117683,2.79236,127.58,0.026657,2.87797,120.15,0.165901,4.00346,119.083,0.293934,4.73163
2023-06-01,304.014,0.224175,3.07062,308.322,0.217779,4.8536,140.698,0.059738,0.302981,138.702,0.0223551,2.51669,127.903,0.253174,2.85726,120.469,0.265501,3.28452,119.39,0.257803,4.38379
2023-07-01,304.609,0.195715,3.28775,308.96,0.206927,4.70097,141.485,0.559354,1.17851,139.562,0.620034,2.71579,128.188,0.222825,2.88292,120.607,0.114552,3.40904,119.556,0.13904,4.29912
2023-08-01,306.082,0.483571,3.7225,309.58,0.200673,4.39914,142.409,0.653073,1.89904,139.839,0.198478,2.49045,128.536,0.271476,2.87489,120.97,0.300978,3.43206,119.689,0.111245,3.8282
2023-09-01,307.276,0.390092,3.68721,310.539,0.309775,4.12875,142.744,0.235238,1.81455,139.819,-0.0143022,2.3243,128.923,0.301083,2.89721,121.419,0.371166,3.44889,120.058,0.308299,3.68777
2023-10-01,307.696,0.136685,3.25127,311.457,0.295615,4.0274,142.249,-0.346775,1.11458,139.884,0.0464887,2.16029,128.986,0.0488664,2.78834,121.484,0.0535336,3.02326,120.241,0.152426,3.47406
2023-11-01,308.148,0.146898,3.13335,312.392,0.300202,4.01798,142.334,0.0597544,0.83168,140.182,0.213034,1.94832,129.141,0.120168,2.5311,121.493,0.00740838,2.76509,120.374,0.110611,3.29074
2023-12-01,308.741,0.19244,3.31591,313.195,0.257049,3.91547,142.165,-0.118735,1.04553,140.138,-0.0313878,1.77347,129.567,0.329872,2.72008,121.66,0.137456,2.76727,120.592,0.181102,3.11239
2024-01-01,309.698,0.309969,3.08834,314.319,0.358882,3.85835,142.576,0.289101,0.972359,140.679,0.386048,1.99748,130.175,0.469255,2.72,122.23,0.468519,2.69875,121.217,0.518277,3.15901
2024-02-01,310.967,0.409754,3.15707,315.564,0.396094,3.76196,143.356,0.547077,1.57367,141.179,0.355419,2.09721,130.666,0.377185,2.74584,122.598,0.301072,2.70506,121.537,0.263989,3.05947
2024-03-01,312.345,0.443134,3.48683,316.792,0.389145,3.81619,143.521,0.115098,1.97888,141.347,0.118998,2.26751,130.98,0.240307,2.87626,123.038,0.358897,2.92794,122.009,0.388359,3.12217
2024-04-01,313.023,0.217068,3.3608,317.649,0.270525,3.62603,144.197,0.471011,2.31527,142.038,0.488868,2.54859,131.634,0.499313,3.20512,123.341,0.246265,2.82615,122.304,0.241785,3.00672
2024-05-01,313.175,0.0485587,3.24428,318.095,0.140407,3.39442,144.224,0.0187244,2.56731,142.411,0.262606,2.69703,131.911,0.210432,3.39473,123.348,0.00567532,2.66167,122.383,0.0645931,2.77118
2024-06-01,313.044,-0.0418296,2.97026,318.39,0.0927396,3.26542,144.869,0.447221,2.96451,143.263,0.598268,3.28834,132.21,0.226668,3.3674,123.539,0.154846,2.54837,122.677,0.240229,2.75316
2024-07-01,313.569,0.167708,2.94148,318.94,0.172744,3.23019,144.922,0.0365848,2.42923,143.186,-0.0537473,2.5967,132.712,0.379699,3.52919,123.736,0.159464,2.59438,122.911,0.190745,2.80622
2024-08-01,314.062,0.157222,2.60714,319.75,0.253966,3.2851,145.409,0.336043,2.10661,143.81,0.435797,2.83969,133.04,0.247152,3.50408,123.889,0.12365,2.41299,123.128,0.176551,2.87328
2024-09-01,314.732,0.213334,2.42648,320.732,0.307115,3.28236,145.803,0.27096,2.143,144.442,0.439469,3.30642,133.296,0.192423,3.39195,124.164,0.221973,2.26077,123.466,0.274511,2.83863
2024-10-01,315.631,0.28564,2.57884,321.731,0.311475,3.29869,146.294,0.336756,2.84361,144.913,0.326082,3.59512,133.598,0.226563,3.57558,124.494,0.265778,2.47769,123.832,0.296438,2.9865
2024-11-01,316.528,0.284193,2.71947,322.657,0.287818,3.28594,146.447,0.104584,2.88968,144.908,-0.00345035,3.37133,133.767,0.126499,3.58213,124.637,0.114865,2.5878,123.962,0.104981,2.98071
2024-12-01,317.604,0.339938,2.87069,323.259,0.186576,3.21333,147.052,0.413119,3.43755,145.369,0.318133,3.73275,134.19,0.316221,3.56804,124.979,0.274397,2.72809,124.196,0.188768,2.98859
2025-01-01,318.961,0.427262,2.99098,324.638,0.426593,3.28297,147.975,0.627669,3.78675,146.179,0.557203,3.90961,134.752,0.418809,3.51604,125.417,0.350459,2.60738,124.587,0.314825,2.78014
2025-02-01,319.679,0.225106,2.80158,325.465,0.254745,3.13756,148.233,0.174354,3.40202,146.429,0.171023,3.71868,135.318,0.420031,3.56022,125.921,0.401859,2.71048,125.145,0.44788,2.96864
2025-03-01,319.785,0.0331583,2.38198,325.69,0.0691319,2.80878,148.055,-0.120081,3.15912,146.691,0.178926,3.78077,135.487,0.124891,3.44098,125.941,0.015883,2.35943,125.267,0.0974869,2.67029
2025-04-01,320.302,0.161671,2.32539,326.467,0.23857,2.77602,147.655,-0.27017,2.39811,146.385,-0.208602,3.06045,135.243,-0.180091,2.74169,126.15,0.165951,2.27743,125.502,0.187599,2.6148
2025-05-01,320.62,0.0992813,2.37727,326.893,0.130488,2.76584,148.153,0.337273,2.72423,146.947,0.383919,3.18515,135.432,0.139748,2.66922,126.38,0.182323,2.45809,125.79,0.229478,2.78388
2025-06-01,321.435,0.254195,2.68045,327.658,0.234022,2.9109,148.393,0.161995,2.43254,147.115,0.114327,2.68876,135.631,0.146937,2.58755,126.743,0.287229,2.59351,126.121,0.263137,2.80737
2025-07-01,322.169,0.228351,2.74262,328.682,0.312521,3.05449,149.597,0.811359,3.22587,148.281,0.792577,3.55831,136.554,0.680523,2.89499,126.96,0.171213,2.60555,126.43,0.245003,2.86305
2025-08-01,323.291,0.348264,2.93859,329.7,0.309722,3.11181,149.327,-0.180485,2.69447,148.001,-0.188831,2.91426,137.021,0.341989,2.99233,127.293,0.262287,2.74762,126.714,0.22463,2.91242
2025-09-01,324.245,0.29509,3.02257,330.418,0.217774,3.01997,150.245,0.614758,3.04658,148.767,0.517564,2.99428,137.328,0.224053,3.02485,127.625,0.260816,2.78744,126.954,0.189403,2.82507
2025-10-01,,,,,,,150.439,0.129122,2.83334,149.219,0.303831,2.97144,138.201,0.635704,3.44541,127.871,0.192752,2.71258,127.243,0.227642,2.75454
2025-11-01,325.063,,2.69644,331.043,,2.59904,151.054,0.408804,3.14585,149.594,0.251308,3.23378,138.574,0.269897,3.59356,128.152,0.219753,2.82019,127.469,0.177613,2.82909
2025-12-01,326.031,0.297788,2.6533,331.814,0.2329,2.64648,151.592,0.356164,3.08734,150.35,0.505368,3.42645,138.768,0.139997,3.41158,128.576,0.330857,2.87808,127.886,0.327138,2.97111
2026-01-01,326.588,0.170843,2.3912,332.793,0.295045,2.51203,152.435,0.556098,3.01402,151.577,0.816096,3.69273,139.434,0.479938,3.47453,129.002,0.331322,2.85846,128.432,0.426943,3.0862
2026-02-01,327.46,0.267003,2.434,333.512,0.21605,2.47246,153.3,0.567455,3.41827,152.135,0.36813,3.89677,140.148,0.51207,3.56937,129.52,0.401544,2.85814,128.94,0.39554,3.03248
2026-03-01,330.293,0.865144,3.28596,334.165,0.195795,2.60217,154.372,0.699282,4.26666,152.481,0.22743,3.94707,140.447,0.213346,3.66087,130.381,0.664762,3.52546,129.321,0.295486,3.23629
2026-04-01,332.407,0.640038,3.77925,335.423,0.376461,2.74331,156.496,1.3759,5.98761,154.056,1.03292,5.24029,141.242,0.56605,4.43572,130.902,0.399598,3.76694,129.63,0.23894,3.28919
